"PRODUCT_ID","TITLE","DESCRIPTION"
40662,기업간 특허 피인용 통계,해당 상품은 한국특허에서 분석하고자 하는 기업간의 피인용 통계 데이터입니다.
40661,기술분야별 기업간 특허 피인용 통계,"해당 상품은 한국특허에서 디스플레이, 반도체, 에너지, 제약, 통신 기술분야별 권리자의 피인용 통계 데이터입니다."
40660,화장품 분야 특허의 목적과 해결수단 표현 데이터,"해당 상품은 화장품 분야 미국특허에서 주요 세부기술(미백, 항노화, 모발, 항염증/피부개선, 향료)별 트렌드 분석을 위하여 해당 특허의 소재/효능/성분/제형 등의 데이터에 관한 내용입니다."
40659,축제 인파 모니터링 용 실시간 유동인구  ,축제지 주변 (폴리곤 설정) 실시간 유동인구  
40658,[2024-12호] NH트렌드+ 욜로(YOLO)가고 요노(YONO)온다!,NH트렌드+는 NH농협은행의 데이터를 통해 사회 이슈와 트렌드를 알아보는 리포트입니다.
40657,[샘플] 24년 지역 주력산업 특허 데이터 - 광주편,"24년 광주 지역 주력산업별 특허 데이터(서지사항 74개), 특허로 바로가기 및 패밀리정보가 담긴 웹버전 제공"
40656,[RAW DATA] 24년 지역 주력산업 특허 데이터 - 광주편,"24년 광주 지역 주력산업별 특허 데이터(서지사항 74개), 특허로 바로가기 및 패밀리정보가 담긴 웹버전 제공"
40655,[샘플] 2024년 국가첨단전략기술 - 바이오편,"국가첨단전략기술 바이오 특허 데이터(서지사항 72개), 특허로 바로가기 및 패밀리정보가 담긴 웹버전 제공"
40654,[RAW DATA] 2024년 국가첨단전략기술 - 바이오편,"국가첨단전략기술 바이오 특허 데이터(서지사항 72개), 특허로 바로가기 및 패밀리정보가 담긴 웹버전 제공"
40652,국내 의료 입지 분석을 위한 의료 분야 신용 통계 정보,KCB에 등록된 전문직(의료) 사업체 평가 데이터를 기반으로 KCB 자체적으로 추가 분류하여 지역과 진료과별로 구성한 사업자 (추정)매출 통계
40651,KCB 국내 주택시장 및 전세 위험 분석용 가계부채 데이터,"KCB에 등록된 개인신용정보를 활용하여 주택 소유자를 중심으로 부채 상태, 연체 등 신용상태를 파악할 수 있도록 생성된 통계(익명) 데이터
 * 단, 실제 분석에 맞춰 일부 항목에 대한 추가 가공이 필요하므로 이용 시 사전 업무 협의 필수"
40650,[가격협의] 전기차 배터리 데이터,"당사는 전기차 배터리 구독 및 관리 서비스를 통해 실시간 수집한 배터리 운행 데이터, 충방전 및 차량정보, 실제 구축 운영한 ESS데이터 그 외 등 맞춤형 데이터 제공합니다."
40649,부산 경제상황 진단용 월정기 데이터 (2024.07),"부산 경제 상황 진단을 위한 맞춤형 지표 정보(2024.07)
(부산연구원만 이용 가능)"
40648,무안공항 분석 유동인구 데이터,무안공항에 대한 &#39;24년 4월 ~ 24년 6월까지의 유동인구 데이터
40647,[NH농협카드] 12월 세부 업종별 카드 이용건수 트렌드 (2019년 12월 ~ 2023년 12월),"12월의 세부 업종별 카드이용건수 추이를 분석할 수 있는 데이터
"
40646,[NH농협카드] 12월 세부 업종별 카드 이용금액 트렌드 (2019년 12월 ~ 2023년 12월),"12월의 세부 업종별 카드이용금액 추이를 분석할 수 있는 데이터
"
40645,[NH농협카드] 12월 시도별 업종별 카드 이용건수 트렌드 (2019년 12월 ~ 2023년 12월),"12월의 시도별 업종별 카드이용건수 추이를 분석할 수 있는 데이터
"
40644,[NH농협카드] 12월 시도별 업종별 카드 이용금액 트렌드 (2019년 12월 ~ 2023년 12월),"12월의 시도별 업종별 카드이용금액 추이를 분석할 수 있는 데이터
"
40643,[NH농협카드] 업종별 카드이용현황_2023년 12월,"2023년 12월의 업종별 카드 이용현황
"
40642,[NH농협카드] 업종별 카드이용현황_2022년 12월,"2022년 12월의 업종별 카드 이용현황
"
40641,[NH농협카드] 업종별 카드이용현황_2021년 12월,"2021년 12월의 업종별 카드 이용현황
"
40640,[NH농협카드] 업종별 카드이용현황_2020년 12월,"2020년 12월의 업종별 카드 이용현황
"
40639,[NH농협카드] 업종별 카드이용현황_2019년 12월,"2019년 12월의 업종별 카드 이용현황
"
40638,[NH농협카드] 시도별 업종별 카드이용현황_2023년 12월,"2023년 12월의 시도별 업종별 카드 이용현황
"
40637,[NH농협카드] 시도별 업종별 카드이용현황_2022년 12월,"2022년 12월의 시도별 업종별 카드 이용현황
"
40636,[NH농협카드] 시도별 업종별 카드이용현황_2021년 12월,"2021년 12월의 시도별 업종별 카드 이용현황
"
40635,[NH농협카드] 시도별 업종별 카드이용현황_2020년 12월,"2020년 12월의 시도별 업종별 카드 이용현황
"
40634,[NH농협카드] 시도별 업종별 카드이용현황_2019년 12월,"2019년 12월의 시도별 업종별 카드 이용현황
"
40633,"202405 전국 행정동단위 SOHO 데이터",본 데이터는 KCB가 각 금융사들로부터 매일 수집하는 최신 금융 데이터를 공간 단위로 재가공해 월별로 제공하고 있습니다.
40632,"202405 전국 시군구단위 SOHO 데이터",본 데이터는 KCB가 각 금융사들로부터 매일 수집하는 최신 금융 데이터를 공간 단위로 재가공해 월별로 제공하고 있습니다.
40631,"202405 전국 시도단위 SOHO 데이터 ︎",본 데이터는 KCB가 각 금융사들로부터 매일 수집하는 최신 금융 데이터를 공간 단위로 재가공해 월별로 제공하고 있습니다.
40630,"202405 전국 행정동단위 하이엔드 데이터",본 데이터는 KCB가 각 금융사들로부터 매일 수집하는 최신 금융 데이터를 공간 단위로 재가공해 월별로 제공하고 있습니다.
40629, 202405 전국 시군구단위 하이엔드 데이터,본 데이터는 KCB가 각 금융사들로부터 매일 수집하는 최신 금융 데이터를 공간 단위로 재가공해 월별로 제공하고 있습니다.
40628,"202405 전국 시도단위 하이엔드 데이터",본 데이터는 KCB가 각 금융사들로부터 매일 수집하는 최신 금융 데이터를 공간 단위로 재가공해 월별로 제공하고 있습니다.
40627,"202405 전국 행정동단위 자산평가 데이터",본 데이터는 KCB가 각 금융사들로부터 매일 수집하는 최신 금융 데이터를 공간 단위로 재가공해 월별로 제공하고 있습니다.
40626,"202405 전국 시군구단위 자산평가 데이터",본 데이터는 KCB가 각 금융사들로부터 매일 수집하는 최신 금융 데이터를 공간 단위로 재가공해 월별로 제공하고 있습니다.
40625,"202405 전국 시도단위 자산평가 데이터",본 데이터는 KCB가 각 금융사들로부터 매일 수집하는 최신 금융 데이터를 공간 단위로 재가공해 월별로 제공하고 있습니다.
40624,"202405 전국 행정동단위 예금여력 데이터",본 데이터는 KCB가 각 금융사들로부터 매일 수집하는 최신 금융 데이터를 공간 단위로 재가공해 월별로 제공하고 있습니다.
40623,"202405 전국 시군구단위 예금여력 데이터",본 데이터는 KCB가 각 금융사들로부터 매일 수집하는 최신 금융 데이터를 공간 단위로 재가공해 월별로 제공하고 있습니다.
40622,"202405 전국 시도단위 예금여력 데이터",본 데이터는 KCB가 각 금융사들로부터 매일 수집하는 최신 금융 데이터를 공간 단위로 재가공해 월별로 제공하고 있습니다.
40621,"202405 전국 행정동단위 연체정보 데이터",본 데이터는 KCB가 각 금융사들로부터 매일 수집하는 최신 금융 데이터를 공간 단위로 재가공해 월별로 제공하고 있습니다.
40620,"202405 전국 시군구단위 연체정보 데이터",본 데이터는 KCB가 각 금융사들로부터 매일 수집하는 최신 금융 데이터를 공간 단위로 재가공해 월별로 제공하고 있습니다.
40619,"202405 전국 시도단위 연체정보 데이터",본 데이터는 KCB가 각 금융사들로부터 매일 수집하는 최신 금융 데이터를 공간 단위로 재가공해 월별로 제공하고 있습니다.
40618,"202405 전국 행정동단위 대출정보 데이터 ︎",본 데이터는 KCB가 각 금융사들로부터 매일 수집하는 최신 금융 데이터를 공간 단위로 재가공해 월별로 제공하고 있습니다.
40617,"202405 전국 시군구단위 대출정보 데이터",본 데이터는 KCB가 각 금융사들로부터 매일 수집하는 최신 금융 데이터를 공간 단위로 재가공해 월별로 제공하고 있습니다.
40616,"202405 전국 시도단위 대출정보 데이터 ︎",본 데이터는 KCB가 각 금융사들로부터 매일 수집하는 최신 금융 데이터를 공간 단위로 재가공해 월별로 제공하고 있습니다.
40615,"202405 전국 행정동단위 소비정보 데이터",본 데이터는 KCB가 각 금융사들로부터 매일 수집하는 최신 금융 데이터를 공간 단위로 재가공해 월별로 제공하고 있습니다.
40614,"202405 전국 시군구단위 소비정보 데이터",본 데이터는 KCB가 각 금융사들로부터 매일 수집하는 최신 금융 데이터를 공간 단위로 재가공해 월별로 제공하고 있습니다.
40613,"202405 전국 시도단위 소비정보 데이터",본 데이터는 KCB가 각 금융사들로부터 매일 수집하는 최신 금융 데이터를 공간 단위로 재가공해 월별로 제공하고 있습니다.
40612,"202405 전국 행정동단위 소득정보 데이터",본 데이터는 KCB가 각 금융사들로부터 매일 수집하는 최신 금융 데이터를 공간 단위로 재가공해 월별로 제공하고 있습니다.
40611,"202405 전국 시군구단위 소득정보 데이터",본 데이터는 KCB가 각 금융사들로부터 매일 수집하는 최신 금융 데이터를 공간 단위로 재가공해 월별로 제공하고 있습니다.
40610,"202405 전국 시도단위 소득정보 데이터",본 데이터는 KCB가 각 금융사들로부터 매일 수집하는 최신 금융 데이터를 공간 단위로 재가공해 월별로 제공하고 있습니다.
40609,(결합데이터) LGU+ X 삼성카드 가명 결합 데이터,삼성카드 회원과 LGU+ 유동인구 정보 가명 결합 데이터
40608,(결합데이터) KT X 삼성카드 가명 결합 데이터,삼성카드 회원과 KT 유동인구 정보 가명 결합 데이터
40607,[NH농협카드] 일자별 소비현황_충북_2024년 3월,"2024년 3월 충북 지역 개인/기업별 카드 이용현황
"
40606,[NH농협카드] 일자별 소비현황_충남_2024년 3월,"2024년 3월 충남 지역 개인/기업별 카드 이용현황
"
40605,[NH농협카드] 일자별 소비현황_제주_2024년 3월,"2024년 3월 제주 지역 개인/기업별 카드 이용현황
"
40604,[NH농협카드] 일자별 소비현황_전북_2024년 3월,"2024년 3월 전북 지역 개인/기업별 카드 이용현황
"
40603,[NH농협카드] 일자별 소비현황_전남_2024년 3월,"2024년 3월 전남 지역 개인/기업별 카드 이용현황
"
40602,[NH농협카드] 일자별 소비현황_인천_2024년 3월,"2024년 3월 인천 지역 개인/기업별 카드 이용현황
"
40601,[NH농협카드] 일자별 소비현황_울산_2024년 3월,"2024년 3월 울산 지역 개인/기업별 카드 이용현황
"
40600,[NH농협카드] 일자별 소비현황_세종_2024년 3월,"2024년 3월 세종 지역 개인/기업별 카드 이용현황
"
40599,[NH농협카드] 일자별 소비현황_서울_2024년 3월,"2024년 3월 서울 지역 개인/기업별 카드 이용현황
"
40598,[NH농협카드] 일자별 소비현황_부산_2024년 3월,"2024년 3월 부산 지역 개인/기업별 카드 이용현황
"
40597,[NH농협카드] 일자별 소비현황_대전_2024년 3월,"2024년 3월 대전 지역 개인/기업별 카드 이용현황
"
40596,[NH농협카드] 일자별 소비현황_대구_2024년 3월,"2024년 3월 대구 지역 개인/기업별 카드 이용현황
"
40595,[NH농협카드] 일자별 소비현황_광주_2024년 3월,"2024년 3월 광주 지역 개인/기업별 카드 이용현황
"
40594,[NH농협카드] 일자별 소비현황_경북_2024년 3월,"2024년 3월 경북 지역 개인/기업별 카드 이용현황
"
40593,[NH농협카드] 일자별 소비현황_경남_2024년 3월,"2024년 3월 경남 지역 개인/기업별 카드 이용현황
"
40592,[NH농협카드] 일자별 소비현황_경기_2024년 3월,"2024년 3월 경기 지역 개인/기업별 카드 이용현황
"
40591,[NH농협카드] 일자별 소비현황_강원_2024년 3월,"2024년 3월 강원 지역 개인/기업별 카드 이용현황
"
40589,[2024-11호] 패션플랫폼 전성시대!,NH트렌드+는 NH농협은행의 데이터를 통해 사회 이슈와 트렌드를 알아보는 리포트입니다.
40588,"202406 연령대별 선호카테고리 TOP10","편의점 이용 고객의 연령대/성별에 따른 선호 데이터 제공
- 연령대별 편의점 선호 카테고리를 파악하여 타겟대상에 따른 마케팅 수단으로 활용가능
- 카테고리의 선호대상을 확인하여 상품개발시 활용가능"
40587,"202406 유통소비플랫폼 상품분류체계에 따른 매출구성비",GS25의 상품매출을 유통소비플랫폼의 상품분류체계를 적용하여 매출 집계 데이터로 어느 카테고리가 상대적으로 매출이 우수한지 확인할 수 있으며  카테고리의 월별 트랜드를 확인 할 수 있는 데이터임
40586,"202406 지역별 상품분류별 요일별 매출구성비","-. GS25 상품카테고리의 요일별 매출 구성비를 지역별로 분석이 가능 
 -. 법정동단위 지역을 구분하여 지역별 상품팔림새의 비교분석이 가능하고 팔림새의 그룹핑을 통해서 유사상권의 특성파악이 가능"
40585,"202406 지역별 상품분류별 시간대별_매출구성비","-. GS25 상품카테고리의 시간대별 매출 구성비를 지역별로 분석 가능한 월 집계 데이터 
-. 법정동단위 지역을 구분하여 지역별 상품팔림새의 비교분석이 가능하고 팔림새의 그룹핑을 통해서 유사상권의 특성파악이 가능"
40584,"202406 GS25 상품카테고리 별 지역별 강세 분석","전국 시/군/구 단위로 편의점의 상품 매출 비율을 통계하여 제공
각 지역의 상품 판매 평균과 전국 평균을 상품별로 비교하여 각 지역의 편의점 선호 상품을 제공함"
40583,"202406 지역별 상품분류별 매출구성비",GS25편의점의 상품카테고리별 매출 비중을 지역별로 차이가 있는지 비교분석 할 수 있는 월 집계 데이터로 지역별 선호 상품 카테고리를 확인 할 수 있음
40582,"202406 상품분류 지역별 매출구성비",GS25 상품카테고리별 지역별 매출구성비 월 집계 데이터로 지역별로 상품카테고리의 선호도를 차이를 확인 할 수 있는 데이터임
40581,"202406 상품분류 요일별 매출구성비",GS25 상품카테고리별 요일별 매출구성비 월 집계 데이터로 어느 카테고리의 요일별로 매출이 우수한지 등 요일 트랜드를 확인할 수 있음
40580,"202406 상품분류 시간대별 매출구성비",GS25 상품카테고리별 시간대별 매출구성비 월 집계 데이터로 어느 카테고리가 시간대별로 매출이 우수한지 확인할 수 있음
40579,"202406 지역별 GS25점포 매출분포","-. 전국 시/군/구 단위로 편의점 점포 매출수준을 통계하여 제공 
-. 각 지역의 점포별 매출수준을 그룹화하여 해당그룹에 어느정도의 점포가 포함되어 있는지를 수치화 하여 제공 "
40578,"202406 상품분류 매출구성비",GS25의 상품카테고리별 매출구성비 월 집계데이터로 어느 카테고리가 상대적으로 매출이 우수한지 확인할 수 있으며  카테고리의 월별 트랜드를 확인 할 수 있는 데이터임
40577,"202406 상품분류 구매횟수별 고객구성비",GS25 상품카테고리별 연령대 및 성별의 구매횟수별  월 집계 구성비 데이터로  연령대별로 어느 카테고리 상품을 상대적으로 구매 횟수가 높은지 확인 할 수 있는 데이터임
40576,"202406 상품분류 구매수량별 고객구성비",GS25 상품카테고리별 연령대 및 성별의 구매수량별  월 집계 구성비 데이터로  연령대별로 어느 카테고리 상품을 상대적으로 많이구매하는 지 확인 할 수 있는 데이터임
40575,"202406 상품분류별 고객군별 평균구매횟수",GS25 상품카테고리별 연령대 및 성별의 월평균 구매횟수 분석자료로 성별로 어느 카테고리상품을 자주 구매하는지  또는 연령대별로 어느 카테고리 상품을 상대적으로 자주 구매하는 지 확인 할 수 있는 데이터임
40574,바이오제약분야  FTO(자유실시) 특허 데이터(~2026년) 활용 팁!!,"해당 상품은 향후 3년내 만료되는 자유실시특허로 미국특허이며, 국내 제네릭 제조 제약회사가 필요로 하는 Orange Book 기반 특허 데이터입니다."
40573,[NH농협카드] 일자별 소비현황_2024년 3월,"2024년 3월 개인/기업별 카드 이용현황
"
40572,[2024-10호] 프랜차이즈 치킨 VS 냉동 치킨 ,NH트렌드+는 NH농협은행의 데이터를 통해 사회 이슈와 트렌드를 알아보는 리포트입니다.
40571,부산 경제상황 진단용 월정기 데이터 (2024.06),"부산 경제 상황 진단을 위한 맞춤형 지표 정보(2024.06)
(부산연구원만 이용 가능)"
40570,[NH농협카드] NH소비트렌드_온라인 명품 소비현황,NH농협카드를 통해 거래한 온라인 명품 소비 데이터 분석
40569,[NH농협카드] NH소비트렌드_해외여행 소비 트렌드,NH농협카드를 통해 거래한 해외여행 소비 데이터 분석 
40568,(결합데이터) 이마트24 편의점 X 삼성카드 카드 고객 결합 편의점 소비 데이터,삼성카드 카드 고객의 이마트24 편의점 이용 가명 결합 데이터
40567,(결합데이터) CU 편의점 X 삼성카드 카드 고객 결합 편의점 소비 데이터,삼성카드 카드 고객의 CU 편의점 이용 가명 결합 데이터
40566,"202404 전국 행정동단위 SOHO 데이터",본 데이터는 KCB가 각 금융사들로부터 매일 수집하는 최신 금융 데이터를 공간 단위로 재가공해 월별로 제공하고 있습니다.
40565,"202404 전국 시군구단위 SOHO 데이터",본 데이터는 KCB가 각 금융사들로부터 매일 수집하는 최신 금융 데이터를 공간 단위로 재가공해 월별로 제공하고 있습니다.
40564,"202404 전국 시도단위 SOHO 데이터 ︎",본 데이터는 KCB가 각 금융사들로부터 매일 수집하는 최신 금융 데이터를 공간 단위로 재가공해 월별로 제공하고 있습니다.
40563,"202404 전국 행정동단위 하이엔드 데이터",본 데이터는 KCB가 각 금융사들로부터 매일 수집하는 최신 금융 데이터를 공간 단위로 재가공해 월별로 제공하고 있습니다.
40562, 202404 전국 시군구단위 하이엔드 데이터,본 데이터는 KCB가 각 금융사들로부터 매일 수집하는 최신 금융 데이터를 공간 단위로 재가공해 월별로 제공하고 있습니다.
40561,"202404 전국 시도단위 하이엔드 데이터",본 데이터는 KCB가 각 금융사들로부터 매일 수집하는 최신 금융 데이터를 공간 단위로 재가공해 월별로 제공하고 있습니다.
40560,"202404 전국 행정동단위 자산평가 데이터",본 데이터는 KCB가 각 금융사들로부터 매일 수집하는 최신 금융 데이터를 공간 단위로 재가공해 월별로 제공하고 있습니다.
40559,"202404 전국 시군구단위 자산평가 데이터",본 데이터는 KCB가 각 금융사들로부터 매일 수집하는 최신 금융 데이터를 공간 단위로 재가공해 월별로 제공하고 있습니다.
40558,"202404 전국 시도단위 자산평가 데이터",본 데이터는 KCB가 각 금융사들로부터 매일 수집하는 최신 금융 데이터를 공간 단위로 재가공해 월별로 제공하고 있습니다.
40557,"202404 전국 행정동단위 예금여력 데이터",본 데이터는 KCB가 각 금융사들로부터 매일 수집하는 최신 금융 데이터를 공간 단위로 재가공해 월별로 제공하고 있습니다.
40556,"202404 전국 시군구단위 예금여력 데이터",본 데이터는 KCB가 각 금융사들로부터 매일 수집하는 최신 금융 데이터를 공간 단위로 재가공해 월별로 제공하고 있습니다.
40555,"202404 전국 시도단위 예금여력 데이터",본 데이터는 KCB가 각 금융사들로부터 매일 수집하는 최신 금융 데이터를 공간 단위로 재가공해 월별로 제공하고 있습니다.
40554,"202404 전국 행정동단위 연체정보 데이터",본 데이터는 KCB가 각 금융사들로부터 매일 수집하는 최신 금융 데이터를 공간 단위로 재가공해 월별로 제공하고 있습니다.
40553,"202404 전국 시군구단위 연체정보 데이터",본 데이터는 KCB가 각 금융사들로부터 매일 수집하는 최신 금융 데이터를 공간 단위로 재가공해 월별로 제공하고 있습니다.
40552,"202404 전국 시도단위 연체정보 데이터",본 데이터는 KCB가 각 금융사들로부터 매일 수집하는 최신 금융 데이터를 공간 단위로 재가공해 월별로 제공하고 있습니다.
40551,"202404 전국 행정동단위 대출정보 데이터 ︎",본 데이터는 KCB가 각 금융사들로부터 매일 수집하는 최신 금융 데이터를 공간 단위로 재가공해 월별로 제공하고 있습니다.
40550,"202404 전국 시군구단위 대출정보 데이터",본 데이터는 KCB가 각 금융사들로부터 매일 수집하는 최신 금융 데이터를 공간 단위로 재가공해 월별로 제공하고 있습니다.
40549,"202404 전국 시도단위 대출정보 데이터 ︎",본 데이터는 KCB가 각 금융사들로부터 매일 수집하는 최신 금융 데이터를 공간 단위로 재가공해 월별로 제공하고 있습니다.
40548,"202404 전국 행정동단위 소비정보 데이터",본 데이터는 KCB가 각 금융사들로부터 매일 수집하는 최신 금융 데이터를 공간 단위로 재가공해 월별로 제공하고 있습니다.
40547,"202404 전국 시군구단위 소비정보 데이터",본 데이터는 KCB가 각 금융사들로부터 매일 수집하는 최신 금융 데이터를 공간 단위로 재가공해 월별로 제공하고 있습니다.
40546,"202404 전국 시도단위 소비정보 데이터",본 데이터는 KCB가 각 금융사들로부터 매일 수집하는 최신 금융 데이터를 공간 단위로 재가공해 월별로 제공하고 있습니다.
40545,"202404 전국 행정동단위 소득정보 데이터",본 데이터는 KCB가 각 금융사들로부터 매일 수집하는 최신 금융 데이터를 공간 단위로 재가공해 월별로 제공하고 있습니다.
40544,"202404 전국 시군구단위 소득정보 데이터",본 데이터는 KCB가 각 금융사들로부터 매일 수집하는 최신 금융 데이터를 공간 단위로 재가공해 월별로 제공하고 있습니다.
40543,"202404 전국 시도단위 소득정보 데이터",본 데이터는 KCB가 각 금융사들로부터 매일 수집하는 최신 금융 데이터를 공간 단위로 재가공해 월별로 제공하고 있습니다.
40542,[2024-09호] 휴가철 시작! 제주도 관광 트렌드 분석,NH트렌드+는 NH농협은행의 데이터를 통해 사회 이슈와 트렌드를 알아보는 리포트입니다.
40541,[전기일반승용차/EV6] 전기차 배터리 Raw Data (2023년도),"당사는 전기차 배터리 구독 및 관리 서비스를 통해 실시간 수집한 배터리 운행 데이터, 충방전 및
차량정보, 실제 구축 운영한 ESS데이터 그 외 등 맞춤형 데이터 제공합니다. 
"
40540,[전기일반승용차/니로 EV] 전기차 배터리 Raw Data (2023년도),"당사는 전기차 배터리 구독 및 관리 서비스를 통해 실시간 수집한 배터리 운행 데이터, 충방전 및
차량정보, 실제 구축 운영한 ESS데이터 그 외 등 맞춤형 데이터 제공합니다. 
"
40539,[전기일반승용차/아이오닉5 Long Range 2022] 전기차 배터리 Raw Data (2023년도),"당사는 전기차 배터리 구독 및 관리 서비스를 통해 실시간 수집한 배터리 운행 데이터, 충방전 및
차량정보, 실제 구축 운영한 ESS데이터 그 외 등 맞춤형 데이터 제공합니다. 
"
40538,"202405 연령대별 선호카테고리 TOP10","편의점 이용 고객의 연령대/성별에 따른 선호 데이터 제공
- 연령대별 편의점 선호 카테고리를 파악하여 타겟대상에 따른 마케팅 수단으로 활용가능
- 카테고리의 선호대상을 확인하여 상품개발시 활용가능"
40537,"202405 유통소비플랫폼 상품분류체계에 따른 매출구성비",GS25의 상품매출을 유통소비플랫폼의 상품분류체계를 적용하여 매출 집계 데이터로 어느 카테고리가 상대적으로 매출이 우수한지 확인할 수 있으며  카테고리의 월별 트랜드를 확인 할 수 있는 데이터임
40536,"202405 지역별 상품분류별 요일별 매출구성비","-. GS25 상품카테고리의 요일별 매출 구성비를 지역별로 분석이 가능 
 -. 법정동단위 지역을 구분하여 지역별 상품팔림새의 비교분석이 가능하고 팔림새의 그룹핑을 통해서 유사상권의 특성파악이 가능"
40535,"202405 지역별 상품분류별 시간대별_매출구성비","-. GS25 상품카테고리의 시간대별 매출 구성비를 지역별로 분석 가능한 월 집계 데이터 
-. 법정동단위 지역을 구분하여 지역별 상품팔림새의 비교분석이 가능하고 팔림새의 그룹핑을 통해서 유사상권의 특성파악이 가능"
40534,"202405 GS25 상품카테고리 별 지역별 강세 분석","전국 시/군/구 단위로 편의점의 상품 매출 비율을 통계하여 제공
각 지역의 상품 판매 평균과 전국 평균을 상품별로 비교하여 각 지역의 편의점 선호 상품을 제공함"
40533,"202405 지역별 상품분류별 매출구성비",GS25편의점의 상품카테고리별 매출 비중을 지역별로 차이가 있는지 비교분석 할 수 있는 월 집계 데이터로 지역별 선호 상품 카테고리를 확인 할 수 있음
40532,"202405 상품분류 지역별 매출구성비",GS25 상품카테고리별 지역별 매출구성비 월 집계 데이터로 지역별로 상품카테고리의 선호도를 차이를 확인 할 수 있는 데이터임
40531,"202405 상품분류 요일별 매출구성비",GS25 상품카테고리별 요일별 매출구성비 월 집계 데이터로 어느 카테고리의 요일별로 매출이 우수한지 등 요일 트랜드를 확인할 수 있음
40530,"202405 상품분류 시간대별 매출구성비",GS25 상품카테고리별 시간대별 매출구성비 월 집계 데이터로 어느 카테고리가 시간대별로 매출이 우수한지 확인할 수 있음
40529,"202405 지역별 GS25점포 매출분포","-. 전국 시/군/구 단위로 편의점 점포 매출수준을 통계하여 제공 
-. 각 지역의 점포별 매출수준을 그룹화하여 해당그룹에 어느정도의 점포가 포함되어 있는지를 수치화 하여 제공 "
40528,"202405 상품분류 매출구성비",GS25의 상품카테고리별 매출구성비 월 집계데이터로 어느 카테고리가 상대적으로 매출이 우수한지 확인할 수 있으며  카테고리의 월별 트랜드를 확인 할 수 있는 데이터임
40527,"202405 상품분류 구매횟수별 고객구성비",GS25 상품카테고리별 연령대 및 성별의 구매횟수별  월 집계 구성비 데이터로  연령대별로 어느 카테고리 상품을 상대적으로 구매 횟수가 높은지 확인 할 수 있는 데이터임
40526,"202405 상품분류 구매수량별 고객구성비",GS25 상품카테고리별 연령대 및 성별의 구매수량별  월 집계 구성비 데이터로  연령대별로 어느 카테고리 상품을 상대적으로 많이구매하는 지 확인 할 수 있는 데이터임
40525,"202405 상품분류별 고객군별 평균구매횟수",GS25 상품카테고리별 연령대 및 성별의 월평균 구매횟수 분석자료로 성별로 어느 카테고리상품을 자주 구매하는지  또는 연령대별로 어느 카테고리 상품을 상대적으로 자주 구매하는 지 확인 할 수 있는 데이터임
40524,[전기택시/아이오닉5 Standard 2WD Prestige] 전기차 배터리 Raw Data (2023년도),"당사는 전기차 배터리 구독 및 관리 서비스를 통해 실시간 수집한 배터리 운행 데이터, 충방전 및
차량정보, 실제 구축 운영한 ESS데이터 그 외 등 맞춤형 데이터 제공합니다. "
40523,[전기택시/니로EV플러스] 전기차 배터리 Raw Data (2023년도),"당사는 전기차 배터리 구독 및 관리 서비스를 통해 실시간 수집한 배터리 운행 데이터, 충방전 및
차량정보, 실제 구축 운영한 ESS데이터 그 외 등 맞춤형 데이터 제공합니다. "
40522,[전기버스/BLK] 전기차 배터리 Raw Data(2023년도),"당사는 전기차 배터리 구독 및 관리 서비스를 통해 실시간 수집한 배터리 운행 데이터, 충방전 및
차량정보, 실제 구축 운영한 ESS데이터 그 외 등 맞춤형 데이터 제공합니다. "
40520,[전기버스/범한자동차] 전기차 배터리 Raw Data (2023년도),"당사는 전기차 배터리 구독 및 관리 서비스를 통해 실시간 수집한 배터리 운행 데이터, 충방전 및
차량정보, 실제 구축 운영한 ESS데이터 그 외 등 맞춤형 데이터 제공합니다. "
40519,[전기버스/현대] 전기차 배터리 Raw Data (2023년도),"당사는 전기차 배터리 구독 및 관리 서비스를 통해 실시간 수집한 배터리 운행 데이터, 충방전 및
차량정보, 실제 구축 운영한 ESS데이터 그 외 등 맞춤형 데이터 제공합니다. 
"
40518,"202403 전국 행정동단위 SOHO 데이터",본 데이터는 KCB가 각 금융사들로부터 매일 수집하는 최신 금융 데이터를 공간 단위로 재가공해 월별로 제공하고 있습니다.
40517,"202403 전국 시군구단위 SOHO 데이터",본 데이터는 KCB가 각 금융사들로부터 매일 수집하는 최신 금융 데이터를 공간 단위로 재가공해 월별로 제공하고 있습니다.
40516,"202403 전국 시도단위 SOHO 데이터 ︎",본 데이터는 KCB가 각 금융사들로부터 매일 수집하는 최신 금융 데이터를 공간 단위로 재가공해 월별로 제공하고 있습니다.
40515,"202403 전국 행정동단위 하이엔드 데이터",본 데이터는 KCB가 각 금융사들로부터 매일 수집하는 최신 금융 데이터를 공간 단위로 재가공해 월별로 제공하고 있습니다.
40514,"202403 전국 시군구단위 하이엔드 데이터",본 데이터는 KCB가 각 금융사들로부터 매일 수집하는 최신 금융 데이터를 공간 단위로 재가공해 월별로 제공하고 있습니다.
40513,"202403 전국 시도단위 하이엔드 데이터",본 데이터는 KCB가 각 금융사들로부터 매일 수집하는 최신 금융 데이터를 공간 단위로 재가공해 월별로 제공하고 있습니다.
40512,"202403 전국 행정동단위 자산평가 데이터",본 데이터는 KCB가 각 금융사들로부터 매일 수집하는 최신 금융 데이터를 공간 단위로 재가공해 월별로 제공하고 있습니다.
40511,"202403 전국 시군구단위 자산평가 데이터",본 데이터는 KCB가 각 금융사들로부터 매일 수집하는 최신 금융 데이터를 공간 단위로 재가공해 월별로 제공하고 있습니다.
40510,"202403 전국 시도단위 자산평가 데이터",본 데이터는 KCB가 각 금융사들로부터 매일 수집하는 최신 금융 데이터를 공간 단위로 재가공해 월별로 제공하고 있습니다.
40509,"202403 전국 행정동단위 예금여력 데이터",본 데이터는 KCB가 각 금융사들로부터 매일 수집하는 최신 금융 데이터를 공간 단위로 재가공해 월별로 제공하고 있습니다.
40508,"202403 전국 시군구단위 예금여력 데이터",본 데이터는 KCB가 각 금융사들로부터 매일 수집하는 최신 금융 데이터를 공간 단위로 재가공해 월별로 제공하고 있습니다.
40507,"202403 전국 시도단위 예금여력 데이터",본 데이터는 KCB가 각 금융사들로부터 매일 수집하는 최신 금융 데이터를 공간 단위로 재가공해 월별로 제공하고 있습니다.
40506,"202403 전국 행정동단위 연체정보 데이터",본 데이터는 KCB가 각 금융사들로부터 매일 수집하는 최신 금융 데이터를 공간 단위로 재가공해 월별로 제공하고 있습니다.
40505,"202403 전국 시군구단위 연체정보 데이터",본 데이터는 KCB가 각 금융사들로부터 매일 수집하는 최신 금융 데이터를 공간 단위로 재가공해 월별로 제공하고 있습니다.
40504,"202403 전국 시도단위 연체정보 데이터",본 데이터는 KCB가 각 금융사들로부터 매일 수집하는 최신 금융 데이터를 공간 단위로 재가공해 월별로 제공하고 있습니다.
40503,"202403 전국 행정동단위 대출정보 데이터 ︎",본 데이터는 KCB가 각 금융사들로부터 매일 수집하는 최신 금융 데이터를 공간 단위로 재가공해 월별로 제공하고 있습니다.
40502,"202403 전국 시군구단위 대출정보 데이터",본 데이터는 KCB가 각 금융사들로부터 매일 수집하는 최신 금융 데이터를 공간 단위로 재가공해 월별로 제공하고 있습니다.
40501,"202403 전국 시도단위 대출정보 데이터 ︎",본 데이터는 KCB가 각 금융사들로부터 매일 수집하는 최신 금융 데이터를 공간 단위로 재가공해 월별로 제공하고 있습니다.
40500,"202403 전국 행정동단위 소비정보 데이터",본 데이터는 KCB가 각 금융사들로부터 매일 수집하는 최신 금융 데이터를 공간 단위로 재가공해 월별로 제공하고 있습니다.
40499,"202403 전국 시군구단위 소비정보 데이터",본 데이터는 KCB가 각 금융사들로부터 매일 수집하는 최신 금융 데이터를 공간 단위로 재가공해 월별로 제공하고 있습니다.
40498,"202403 전국 시도단위 소비정보 데이터",본 데이터는 KCB가 각 금융사들로부터 매일 수집하는 최신 금융 데이터를 공간 단위로 재가공해 월별로 제공하고 있습니다.
40497,"202403 전국 행정동단위 소득정보 데이터",본 데이터는 KCB가 각 금융사들로부터 매일 수집하는 최신 금융 데이터를 공간 단위로 재가공해 월별로 제공하고 있습니다.
40496,"202403 전국 시군구단위 소득정보 데이터",본 데이터는 KCB가 각 금융사들로부터 매일 수집하는 최신 금융 데이터를 공간 단위로 재가공해 월별로 제공하고 있습니다.
40494,"202403 전국 시도단위 소득정보 데이터",본 데이터는 KCB가 각 금융사들로부터 매일 수집하는 최신 금융 데이터를 공간 단위로 재가공해 월별로 제공하고 있습니다.
40493,[NH농협카드] 11월 세부 업종별 카드 이용건수 트렌드 (2019년 11월 ~ 2023년 11월),"11월의 세부 업종별 카드이용건수 추이를 분석할 수 있는 데이터
"
40492,[NH농협카드] 11월 세부 업종별 카드 이용금액 트렌드 (2019년 11월 ~ 2023년 11월),"11월의 세부 업종별 카드이용금액 추이를 분석할 수 있는 데이터
"
40491,[NH농협카드] 11월 시도별 업종별 카드 이용건수 트렌드 (2019년 11월 ~ 2023년 11월),"11월의 시도별 업종별 카드이용건수 추이를 분석할 수 있는 데이터
"
40490,[NH농협카드] 11월 시도별 업종별 카드 이용금액 트렌드 (2019년 11월 ~ 2023년 11월),"11월의 시도별 업종별 카드이용금액 추이를 분석할 수 있는 데이터
"
40489,[NH농협카드] 업종별 카드이용현황_2023년 11월,"2023년 11월의 업종별 카드 이용현황
"
40488,[NH농협카드] 업종별 카드이용현황_2022년 11월,"2022년 11월의 업종별 카드 이용현황
"
40487,[NH농협카드] 업종별 카드이용현황_2021년 11월,"2021년 11월의 업종별 카드 이용현황
"
40486,[NH농협카드] 업종별 카드이용현황_2020년 11월,"2020년 11월의 업종별 카드 이용현황
"
40485,[NH농협카드] 업종별 카드이용현황_2019년 11월,"2019년 11월의 업종별 카드 이용현황
"
40484,[NH농협카드] 시도별 업종별 카드이용현황_2023년 11월,"2023년 11월의 시도별 업종별 카드 이용현황
"
40483,[NH농협카드] 시도별 업종별 카드이용현황_2022년 11월,"2022년 11월의 시도별 업종별 카드 이용현황
"
40482,[NH농협카드] 시도별 업종별 카드이용현황_2021년 11월,"2021년 11월의 시도별 업종별 카드 이용현황
"
40481,[NH농협카드] 시도별 업종별 카드이용현황_2020년 11월,"2020년 11월의 시도별 업종별 카드 이용현황
"
40480,[NH농협카드] 시도별 업종별 카드이용현황_2019년 11월,"2019년 11월의 시도별 업종별 카드 이용현황
"
40479,[NH농협카드] 일자별 소비현황_충북_2024년 2월,"2024년 2월 충북 지역 개인/기업별 카드 이용현황
"
40478,[NH농협카드] 일자별 소비현황_충남_2024년 2월,"2024년 2월 충남 지역 개인/기업별 카드 이용현황
"
40477,[NH농협카드] 일자별 소비현황_제주_2024년 2월,"2024년 2월 제주 지역 개인/기업별 카드 이용현황
"
40476,[NH농협카드] 일자별 소비현황_전북_2024년 2월,"2024년 2월 전북 지역 개인/기업별 카드 이용현황
"
40475,[NH농협카드] 일자별 소비현황_전남_2024년 2월,"2024년 2월 전남 지역 개인/기업별 카드 이용현황
"
40474,[NH농협카드] 일자별 소비현황_인천_2024년 2월,"2024년 2월 인천 지역 개인/기업별 카드 이용현황
"
40473,[NH농협카드] 일자별 소비현황_울산_2024년 2월,"2024년 2월 울산 지역 개인/기업별 카드 이용현황
"
40472,[NH농협카드] 일자별 소비현황_세종_2024년 2월,"2024년 2월 세종 지역 개인/기업별 카드 이용현황
"
40471,[NH농협카드] 일자별 소비현황_서울_2024년 2월,"2024년 2월 서울 지역 개인/기업별 카드 이용현황
"
40470,[NH농협카드] 일자별 소비현황_부산_2024년 2월,"2024년 2월 부산 지역 개인/기업별 카드 이용현황
"
40469,[NH농협카드] 일자별 소비현황_대전_2024년 2월,"2024년 2월 대전 지역 개인/기업별 카드 이용현황
"
40468,[NH농협카드] 일자별 소비현황_대구_2024년 2월,"2024년 2월 대구 지역 개인/기업별 카드 이용현황
"
40467,[NH농협카드] 일자별 소비현황_광주_2024년 2월,"2024년 2월 광주 지역 개인/기업별 카드 이용현황
"
40466,[NH농협카드] 일자별 소비현황_경북_2024년 2월,"2024년 2월 경북 지역 개인/기업별 카드 이용현황
"
40465,[NH농협카드] 일자별 소비현황_경남_2024년 2월,"2024년 2월 경남 지역 개인/기업별 카드 이용현황
"
40464,[NH농협카드] 일자별 소비현황_경기_2024년 2월,"2024년 2월 경기 지역 개인/기업별 카드 이용현황
"
40463,[NH농협카드] 일자별 소비현황_강원_2024년 2월,"2024년 2월 강원 지역 개인/기업별 카드 이용현황
"
40462,[NH농협카드] 일자별 소비현황_2024년 2월,"2024년 2월 개인/기업별 카드 이용현황
"
40461,[2024-08호] NH트렌드+ 프로야구 개막! 야구장 주변 상권분석,NH트렌드+는 NH농협은행의 데이터를 통해 사회 이슈와 트렌드를 알아보는 리포트입니다.
40460,[NH농협카드] 일자별 소비현황_2024년 1월,"2024년 1월 개인/기업별 카드 이용현황
"
40459,부산 경제상황 진단용 월정기 데이터 (2024.05),"부산 경제 상황 진단을 위한 맞춤형 지표 정보(2024.05)
(부산연구원만 이용 가능)"
40458,[NH농협카드] 10월 세부 업종별 카드 이용건수 트렌드 (2019년 10월 ~ 2023년 10월),"10월의 세부 업종별 카드이용건수 추이를 분석할 수 있는 데이터
"
40457,[NH농협카드] 10월 세부 업종별 카드 이용금액 트렌드 (2019년 10월 ~ 2023년 10월),"10월의 세부 업종별 카드이용금액 추이를 분석할 수 있는 데이터
"
40456,[NH농협카드] 10월 시도별 업종별 카드 이용건수 트렌드 (2019년 10월 ~ 2023년 10월),"10월의 시도별 업종별 카드이용건수 추이를 분석할 수 있는 데이터
"
40455,[NH농협카드] 10월 시도별 업종별 카드 이용금액 트렌드 (2019년 10월 ~ 2023년 10월),"10월의 시도별 업종별 카드이용금액 추이를 분석할 수 있는 데이터
"
40454,[NH농협카드] 업종별 카드이용현황_2023년 10월,"2023년 10월의 업종별 카드 이용현황
"
40453,[NH농협카드] 업종별 카드이용현황_2022년 10월,"2022년 10월의 업종별 카드 이용현황
"
40452,[NH농협카드] 업종별 카드이용현황_2021년 10월,"2021년 10월의 업종별 카드 이용현황
"
40451,[NH농협카드] 업종별 카드이용현황_2020년 10월,"2020년 10월의 업종별 카드 이용현황
"
40450,[NH농협카드] 업종별 카드이용현황_2019년 10월,"2019년 10월의 업종별 카드 이용현황
"
40449,[NH농협카드] 시도별 업종별 카드이용현황_2023년 10월,"2023년 10월의 시도별 업종별 카드 이용현황
"
40448,[NH농협카드] 시도별 업종별 카드이용현황_2022년 10월,"2022년 10월의 시도별 업종별 카드 이용현황
"
40447,[NH농협카드] 시도별 업종별 카드이용현황_2021년 10월,"2021년 10월의 시도별 업종별 카드 이용현황
"
40446,[NH농협카드] 시도별 업종별 카드이용현황_2020년 10월,"2020년 10월의 시도별 업종별 카드 이용현황
"
40445,[NH농협카드] 시도별 업종별 카드이용현황_2019년 10월,"2019년 10월의 시도별 업종별 카드 이용현황
"
40444,[NH농협카드] 일자별 소비현황_충북_2024년 1월,"2024년 1월 충북 지역 개인/기업별 카드 이용현황
"
40443,[NH농협카드] 일자별 소비현황_충남_2024년 1월,"2024년 1월 충남 지역 개인/기업별 카드 이용현황
"
40442,[NH농협카드] 일자별 소비현황_제주_2024년 1월,"2024년 1월 제주 지역 개인/기업별 카드 이용현황
"
40441,[NH농협카드] 일자별 소비현황_전북_2024년 1월,"2024년 1월 전북 지역 개인/기업별 카드 이용현황
"
40440,[NH농협카드] 일자별 소비현황_전남_2024년 1월,"2024년 1월 전남 지역 개인/기업별 카드 이용현황
"
40439,[NH농협카드] 일자별 소비현황_인천_2024년 1월,"2024년 1월 인천 지역 개인/기업별 카드 이용현황
"
40438,[NH농협카드] 일자별 소비현황_울산_2024년 1월,"2024년 1월 울산 지역 개인/기업별 카드 이용현황
"
40437,[NH농협카드] 일자별 소비현황_세종_2024년 1월,"2024년 1월 세종 지역 개인/기업별 카드 이용현황
"
40436,[NH농협카드] 일자별 소비현황_서울_2024년 1월,"2024년 1월 서울 지역 개인/기업별 카드 이용현황
"
40435,[NH농협카드] 일자별 소비현황_부산_2024년 1월,"2024년 1월 부산 지역 개인/기업별 카드 이용현황
"
40434,[NH농협카드] 일자별 소비현황_대전_2024년 1월,"2024년 1월 대전 지역 개인/기업별 카드 이용현황
"
40433,[NH농협카드] 일자별 소비현황_대구_2024년 1월,"2024년 1월 대구 지역 개인/기업별 카드 이용현황"
40432,[NH농협카드] 일자별 소비현황_광주_2024년 1월,"2024년 1월 광주 지역 개인/기업별 카드 이용현황
"
40431,[NH농협카드] 일자별 소비현황_경북_2024년 1월,"2024년 1월 경북 지역 개인/기업별 카드 이용현황
"
40430,[NH농협카드] 일자별 소비현황_경남_2024년 1월,"2024년 1월 경남 지역 개인/기업별 카드 이용현황
"
40429,[NH농협카드] 일자별 소비현황_경기_2024년 1월,"2024년 1월 경기 지역 개인/기업별 카드 이용현황
"
40428,[NH농협카드] 일자별 소비현황_강원_2024년 1월,"2024년 1월 강원 지역 개인/기업별 카드 이용현황
"
40426,큐레이션 푸드 매거진 컨텐츠,대한민국 NO.1 맛집 서비스 식신이 주제별로 선정한 맛집을 소개하는 기획기사형 매거진 데이터입니다.
40425,식신 사용자 음식점 평가 후기,"식신 사용자가 음식점을 직접 방문해 보고 경험한 맛, 서비스 등 음식점에 대한 평가를 모은 리뷰 데이터입니다."
40424,[2024-07호] 소(牛)프라이즈! 한우 세일 효과는?,NH트렌드+는 NH농협은행의 데이터를 통해 사회 이슈와 트렌드를 알아보는 리포트입니다.
40423,"202404 연령대별 선호카테고리 TOP10","편의점 이용 고객의 연령대/성별에 따른 선호 데이터 제공
- 연령대별 편의점 선호 카테고리를 파악하여 타겟대상에 따른 마케팅 수단으로 활용가능
- 카테고리의 선호대상을 확인하여 상품개발시 활용가능"
40422,"202404 유통소비플랫폼 상품분류체계에 따른 매출구성비",GS25의 상품매출을 유통소비플랫폼의 상품분류체계를 적용하여 매출 집계 데이터로 어느 카테고리가 상대적으로 매출이 우수한지 확인할 수 있으며  카테고리의 월별 트랜드를 확인 할 수 있는 데이터임
40421,"202404 지역별 상품분류별 요일별 매출구성비","-. GS25 상품카테고리의 요일별 매출 구성비를 지역별로 분석이 가능 
 -. 법정동단위 지역을 구분하여 지역별 상품팔림새의 비교분석이 가능하고 팔림새의 그룹핑을 통해서 유사상권의 특성파악이 가능"
40420,"202404 지역별 상품분류별 시간대별_매출구성비","-. GS25 상품카테고리의 시간대별 매출 구성비를 지역별로 분석 가능한 월 집계 데이터 
-. 법정동단위 지역을 구분하여 지역별 상품팔림새의 비교분석이 가능하고 팔림새의 그룹핑을 통해서 유사상권의 특성파악이 가능"
40419,"202404 GS25 상품카테고리 별 지역별 강세 분석","전국 시/군/구 단위로 편의점의 상품 매출 비율을 통계하여 제공
각 지역의 상품 판매 평균과 전국 평균을 상품별로 비교하여 각 지역의 편의점 선호 상품을 제공함"
40418,"202404 지역별 상품분류별 매출구성비",GS25편의점의 상품카테고리별 매출 비중을 지역별로 차이가 있는지 비교분석 할 수 있는 월 집계 데이터로 지역별 선호 상품 카테고리를 확인 할 수 있음
40417,"202404 상품분류 지역별 매출구성비",GS25 상품카테고리별 지역별 매출구성비 월 집계 데이터로 지역별로 상품카테고리의 선호도를 차이를 확인 할 수 있는 데이터임
40416,"202404 상품분류 요일별 매출구성비",GS25 상품카테고리별 요일별 매출구성비 월 집계 데이터로 어느 카테고리의 요일별로 매출이 우수한지 등 요일 트랜드를 확인할 수 있음
40415,"202404 상품분류 시간대별 매출구성비",GS25 상품카테고리별 시간대별 매출구성비 월 집계 데이터로 어느 카테고리가 시간대별로 매출이 우수한지 확인할 수 있음
40414,"202404 지역별 GS25점포 매출분포","-. 전국 시/군/구 단위로 편의점 점포 매출수준을 통계하여 제공 
-. 각 지역의 점포별 매출수준을 그룹화하여 해당그룹에 어느정도의 점포가 포함되어 있는지를 수치화 하여 제공 "
40413,"202404 상품분류 매출구성비",GS25의 상품카테고리별 매출구성비 월 집계데이터로 어느 카테고리가 상대적으로 매출이 우수한지 확인할 수 있으며  카테고리의 월별 트랜드를 확인 할 수 있는 데이터임
40412,"202404 상품분류 구매횟수별 고객구성비",GS25 상품카테고리별 연령대 및 성별의 구매횟수별  월 집계 구성비 데이터로  연령대별로 어느 카테고리 상품을 상대적으로 구매 횟수가 높은지 확인 할 수 있는 데이터임
40411,"202404 상품분류 구매수량별 고객구성비",GS25 상품카테고리별 연령대 및 성별의 구매수량별  월 집계 구성비 데이터로  연령대별로 어느 카테고리 상품을 상대적으로 많이구매하는 지 확인 할 수 있는 데이터임
40410,"202404 상품분류별 고객군별 평균구매횟수",GS25 상품카테고리별 연령대 및 성별의 월평균 구매횟수 분석자료로 성별로 어느 카테고리상품을 자주 구매하는지  또는 연령대별로 어느 카테고리 상품을 상대적으로 자주 구매하는 지 확인 할 수 있는 데이터임
40409,기후변화 대응을 위한 기후기술 특허데이터 - 서울시 편,국내 서울시 소재 출원인의 기후기술 관련 특허데이터입니다. CPC 기반으로 기술분야를 제공하여 특허 및 동향분석에 용이합니다.
40408,데이터 가치평가,"데이터 가치평가는 데이터의 정확도, 완전성, 관련성을 평가하여 해당 정보의 가치를 판단하고 데이터에 기반한 제품 및 서비스의 생성 등과 같이 데이터를 통해 창출 가능한 잠재적 수익을 평가하는 서비스입니다."
40406,[2024-06호] 노는 게 제일 좋아! 테마파크 트렌드 파헤치기,NH트렌드+는 NH농협은행의 데이터를 통해 사회 이슈와 트렌드를 알아보는 리포트입니다.
40405,부산 경제상황 진단용 월정기 데이터 (2024.04),(부산 연구원 
40404,부산 경제상황 진단용 월정기 데이터 (2024.03),(부산연구원 제공용) 부산 경제상황 진단용 월정기 데이터 (2024.03) ︎
40403,[Academy용][SKT] 서울특별시 유동인구 (&#39;19년~&#39;23년 연도별 6월) ,"2019년 부터 2023년까지 각 연도별 6월 서울특별시 전지역 유동인구 (행정동단위) [구매가능 고객]교육기관(초/중/고/대학) or 교육기관에 소속된 개인(교직원, 학생) (단, 대학내 산학협력단 제외)"
40402,[Academy용][SKT] 인천광역시 유동인구 (19년도 4분기),"2019년 4분기 (10월~12월) 인천광역시 전지역 유동인구 (행정동단위) [구매가능 고객]교육기관(초/중/고/대학) or 교육기관에 소속된 개인(교직원, 학생) (단, 대학내 산학협력단 제외)"
40401,[Academy용][SKT] 인천광역시 유동인구 (19년도 3분기),"2019년 3분기 (7월~9월) 인천광역시 전지역 유동인구 (행정동단위) [구매가능 고객]교육기관(초/중/고/대학) or 교육기관에 소속된 개인(교직원, 학생) (단, 대학내 산학협력단 제외)"
40400,[Academy용][SKT] 인천광역시 유동인구 (19년도 2분기),"2019년 2분기 (4월~6월) 인천광역시 전지역 유동인구 (행정동단위) [구매가능 고객]교육기관(초/중/고/대학) or 교육기관에 소속된 개인(교직원, 학생) (단, 대학내 산학협력단 제외)"
40398,전국 음식점 이미지,"대한민국 No.1 맛집 서비스 식신이 자체 촬영하거나, 식신 사용자가 업로드한 음식점 이미지 데이터입니다. "
40397,"202402전국 일반 맛집 정보",대한민국 NO.1 맛집 서비스 식신이 수집한 전국에 위치한 일반 음식점 POI 데이터입니다.
40396,"202402 전국 인기 맛집 정보",대한민국 NO.1 맛집 서비스 식신이 수집하고 관리하는 국내 인기 맛집 (핫플레이스) POI 데이터입니다.
40395,"202402 전국 BEST 맛집 정보",대한민국 NO.1 맛집 서비스 식신이 엄선한 전국 Best 맛집의 상세한 정보가 담긴 POI 데이터입니다.
40393,[2024-05호] NH트렌드+ 식생활의 변화 : 배달 VS 간편식,NH트렌드+는 NH농협은행의 데이터를 통해 사회 이슈와 트렌드를 알아보는 리포트입니다.
40392,[NH농협카드] 9월 세부 업종별 카드 이용건수 트렌드 (2019년 9월 ~ 2023년 9월),"9월의 세부 업종별 카드이용건수 추이를 분석할 수 있는 데이터
"
40391,[NH농협카드] 9월 세부 업종별 카드 이용금액 트렌드 (2019년 9월 ~ 2023년 9월),"9월의 세부 업종별 카드이용금액 추이를 분석할 수 있는 데이터
"
40390,[NH농협카드] 9월 시도별 업종별 카드 이용건수 트렌드 (2019년 9월 ~ 2023년 9월),"9월의 시도별 업종별 카드이용건수 추이를 분석할 수 있는 데이터
"
40389,[NH농협카드] 9월 시도별 업종별 카드 이용금액 트렌드 (2019년 9월 ~ 2023년 9월),"9월의 시도별 업종별 카드이용금액 추이를 분석할 수 있는 데이터
"
40388,[NH농협카드] 업종별 카드이용현황_2023년 9월,"2023년 9월의 업종별 카드 이용현황
"
40387,[NH농협카드] 업종별 카드이용현황_2022년 9월,"2022년 9월의 업종별 카드 이용현황
"
40386,[NH농협카드] 업종별 카드이용현황_2021년 9월,"2021년 9월의 업종별 카드 이용현황
"
40385,[NH농협카드] 업종별 카드이용현황_2020년 9월,"2020년 9월의 업종별 카드 이용현황
"
40384,[NH농협카드] 업종별 카드이용현황_2019년 9월,"2019년 9월의 업종별 카드 이용현황
"
40383,[NH농협카드] 시도별 업종별 카드이용현황_2023년 9월,"2023년 9월의 시도별 업종별 카드 이용현황
"
40382,[NH농협카드] 시도별 업종별 카드이용현황_2022년 9월,"2022년 9월의 시도별 업종별 카드 이용현황
"
40381,[NH농협카드] 시도별 업종별 카드이용현황_2021년 9월,"2021년 9월의 시도별 업종별 카드 이용현황
"
40380,[NH농협카드] 시도별 업종별 카드이용현황_2020년 9월,"2020년 9월의 시도별 업종별 카드 이용현황
"
40379,[NH농협카드] 시도별 업종별 카드이용현황_2019년 9월,"2019년 9월의 시도별 업종별 카드 이용현황
"
40378,[NH농협카드] 일자별 소비현황_충북_2023년 12월,"2023년 12월 충북 지역 개인/기업별 카드 이용현황
"
40377,[NH농협카드] 일자별 소비현황_충남_2023년 12월,"2023년 12월 충남 지역 개인/기업별 카드 이용현황
"
40376,[NH농협카드] 일자별 소비현황_제주_2023년 12월,"2023년 12월 제주 지역 개인/기업별 카드 이용현황
"
40375,[NH농협카드] 일자별 소비현황_전북_2023년 12월,"2023년 12월 전북 지역 개인/기업별 카드 이용현황
"
40374,[NH농협카드] 일자별 소비현황_전남_2023년 12월,"2023년 12월 전남 지역 개인/기업별 카드 이용현황
"
40373,[NH농협카드] 일자별 소비현황_인천_2023년 12월,"2023년 12월 인천 지역 개인/기업별 카드 이용현황
"
40372,[NH농협카드] 일자별 소비현황_울산_2023년 12월,"2023년 12월 울산 지역 개인/기업별 카드 이용현황
"
40371,[NH농협카드] 일자별 소비현황_세종_2023년 12월,"2023년 12월 세종 지역 개인/기업별 카드 이용현황
"
40370,[NH농협카드] 일자별 소비현황_서울_2023년 12월,"2023년 12월 서울 지역 개인/기업별 카드 이용현황
"
40369,[NH농협카드] 일자별 소비현황_부산_2023년 12월,"2023년 12월 부산 지역 개인/기업별 카드 이용현황
"
40368,[NH농협카드] 일자별 소비현황_대전_2023년 12월,"2023년 12월 대전 지역 개인/기업별 카드 이용현황
"
40367,[NH농협카드] 일자별 소비현황_대구_2023년 12월,"2023년 12월 대구 지역 개인/기업별 카드 이용현황
"
40366,[NH농협카드] 일자별 소비현황_광주_2023년 12월,"2023년 12월 광주 지역 개인/기업별 카드 이용현황
"
40365,[NH농협카드] 일자별 소비현황_경북_2023년 12월,"2023년 12월 경북 지역 개인/기업별 카드 이용현황
"
40364,[NH농협카드] 일자별 소비현황_경남_2023년 12월,"2023년 12월 경남 지역 개인/기업별 카드 이용현황
"
40363,[NH농협카드] 일자별 소비현황_경기_2023년 12월,"2023년 12월 경기 지역 개인/기업별 카드 이용현황
"
40362,[NH농협카드] 일자별 소비현황_강원_2023년 12월,"2023년 12월 강원 지역 개인/기업별 카드 이용현황
"
40361,[NH농협카드] 일자별 소비현황_2023년 12월,"2023년 12월 개인/기업별 카드 이용현황
"
40360,[Academy용][SKT] 경기도 유동인구 (19년도 4분기),"2019년 4분기 (10월~12월) 경기도 전지역 유동인구 (행정동단위) [구매가능 고객]교육기관(초/중/고/대학) or 교육기관에 소속된 개인(교직원, 학생) (단, 대학내 산학협력단 제외)"
40359,[Academy용][SKT] 경기도 유동인구 (19년도 3분기),"2019년 3분기 (7월~9월) 경기도 전지역 유동인구 (행정동단위) [구매가능 고객]교육기관(초/중/고/대학) or 교육기관에 소속된 개인(교직원, 학생) (단, 대학내 산학협력단 제외)"
40358,[Academy용][SKT] 경기도 유동인구 (19년도 2분기),"2019년 2분기 (4월~6월) 경기도 전지역 유동인구 (행정동단위) [구매가능 고객]교육기관(초/중/고/대학) or 교육기관에 소속된 개인(교직원, 학생) (단, 대학내 산학협력단 제외)"
40357,[Academy용][SKT] 서울특별시 유동인구 (19년도 4분기),"2019년 1분기 (10월~12월) 서울특별시 전지역 유동인구 (행정동단위) [구매가능 고객]교육기관(초/중/고/대학) or 교육기관에 소속된 개인(교직원, 학생) (단, 대학내 산학협력단 제외)"
40356,[Academy용][SKT] 서울특별시 유동인구 (19년도 3분기),"2019년 3분기 (7월~9월) 서울특별시 전지역 유동인구 (행정동단위) [구매가능 고객]교육기관(초/중/고/대학) or 교육기관에 소속된 개인(교직원, 학생) (단, 대학내 산학협력단 제외)"
40355,[Academy용][SKT] 서울특별시 유동인구 (19년도 2분기),"2019년 2분기 (4월~6월) 서울특별시 전지역 유동인구 (행정동단위) [구매가능 고객]교육기관(초/중/고/대학) or 교육기관에 소속된 개인(교직원, 학생) (단, 대학내 산학협력단 제외)"
40354,"202403 연령대별 선호카테고리 TOP10","편의점 이용 고객의 연령대/성별에 따른 선호 데이터 제공
- 연령대별 편의점 선호 카테고리를 파악하여 타겟대상에 따른 마케팅 수단으로 활용가능
- 카테고리의 선호대상을 확인하여 상품개발시 활용가능"
40353,"202403 유통소비플랫폼 상품분류체계에 따른 매출구성비",GS25의 상품매출을 유통소비플랫폼의 상품분류체계를 적용하여 매출 집계 데이터로 어느 카테고리가 상대적으로 매출이 우수한지 확인할 수 있으며  카테고리의 월별 트랜드를 확인 할 수 있는 데이터임
40352,"202403 지역별 상품분류별 요일별 매출구성비","-. GS25 상품카테고리의 요일별 매출 구성비를 지역별로 분석이 가능 
 -. 법정동단위 지역을 구분하여 지역별 상품팔림새의 비교분석이 가능하고 팔림새의 그룹핑을 통해서 유사상권의 특성파악이 가능"
40351,"202403 지역별 상품분류별 시간대별_매출구성비","-. GS25 상품카테고리의 시간대별 매출 구성비를 지역별로 분석 가능한 월 집계 데이터 
-. 법정동단위 지역을 구분하여 지역별 상품팔림새의 비교분석이 가능하고 팔림새의 그룹핑을 통해서 유사상권의 특성파악이 가능"
40350,"202403 GS25 상품카테고리 별 지역별 강세 분석","전국 시/군/구 단위로 편의점의 상품 매출 비율을 통계하여 제공
각 지역의 상품 판매 평균과 전국 평균을 상품별로 비교하여 각 지역의 편의점 선호 상품을 제공함"
40349,"202403 지역별 상품분류별 매출구성비",GS25편의점의 상품카테고리별 매출 비중을 지역별로 차이가 있는지 비교분석 할 수 있는 월 집계 데이터로 지역별 선호 상품 카테고리를 확인 할 수 있음
40348,"202403 상품분류 지역별 매출구성비",GS25 상품카테고리별 지역별 매출구성비 월 집계 데이터로 지역별로 상품카테고리의 선호도를 차이를 확인 할 수 있는 데이터임
40347,"202403 상품분류 요일별 매출구성비",GS25 상품카테고리별 요일별 매출구성비 월 집계 데이터로 어느 카테고리의 요일별로 매출이 우수한지 등 요일 트랜드를 확인할 수 있음
40346,"202403 상품분류 시간대별 매출구성비",GS25 상품카테고리별 시간대별 매출구성비 월 집계 데이터로 어느 카테고리가 시간대별로 매출이 우수한지 확인할 수 있음
40345,"202403 지역별 GS25점포 매출분포","-. 전국 시/군/구 단위로 편의점 점포 매출수준을 통계하여 제공 
-. 각 지역의 점포별 매출수준을 그룹화하여 해당그룹에 어느정도의 점포가 포함되어 있는지를 수치화 하여 제공 "
40344,"202403 상품분류 매출구성비",GS25의 상품카테고리별 매출구성비 월 집계데이터로 어느 카테고리가 상대적으로 매출이 우수한지 확인할 수 있으며  카테고리의 월별 트랜드를 확인 할 수 있는 데이터임
40343,"202403 상품분류 구매횟수별 고객구성비",GS25 상품카테고리별 연령대 및 성별의 구매횟수별  월 집계 구성비 데이터로  연령대별로 어느 카테고리 상품을 상대적으로 구매 횟수가 높은지 확인 할 수 있는 데이터임
40342,"202403 상품분류 구매수량별 고객구성비",GS25 상품카테고리별 연령대 및 성별의 구매수량별  월 집계 구성비 데이터로  연령대별로 어느 카테고리 상품을 상대적으로 많이구매하는 지 확인 할 수 있는 데이터임
40341,"202403 상품분류별 고객군별 평균구매횟수",GS25 상품카테고리별 연령대 및 성별의 월평균 구매횟수 분석자료로 성별로 어느 카테고리상품을 자주 구매하는지  또는 연령대별로 어느 카테고리 상품을 상대적으로 자주 구매하는 지 확인 할 수 있는 데이터임
40340,[삼성카드 Academy] 서울특별시 소비데이터(2023년),"2023년 서울특별시 주요업종 소비데이터(행정동단위)
[구매가능 고객]교육기관(초/중/고/대학) or 교육기관에 소속된 개인(교직원, 학생) (단, 대학내 산학협력단 제외)"
40338,[삼성카드 Academy] 경기도 소비데이터(2023년),"2023년 경기도 주요업종 소비데이터(행정동단위)
[구매가능 고객]교육기관(초/중/고/대학) or 교육기관에 소속된 개인(교직원, 학생) (단, 대학내 산학협력단 제외)"
40336,[삼성카드 Academy] 인천광역시 소비데이터(2023년),"2023년 인천광역시 주요업종 소비데이터(행정동단위)
[구매가능 고객]교육기관(초/중/고/대학) or 교육기관에 소속된 개인(교직원, 학생) (단, 대학내 산학협력단 제외)"
40335,[삼성카드 Academy] 부산광역시 소비데이터(2023년),"2023년 부산광역시 주요업종 소비데이터(행정동단위)
[구매가능 고객]교육기관(초/중/고/대학) or 교육기관에 소속된 개인(교직원, 학생) (단, 대학내 산학협력단 제외)"
40334,[삼성카드 Academy] 대구광역시 소비데이터(2023년),"2023년 대구광역시 주요업종 소비데이터(행정동단위)
[구매가능 고객]교육기관(초/중/고/대학) or 교육기관에 소속된 개인(교직원, 학생) (단, 대학내 산학협력단 제외)"
40333,[삼성카드 Academy] 대전광역시 소비데이터(2023년),"2023년 대전광역시 주요업종 소비데이터(행정동단위)
[구매가능 고객]교육기관(초/중/고/대학) or 교육기관에 소속된 개인(교직원, 학생) (단, 대학내 산학협력단 제외)"
40332,[삼성카드 Academy] 광주광역시 소비데이터(2023년),"2023년 광주광역시 주요업종 소비데이터(행정동단위)
[구매가능 고객]교육기관(초/중/고/대학) or 교육기관에 소속된 개인(교직원, 학생) (단, 대학내 산학협력단 제외)"
40331,[삼성카드 Academy] 울산광역시 소비데이터(2023년),"2023년 울산광역시 주요업종 소비데이터(행정동단위)
[구매가능 고객]교육기관(초/중/고/대학) or 교육기관에 소속된 개인(교직원, 학생) (단, 대학내 산학협력단 제외)"
40330,[삼성카드 Academy] 서울특별시 소비데이터(2022년),"2022년 서울특별시 주요업종 소비데이터(행정동단위)
[구매가능 고객]교육기관(초/중/고/대학) or 교육기관에 소속된 개인(교직원, 학생) (단, 대학내 산학협력단 제외)"
40328,[삼성카드 Academy] 경기도 소비데이터(2022년),"2022년 경기도 주요업종 소비데이터(행정동단위)
[구매가능 고객]교육기관(초/중/고/대학) or 교육기관에 소속된 개인(교직원, 학생) (단, 대학내 산학협력단 제외)"
40326,[삼성카드 Academy] 인천광역시 소비데이터(2022년),"2022년 인천광역시 주요업종 소비데이터(행정동단위)
[구매가능 고객]교육기관(초/중/고/대학) or 교육기관에 소속된 개인(교직원, 학생) (단, 대학내 산학협력단 제외)"
40325,[삼성카드 Academy] 부산광역시 소비데이터(2022년),"2022년 부산광역시 주요업종 소비데이터(행정동단위)
[구매가능 고객]교육기관(초/중/고/대학) or 교육기관에 소속된 개인(교직원, 학생) (단, 대학내 산학협력단 제외)"
40324,[삼성카드 Academy] 대구광역시 소비데이터(2022년),"2022년 대구광역시 주요업종 소비데이터(행정동단위)
[구매가능 고객]교육기관(초/중/고/대학) or 교육기관에 소속된 개인(교직원, 학생) (단, 대학내 산학협력단 제외)"
40323,[삼성카드 Academy] 대전광역시 소비데이터(2022년),"2022년 대전광역시 주요업종 소비데이터(행정동단위)
[구매가능 고객]교육기관(초/중/고/대학) or 교육기관에 소속된 개인(교직원, 학생) (단, 대학내 산학협력단 제외)"
40322,[삼성카드 Academy] 광주광역시 소비데이터(2022년),"2022년 광주광역시 주요업종 소비데이터(행정동단위)
[구매가능 고객]교육기관(초/중/고/대학) or 교육기관에 소속된 개인(교직원, 학생) (단, 대학내 산학협력단 제외)"
40321,[삼성카드 Academy] 울산광역시 소비데이터(2022년),"2022년 울산광역시 주요업종 소비데이터(행정동단위)
[구매가능 고객]교육기관(초/중/고/대학) or 교육기관에 소속된 개인(교직원, 학생) (단, 대학내 산학협력단 제외)"
40320,[삼성카드 Academy] 서울특별시 소비데이터(2021년),"2021년 서울특별시 주요업종 소비데이터(행정동단위)
[구매가능 고객]교육기관(초/중/고/대학) or 교육기관에 소속된 개인(교직원, 학생) (단, 대학내 산학협력단 제외)"
40318,[삼성카드 Academy] 경기도 소비데이터(2021년),"2021년 경기도 주요업종 소비데이터(행정동단위)
[구매가능 고객]교육기관(초/중/고/대학) or 교육기관에 소속된 개인(교직원, 학생) (단, 대학내 산학협력단 제외)"
40316,[삼성카드 Academy] 인천광역시 소비데이터(2021년),"2021년 인천광역시 주요업종 소비데이터(행정동단위)
[구매가능 고객]교육기관(초/중/고/대학) or 교육기관에 소속된 개인(교직원, 학생) (단, 대학내 산학협력단 제외)"
40315,[삼성카드 Academy] 부산광역시 소비데이터(2021년),"2021년 부산광역시 주요업종 소비데이터(행정동단위)
[구매가능 고객]교육기관(초/중/고/대학) or 교육기관에 소속된 개인(교직원, 학생) (단, 대학내 산학협력단 제외)"
40314,[삼성카드 Academy] 대구광역시 소비데이터(2021년),"2021년 대구광역시 주요업종 소비데이터(행정동단위)
[구매가능 고객]교육기관(초/중/고/대학) or 교육기관에 소속된 개인(교직원, 학생) (단, 대학내 산학협력단 제외)"
40313,[삼성카드 Academy] 대전광역시 소비데이터(2021년),"2021년 대전광역시 주요업종 소비데이터(행정동단위)
[구매가능 고객]교육기관(초/중/고/대학) or 교육기관에 소속된 개인(교직원, 학생) (단, 대학내 산학협력단 제외)"
40312,[삼성카드 Academy] 광주광역시 소비데이터(2021년),"2021년 광주광역시 주요업종 소비데이터(행정동단위)
[구매가능 고객]교육기관(초/중/고/대학) or 교육기관에 소속된 개인(교직원, 학생) (단, 대학내 산학협력단 제외)"
40311,[삼성카드 Academy] 울산광역시 소비데이터(2021년),"2021년 울산광역시 주요업종 소비데이터(행정동단위)
[구매가능 고객]교육기관(초/중/고/대학) or 교육기관에 소속된 개인(교직원, 학생) (단, 대학내 산학협력단 제외)"
40310,[삼성카드 Academy] 서울특별시 소비데이터(2020년),"2020년 서울특별시 주요업종 소비데이터(행정동단위)
[구매가능 고객]교육기관(초/중/고/대학) or 교육기관에 소속된 개인(교직원, 학생) (단, 대학내 산학협력단 제외)"
40308,[삼성카드 Academy] 경기도 소비데이터(2020년),"2020년 경기도 주요업종 소비데이터(행정동단위)
[구매가능 고객]교육기관(초/중/고/대학) or 교육기관에 소속된 개인(교직원, 학생) (단, 대학내 산학협력단 제외)"
40306,[삼성카드 Academy] 인천광역시 소비데이터(2020년),"2020년 인천광역시 주요업종 소비데이터(행정동단위)
[구매가능 고객]교육기관(초/중/고/대학) or 교육기관에 소속된 개인(교직원, 학생) (단, 대학내 산학협력단 제외)"
40305,[삼성카드 Academy] 부산광역시 소비데이터(2020년),"2020년 부산광역시 주요업종 소비데이터(행정동단위)
[구매가능 고객]교육기관(초/중/고/대학) or 교육기관에 소속된 개인(교직원, 학생) (단, 대학내 산학협력단 제외)"
40304,[삼성카드 Academy] 대구광역시 소비데이터(2020년),"2020년 대구광역시 주요업종 소비데이터(행정동단위)
[구매가능 고객]교육기관(초/중/고/대학) or 교육기관에 소속된 개인(교직원, 학생) (단, 대학내 산학협력단 제외)"
40303,[삼성카드 Academy] 대전광역시 소비데이터(2020년),"2020년 대전광역시 주요업종 소비데이터(행정동단위)
[구매가능 고객]교육기관(초/중/고/대학) or 교육기관에 소속된 개인(교직원, 학생) (단, 대학내 산학협력단 제외)"
40302,[삼성카드 Academy] 광주광역시 소비데이터(2020년),"2020년 광주광역시 주요업종 소비데이터(행정동단위)
[구매가능 고객]교육기관(초/중/고/대학) or 교육기관에 소속된 개인(교직원, 학생) (단, 대학내 산학협력단 제외)"
40301,[삼성카드 Academy] 울산광역시 소비데이터(2020년),"2020년 울산광역시 주요업종 소비데이터(행정동단위)
[구매가능 고객]교육기관(초/중/고/대학) or 교육기관에 소속된 개인(교직원, 학생) (단, 대학내 산학협력단 제외)"
40300,[삼성카드 Academy] 서울특별시 소비데이터(2019년),"2019년 서울특별시 주요업종 소비데이터(행정동단위)
[구매가능 고객]교육기관(초/중/고/대학) or 교육기관에 소속된 개인(교직원, 학생) (단, 대학내 산학협력단 제외)"
40298,[삼성카드 Academy] 경기도 소비데이터(2019년),"2019년 경기도 주요업종 소비데이터(행정동단위)
[구매가능 고객]교육기관(초/중/고/대학) or 교육기관에 소속된 개인(교직원, 학생) (단, 대학내 산학협력단 제외)"
40296,[삼성카드 Academy] 인천광역시 소비데이터(2019년),"2019년 인천광역시 주요업종 소비데이터(행정동단위)
[구매가능 고객]교육기관(초/중/고/대학) or 교육기관에 소속된 개인(교직원, 학생) (단, 대학내 산학협력단 제외)"
40295,[삼성카드 Academy] 부산광역시 소비데이터(2019년),"2019년 부산광역시 주요업종 소비데이터(행정동단위)
[구매가능 고객]교육기관(초/중/고/대학) or 교육기관에 소속된 개인(교직원, 학생) (단, 대학내 산학협력단 제외)"
40294,[삼성카드 Academy] 대구광역시 소비데이터(2019년),"2019년 대구광역시 주요업종 소비데이터(행정동단위)
[구매가능 고객]교육기관(초/중/고/대학) or 교육기관에 소속된 개인(교직원, 학생) (단, 대학내 산학협력단 제외)"
40293,[삼성카드 Academy] 대전광역시 소비데이터(2019년),"2019년 대전광역시 주요업종 소비데이터(행정동단위)
[구매가능 고객]교육기관(초/중/고/대학) or 교육기관에 소속된 개인(교직원, 학생) (단, 대학내 산학협력단 제외)"
40292,[삼성카드 Academy] 광주광역시 소비데이터(2019년),"2019년 광주광역시 주요업종 소비데이터(행정동단위)
[구매가능 고객]교육기관(초/중/고/대학) or 교육기관에 소속된 개인(교직원, 학생) (단, 대학내 산학협력단 제외)"
40291,[삼성카드 Academy] 울산광역시 소비데이터(2019년),"2019년 울산광역시 주요업종 소비데이터(행정동단위)
[구매가능 고객]교육기관(초/중/고/대학) or 교육기관에 소속된 개인(교직원, 학생) (단, 대학내 산학협력단 제외)"
40290,[삼성카드 Academy] 서울특별시 소비데이터(2019년 1분기),"2019년 1분기 서울특별시 주요업종 소비데이터(행정동단위)
[구매가능 고객]교육기관(초/중/고/대학) or 교육기관에 소속된 개인(교직원, 학생) (단, 대학내 산학협력단 제외)"
40289,[삼성카드 Academy] 경기도 소비데이터(2019년 1분기),"2019년 1분기 경기도 주요업종 소비데이터(행정동단위)
[구매가능 고객]교육기관(초/중/고/대학) or 교육기관에 소속된 개인(교직원, 학생) (단, 대학내 산학협력단 제외)"
40288,[삼성카드 Academy] 인천광역시 소비데이터(2019년 1분기),"2019년 1분기 인천광역시 주요업종 소비데이터(행정동단위)
[구매가능 고객]교육기관(초/중/고/대학) or 교육기관에 소속된 개인(교직원, 학생) (단, 대학내 산학협력단 제외)"
40287,"[2024-04호] NH트렌드+ 테무, 알리의 공격적 진출  ",NH트렌드+는 NH농협은행의 데이터를 통해 사회 이슈와 트렌드를 알아보는 리포트입니다.
40286,전국 대학교 등록금  2008년 ~ 2023년 랭킹,전국 대학교 등록금 연도별  시각화해 볼 수 있는 가공 데이터
40285,"202402 전국 행정동단위 SOHO 데이터",본 데이터는 KCB가 각 금융사들로부터 매일 수집하는 최신 금융 데이터를 공간 단위로 재가공해 월별로 제공하고 있습니다.
40284,"202402 전국 시군구단위 SOHO 데이터",본 데이터는 KCB가 각 금융사들로부터 매일 수집하는 최신 금융 데이터를 공간 단위로 재가공해 월별로 제공하고 있습니다.
40283,"202402 전국 시도단위 SOHO 데이터 ︎",본 데이터는 KCB가 각 금융사들로부터 매일 수집하는 최신 금융 데이터를 공간 단위로 재가공해 월별로 제공하고 있습니다.
40282,"202402 전국 행정동단위 하이엔드 데이터",본 데이터는 KCB가 각 금융사들로부터 매일 수집하는 최신 금융 데이터를 공간 단위로 재가공해 월별로 제공하고 있습니다.
40281,"202402 전국 시군구단위 하이엔드 데이터",본 데이터는 KCB가 각 금융사들로부터 매일 수집하는 최신 금융 데이터를 공간 단위로 재가공해 월별로 제공하고 있습니다.
40280,"202402 전국 시도단위 하이엔드 데이터",본 데이터는 KCB가 각 금융사들로부터 매일 수집하는 최신 금융 데이터를 공간 단위로 재가공해 월별로 제공하고 있습니다.
40279,"202402 전국 행정동단위 자산평가 데이터",본 데이터는 KCB가 각 금융사들로부터 매일 수집하는 최신 금융 데이터를 공간 단위로 재가공해 월별로 제공하고 있습니다.
40278,"202402 전국 시군구단위 자산평가 데이터",본 데이터는 KCB가 각 금융사들로부터 매일 수집하는 최신 금융 데이터를 공간 단위로 재가공해 월별로 제공하고 있습니다.
40277,"202402 전국 시도단위 자산평가 데이터",본 데이터는 KCB가 각 금융사들로부터 매일 수집하는 최신 금융 데이터를 공간 단위로 재가공해 월별로 제공하고 있습니다.
40276,"202402 전국 행정동단위 예금여력 데이터",본 데이터는 KCB가 각 금융사들로부터 매일 수집하는 최신 금융 데이터를 공간 단위로 재가공해 월별로 제공하고 있습니다.
40275,"202402 전국 시군구단위 예금여력 데이터",본 데이터는 KCB가 각 금융사들로부터 매일 수집하는 최신 금융 데이터를 공간 단위로 재가공해 월별로 제공하고 있습니다.
40274,부산 경제상황 진단용 월정기 데이터 (2024.02) ︎,(부산연구원 제공용) 부산 경제상황 진단용 월정기 데이터 (2024.02) ︎
40273,"202402 전국 시도단위 예금여력 데이터",본 데이터는 KCB가 각 금융사들로부터 매일 수집하는 최신 금융 데이터를 공간 단위로 재가공해 월별로 제공하고 있습니다.
40272,"202402 전국 행정동단위 연체정보 데이터",본 데이터는 KCB가 각 금융사들로부터 매일 수집하는 최신 금융 데이터를 공간 단위로 재가공해 월별로 제공하고 있습니다.
40271,"202402 전국 시군구단위 연체정보 데이터",본 데이터는 KCB가 각 금융사들로부터 매일 수집하는 최신 금융 데이터를 공간 단위로 재가공해 월별로 제공하고 있습니다.
40270,"202402 전국 시도단위 연체정보 데이터",본 데이터는 KCB가 각 금융사들로부터 매일 수집하는 최신 금융 데이터를 공간 단위로 재가공해 월별로 제공하고 있습니다.
40269,"202402 전국 행정동단위 대출정보 데이터 ︎",본 데이터는 KCB가 각 금융사들로부터 매일 수집하는 최신 금융 데이터를 공간 단위로 재가공해 월별로 제공하고 있습니다.
40268,"202402 전국 시군구단위 대출정보 데이터",본 데이터는 KCB가 각 금융사들로부터 매일 수집하는 최신 금융 데이터를 공간 단위로 재가공해 월별로 제공하고 있습니다.
40267,"202402 전국 시도단위 대출정보 데이터 ︎",본 데이터는 KCB가 각 금융사들로부터 매일 수집하는 최신 금융 데이터를 공간 단위로 재가공해 월별로 제공하고 있습니다.
40266,"202402 전국 행정동단위 소비정보 데이터",본 데이터는 KCB가 각 금융사들로부터 매일 수집하는 최신 금융 데이터를 공간 단위로 재가공해 월별로 제공하고 있습니다.
40265,"202402 전국 시군구단위 소비정보 데이터",본 데이터는 KCB가 각 금융사들로부터 매일 수집하는 최신 금융 데이터를 공간 단위로 재가공해 월별로 제공하고 있습니다.
40264,"202402 전국 시도단위 소비정보 데이터",본 데이터는 KCB가 각 금융사들로부터 매일 수집하는 최신 금융 데이터를 공간 단위로 재가공해 월별로 제공하고 있습니다.
40263,"202402 전국 행정동단위 소득정보 데이터",본 데이터는 KCB가 각 금융사들로부터 매일 수집하는 최신 금융 데이터를 공간 단위로 재가공해 월별로 제공하고 있습니다.
40262,"202402 전국 시군구단위 소득정보 데이터",본 데이터는 KCB가 각 금융사들로부터 매일 수집하는 최신 금융 데이터를 공간 단위로 재가공해 월별로 제공하고 있습니다.
40261,"202402 전국 시도단위 소득정보 데이터",본 데이터는 KCB가 각 금융사들로부터 매일 수집하는 최신 금융 데이터를 공간 단위로 재가공해 월별로 제공하고 있습니다.
40260,매경미디어로 본 키워드 - 2020~2023,"2020년부터 2023년까지 각 연도의 정치 카테고리 뉴스 기사 title을 분석했습니다.
(매일경제 지면 기사+매경닷컴 인터넷 기사)"
40259,매경미디어로 본 키워드 - 2023,"2020년부터 2023년까지 각 연도의 정치 카테고리 뉴스 기사 title을 분석했습니다.
(매일경제 지면 기사+매경닷컴 인터넷 기사)"
40258,매경미디어로 본 키워드 - 2022,"2020년부터 2023년까지 각 연도의 정치 카테고리 뉴스 기사 title을 분석했습니다.
(매일경제 지면 기사+매경닷컴 인터넷 기사)"
40257,매경미디어로 본 키워드 - 2021,"2020년부터 2023년까지 각 연도의 정치 카테고리 뉴스 기사 title을 분석했습니다.
(매일경제 지면 기사+매경닷컴 인터넷 기사)"
40256,매경미디어로 본 키워드 - 2020,"2020년부터 2023년까지 각 연도의 정치 카테고리 뉴스 기사 title을 분석했습니다.
(매일경제 지면 기사+매경닷컴 인터넷 기사)"
40255,옥외 광고 효과 분석용 인구통계 데이터,옥외 광고 효과 분석에 핵심적인 지표중 하나인 중복 방문 횟수 및  대상이 되는  Target 고객의 세그먼트 분석 데이터를 제공
40254,"2023 2Q 직장인 식권 취급기업 정보",식신E식권을 이용하는 기업의 정보 데이터로 기업 업종 지역별 사용 인원 비율을 알 수 있습니다. 본 상품은 협의 후 구매가 가능합니다.
40253,직장인 식권 취급음식점 POI,식신e식권에 가입되어 있는 전국 가맹점 POI 주소 데이터입니다. 본 상품은 협의 후 구매가 가능합니다.
40252,"202312 요일별 직장인 방문 음식점 업종 TOP 5",식신E식권을 이용하는 직장인들의 요일별 방문 음식점 업종 TOP 5 데이터입니다. 요일별로 가장 인기 있는 음식 업종을 살펴볼 수 있습니다.
40251,"202312 기업 업종별 점심식대 평균",식신E식권 도입 기업의 종목별 식대 소비 통계 데이터입니다. 종목이 각기 다른 기업의 행정구역별 식대를 비교할 수 있습니다.
40250,"202312 요일별 직장인 점심식대 평균",식신E식권을 이용하는 직장인들의 요일별 점심 식대 소비 통계 데이터입니다. 직장인들이 요일별로 어떤 음식점 업종을 주로 이용하는지 살펴볼 수 있습니다.
40249,"202312 서울 직장인 점심식대 금액 평균",식신E식권을 이용하는 직장인들의 서울특별시 구단위 별 점심 식대 소비 통계 데이터입니다.
40248,"202312 전국 직장인 점심식대 금액 평균",식신E식권을 이용하는 직장인들의 대도시별 점심 식대 소비 통계 데이터 입니다. 대도시별 직장인들의 점심 식대 사용 금액을 대략적으로 비교할 수 있습니다.
40247,직장인 점심 식대 소비 통계,"식신E식권을 이용하는 직장인들의 점심 식대 소비 통계 데이터입니다. 구별, 음식 카테고리별, 삼식별(조식, 점심, 저녁 등) 평균 이용 횟수를 확인할 수 있습니다."
40246,"202312 맛집별 조회 통계",식신에 등록되어 있는 음식점의 사용자 조회 데이터로 인기 매장과 인기 음식 카테고리 정보를 볼 수 있습니다. 
40245,"202312 음식 메뉴 및 가격 정보",식신이 수집한 전국 음식점 POI의 메뉴판을 기반으로 한 메뉴별 가격 정보 데이터입니다.
40244,큐레이션 푸드 매거진 컨텐츠,대한민국 NO.1 맛집 서비스 식신이 주제별로 선정한 맛집을 소개하는 기획기사형 매거진 데이터입니다.
40243,식신 사용자 음식점 평가 후기,"식신 사용자가 음식점을 직접 방문해 보고 경험한 맛, 서비스 등 음식점에 대한 평가를 모은 리뷰 데이터입니다."
40241,전국 음식점 이미지,"대한민국 No.1 맛집 서비스 식신이 자체 촬영하거나, 식신 사용자가 업로드한 음식점 이미지 데이터입니다. "
40240,"202312 전국 일반 맛집 정보",대한민국 NO.1 맛집 서비스 식신이 수집한 전국에 위치한 일반 음식점 POI 데이터입니다.
40239,"202312 전국 인기 맛집 정보",대한민국 NO.1 맛집 서비스 식신이 수집하고 관리하는 국내 인기 맛집 (핫플레이스) POI 데이터입니다.
40238,"202312 전국 BEST 맛집 정보",대한민국 NO.1 맛집 서비스 식신이 엄선한 전국 Best 맛집의 상세한 정보가 담긴 POI 데이터입니다.
40237,[NH농협카드] 일자별 소비현황_충북_2023년 11월,"2023년 11월 충북 지역 개인/기업별 카드 이용현황
"
40236,[NH농협카드] 일자별 소비현황_충남_2023년 11월,"2023년 11월 충남 지역 개인/기업별 카드 이용현황
"
40235,[NH농협카드] 일자별 소비현황_제주_2023년 11월,"2023년 11월 제주 지역 개인/기업별 카드 이용현황
"
40234,[NH농협카드] 일자별 소비현황_전북_2023년 11월,"2023년 11월 전북 지역 개인/기업별 카드 이용현황
"
40233,[NH농협카드] 일자별 소비현황_전남_2023년 11월,"2023년 11월 전남 지역 개인/기업별 카드 이용현황
"
40232,[NH농협카드] 일자별 소비현황_인천_2023년 11월,"2023년 11월 인천 지역 개인/기업별 카드 이용현황
"
40231,[NH농협카드] 일자별 소비현황_울산_2023년 11월,"2023년 11월 울산 지역 개인/기업별 카드 이용현황
"
40230,[NH농협카드] 일자별 소비현황_세종_2023년 11월,"2023년 11월 세종 지역 개인/기업별 카드 이용현황
"
40229,[NH농협카드] 일자별 소비현황_서울_2023년 11월,"2023년 11월 서울 지역 개인/기업별 카드 이용현황
"
40228,[NH농협카드] 일자별 소비현황_부산_2023년 11월,"2023년 11월 부산 지역 개인/기업별 카드 이용현황
"
40227,[NH농협카드] 일자별 소비현황_대전_2023년 11월,"2023년 11월 대전 지역 개인/기업별 카드 이용현황
"
40226,[NH농협카드] 일자별 소비현황_대구_2023년 11월,"2023년 11월 대구 지역 개인/기업별 카드 이용현황
"
40225,[NH농협카드] 일자별 소비현황_광주_2023년 11월,"2023년 11월 광주 지역 개인/기업별 카드 이용현황
"
40224,[NH농협카드] 일자별 소비현황_경북_2023년 11월,"2023년 11월 경북 지역 개인/기업별 카드 이용현황
"
40223,[NH농협카드] 일자별 소비현황_경남_2023년 11월,"2023년 11월 경남 지역 개인/기업별 카드 이용현황
"
40222,[NH농협카드] 일자별 소비현황_경기_2023년 11월,"2023년 11월 경기 지역 개인/기업별 카드 이용현황
"
40221,[NH농협카드] 일자별 소비현황_강원_2023년 11월,"2023년 11월 강원 지역 개인/기업별 카드 이용현황
"
40220,[NH농협카드] 일자별 소비현황_2023년 11월,"2023년 11월 개인/기업별 카드 이용현황
"
40219,[NH농협카드] 8월 세부 업종별 카드 이용건수 트렌드 (2019년 8월 ~ 2023년 8월),"8월의 세부 업종별 카드이용건수 추이를 분석할 수 있는 데이터
"
40218,[NH농협카드] 8월 세부 업종별 카드 이용금액 트렌드 (2019년 8월 ~ 2023년 8월),"8월의 세부 업종별 카드이용금액 추이를 분석할 수 있는 데이터
"
40217,[NH농협카드] 8월 시도별 업종별 카드 이용건수 트렌드 (2019년 8월 ~ 2023년 8월),"8월의 시도별 업종별 카드이용건수 추이를 분석할 수 있는 데이터
"
40216,[NH농협카드] 8월 시도별 업종별 카드 이용금액 트렌드 (2019년 8월 ~ 2023년 8월),"8월의 시도별 업종별 카드이용금액 추이를 분석할 수 있는 데이터
"
40215,[NH농협카드] 업종별 카드이용현황_2023년 8월,"2023년 8월의 업종별 카드 이용현황
"
40214,[NH농협카드] 업종별 카드이용현황_2022년 8월,"2022년 8월의 업종별 카드 이용현황
"
40213,[NH농협카드] 업종별 카드이용현황_2021년 8월,"2021년 8월의 업종별 카드 이용현황
"
40212,[NH농협카드] 업종별 카드이용현황_2020년 8월,"2020년 8월의 업종별 카드 이용현황
"
40211,[NH농협카드] 업종별 카드이용현황_2019년 8월,"2019년 8월의 업종별 카드 이용현황
"
40210,[NH농협카드] 시도별 업종별 카드이용현황_2023년 8월,"2023년 8월의 시도별 업종별 카드 이용현황
"
40209,[NH농협카드] 시도별 업종별 카드이용현황_2022년 8월,"2022년 8월의 시도별 업종별 카드 이용현황
"
40208,[NH농협카드] 시도별 업종별 카드이용현황_2021년 8월,"2021년 8월의 시도별 업종별 카드 이용현황
"
40207,[NH농협카드] 시도별 업종별 카드이용현황_2020년 8월,"2020년 8월의 시도별 업종별 카드 이용현황
"
40206,[NH농협카드] 시도별 업종별 카드이용현황_2019년 8월,"2019년 8월의 시도별 업종별 카드 이용현황
"
40205,[2024-03호] NH트렌드+ 데이터로 알아보는 2024 미쉐린 가이드,NH트렌드+는 NH농협은행의 데이터를 통해 사회 이슈와 트렌드를 알아보는 리포트입니다.
40204,"202402 연령대별 선호카테고리 TOP10","편의점 이용 고객의 연령대/성별에 따른 선호 데이터 제공
- 연령대별 편의점 선호 카테고리를 파악하여 타겟대상에 따른 마케팅 수단으로 활용가능
- 카테고리의 선호대상을 확인하여 상품개발시 활용가능"
40203,"202402 유통소비플랫폼 상품분류체계에 따른 매출구성비",GS25의 상품매출을 유통소비플랫폼의 상품분류체계를 적용하여 매출 집계 데이터로 어느 카테고리가 상대적으로 매출이 우수한지 확인할 수 있으며  카테고리의 월별 트랜드를 확인 할 수 있는 데이터임
40202,"202402 지역별 상품분류별 요일별 매출구성비","-. GS25 상품카테고리의 요일별 매출 구성비를 지역별로 분석이 가능 
 -. 법정동단위 지역을 구분하여 지역별 상품팔림새의 비교분석이 가능하고 팔림새의 그룹핑을 통해서 유사상권의 특성파악이 가능"
40201,"202402 지역별 상품분류별 시간대별_매출구성비","-. GS25 상품카테고리의 시간대별 매출 구성비를 지역별로 분석 가능한 월 집계 데이터 
-. 법정동단위 지역을 구분하여 지역별 상품팔림새의 비교분석이 가능하고 팔림새의 그룹핑을 통해서 유사상권의 특성파악이 가능"
40200,"202402 GS25 상품카테고리 별 지역별 강세 분석","전국 시/군/구 단위로 편의점의 상품 매출 비율을 통계하여 제공
각 지역의 상품 판매 평균과 전국 평균을 상품별로 비교하여 각 지역의 편의점 선호 상품을 제공함"
40199,"202402 지역별 상품분류별 매출구성비",GS25편의점의 상품카테고리별 매출 비중을 지역별로 차이가 있는지 비교분석 할 수 있는 월 집계 데이터로 지역별 선호 상품 카테고리를 확인 할 수 있음
40198,"202402 상품분류 지역별 매출구성비",GS25 상품카테고리별 지역별 매출구성비 월 집계 데이터로 지역별로 상품카테고리의 선호도를 차이를 확인 할 수 있는 데이터임
40197,"202402 상품분류 요일별 매출구성비",GS25 상품카테고리별 요일별 매출구성비 월 집계 데이터로 어느 카테고리의 요일별로 매출이 우수한지 등 요일 트랜드를 확인할 수 있음
40196,"202402 상품분류 시간대별 매출구성비",GS25 상품카테고리별 시간대별 매출구성비 월 집계 데이터로 어느 카테고리가 시간대별로 매출이 우수한지 확인할 수 있음
40195,"202402 지역별 GS25점포 매출분포","-. 전국 시/군/구 단위로 편의점 점포 매출수준을 통계하여 제공 
-. 각 지역의 점포별 매출수준을 그룹화하여 해당그룹에 어느정도의 점포가 포함되어 있는지를 수치화 하여 제공 "
40194,"202402 상품분류 매출구성비",GS25의 상품카테고리별 매출구성비 월 집계데이터로 어느 카테고리가 상대적으로 매출이 우수한지 확인할 수 있으며  카테고리의 월별 트랜드를 확인 할 수 있는 데이터임
40193,"202402 상품분류 구매횟수별 고객구성비",GS25 상품카테고리별 연령대 및 성별의 구매횟수별  월 집계 구성비 데이터로  연령대별로 어느 카테고리 상품을 상대적으로 구매 횟수가 높은지 확인 할 수 있는 데이터임
40192,"202402 상품분류 구매수량별 고객구성비",GS25 상품카테고리별 연령대 및 성별의 구매수량별  월 집계 구성비 데이터로  연령대별로 어느 카테고리 상품을 상대적으로 많이구매하는 지 확인 할 수 있는 데이터임
40191,"202402 상품분류별 고객군별 평균구매횟수",GS25 상품카테고리별 연령대 및 성별의 월평균 구매횟수 분석자료로 성별로 어느 카테고리상품을 자주 구매하는지  또는 연령대별로 어느 카테고리 상품을 상대적으로 자주 구매하는 지 확인 할 수 있는 데이터임
40190,[Academy용][SKT] 울산광역시 유동인구 (&#39;23년도),"2023년도 울산광역시 전지역 유동인구 (행정동단위) [구매가능 고객]교육기관(초/중/고/대학) or 교육기관에 소속된 개인(교직원, 학생) (단, 대학내 산학협력단 제외)"
40189,[Academy용][SKT] 대구광역시 유동인구 (&#39;23년도),"2023년도 대구광역시 전지역 유동인구 (행정동단위) [구매가능 고객]교육기관(초/중/고/대학) or 교육기관에 소속된 개인(교직원, 학생) (단, 대학내 산학협력단 제외)"
40186,[Academy용][SKT] 부산광역시 유동인구 (23년도),"2023년 (1월~12월) 부산광역시 전지역 유동인구 (행정동단위) [구매가능 고객]교육기관(초/중/고/대학) or 교육기관에 소속된 개인(교직원, 학생) (단, 대학내 산학협력단 제외)"
40185,"202401 연령대별 선호카테고리 TOP10","편의점 이용 고객의 연령대/성별에 따른 선호 데이터 제공
- 연령대별 편의점 선호 카테고리를 파악하여 타겟대상에 따른 마케팅 수단으로 활용가능
- 카테고리의 선호대상을 확인하여 상품개발시 활용가능"
40184,"202401 유통소비플랫폼 상품분류체계에 따른 매출구성비",GS25의 상품매출을 유통소비플랫폼의 상품분류체계를 적용하여 매출 집계 데이터로 어느 카테고리가 상대적으로 매출이 우수한지 확인할 수 있으며  카테고리의 월별 트랜드를 확인 할 수 있는 데이터임
40183,"202401 지역별 상품분류별 요일별 매출구성비","-. GS25 상품카테고리의 요일별 매출 구성비를 지역별로 분석이 가능 
 -. 법정동단위 지역을 구분하여 지역별 상품팔림새의 비교분석이 가능하고 팔림새의 그룹핑을 통해서 유사상권의 특성파악이 가능"
40182,"202401 지역별 상품분류별 시간대별_매출구성비","-. GS25 상품카테고리의 시간대별 매출 구성비를 지역별로 분석 가능한 월 집계 데이터 
-. 법정동단위 지역을 구분하여 지역별 상품팔림새의 비교분석이 가능하고 팔림새의 그룹핑을 통해서 유사상권의 특성파악이 가능"
40181,"202401 GS25 상품카테고리 별 지역별 강세 분석","전국 시/군/구 단위로 편의점의 상품 매출 비율을 통계하여 제공
각 지역의 상품 판매 평균과 전국 평균을 상품별로 비교하여 각 지역의 편의점 선호 상품을 제공함"
40180,"202401 지역별 상품분류별 매출구성비",GS25편의점의 상품카테고리별 매출 비중을 지역별로 차이가 있는지 비교분석 할 수 있는 월 집계 데이터로 지역별 선호 상품 카테고리를 확인 할 수 있음
40179,"202401 상품분류 지역별 매출구성비",GS25 상품카테고리별 지역별 매출구성비 월 집계 데이터로 지역별로 상품카테고리의 선호도를 차이를 확인 할 수 있는 데이터임
40178,"202401 상품분류 요일별 매출구성비",GS25 상품카테고리별 요일별 매출구성비 월 집계 데이터로 어느 카테고리의 요일별로 매출이 우수한지 등 요일 트랜드를 확인할 수 있음
40177,"202401 상품분류 시간대별 매출구성비",GS25 상품카테고리별 시간대별 매출구성비 월 집계 데이터로 어느 카테고리가 시간대별로 매출이 우수한지 확인할 수 있음
40176,"202401 지역별 GS25점포 매출분포","-. 전국 시/군/구 단위로 편의점 점포 매출수준을 통계하여 제공 
-. 각 지역의 점포별 매출수준을 그룹화하여 해당그룹에 어느정도의 점포가 포함되어 있는지를 수치화 하여 제공 "
40175,"202401 상품분류 매출구성비",GS25의 상품카테고리별 매출구성비 월 집계데이터로 어느 카테고리가 상대적으로 매출이 우수한지 확인할 수 있으며  카테고리의 월별 트랜드를 확인 할 수 있는 데이터임
40174,"202401 상품분류 구매횟수별 고객구성비",GS25 상품카테고리별 연령대 및 성별의 구매횟수별  월 집계 구성비 데이터로  연령대별로 어느 카테고리 상품을 상대적으로 구매 횟수가 높은지 확인 할 수 있는 데이터임
40173,"202401 상품분류 구매수량별 고객구성비",GS25 상품카테고리별 연령대 및 성별의 구매수량별  월 집계 구성비 데이터로  연령대별로 어느 카테고리 상품을 상대적으로 많이구매하는 지 확인 할 수 있는 데이터임
40172,"202401 상품분류별 고객군별 평균구매횟수",GS25 상품카테고리별 연령대 및 성별의 월평균 구매횟수 분석자료로 성별로 어느 카테고리상품을 자주 구매하는지  또는 연령대별로 어느 카테고리 상품을 상대적으로 자주 구매하는 지 확인 할 수 있는 데이터임
40171,[Academy용][SKT]경기도 유동인구 (&#39;23년도),"2023년 경기도 전지역 유동인구 (행정동단위) [구매가능 고객]교육기관(초/중/고/대학) or 교육기관에 소속된 개인(교직원, 학생) (단, 대학내 산학협력단 제외)"
40170,[Academy용][SKT] 인천광역시 유동인구 (23년도),"2023년 인천광역시 전지역 유동인구 (행정동단위) 
[구매가능 고객]교육기관(초/중/고/대학) or 교육기관에 소속된 개인(교직원, 학생) (단, 대학내 산학협력단 제외)"
40169,[Academy용][SKT]서울특별시 유동인구 (&#39;23년도),"2023년 서울특별시 전지역 유동인구 (행정동단위) 
[구매가능 고객]교육기관(초/중/고/대학) or 교육기관에 소속된 개인(교직원, 학생) (단, 대학내 산학협력단 제외)"
40168,"202401 전국 행정동단위 SOHO 데이터",본 데이터는 KCB가 각 금융사들로부터 매일 수집하는 최신 금융 데이터를 공간 단위로 재가공해 월별로 제공하고 있습니다.
40167,"202401 전국 시군구단위 SOHO 데이터",본 데이터는 KCB가 각 금융사들로부터 매일 수집하는 최신 금융 데이터를 공간 단위로 재가공해 월별로 제공하고 있습니다.
40166,"202401 전국 시도단위 SOHO 데이터",본 데이터는 KCB가 각 금융사들로부터 매일 수집하는 최신 금융 데이터를 공간 단위로 재가공해 월별로 제공하고 있습니다.
40165,"202401 전국 행정동단위 하이엔드 데이터",본 데이터는 KCB가 각 금융사들로부터 매일 수집하는 최신 금융 데이터를 공간 단위로 재가공해 월별로 제공하고 있습니다.
40164,"202401 전국 시군구단위 하이엔드 데이터",본 데이터는 KCB가 각 금융사들로부터 매일 수집하는 최신 금융 데이터를 공간 단위로 재가공해 월별로 제공하고 있습니다.
40163,"202401 전국 시도단위 하이엔드 데이터",본 데이터는 KCB가 각 금융사들로부터 매일 수집하는 최신 금융 데이터를 공간 단위로 재가공해 월별로 제공하고 있습니다.
40162,"202401 전국 행정동단위 자산평가 데이터",본 데이터는 KCB가 각 금융사들로부터 매일 수집하는 최신 금융 데이터를 공간 단위로 재가공해 월별로 제공하고 있습니다.
40161,"202401 전국 시군구단위 자산평가 데이터",본 데이터는 KCB가 각 금융사들로부터 매일 수집하는 최신 금융 데이터를 공간 단위로 재가공해 월별로 제공하고 있습니다.
40160,"202401 전국 시도단위 자산평가 데이터",본 데이터는 KCB가 각 금융사들로부터 매일 수집하는 최신 금융 데이터를 공간 단위로 재가공해 월별로 제공하고 있습니다.
40159,"202401 전국 행정동단위 예금여력 데이터",본 데이터는 KCB가 각 금융사들로부터 매일 수집하는 최신 금융 데이터를 공간 단위로 재가공해 월별로 제공하고 있습니다.
40158,"202401 전국 시군구단위 예금여력 데이터",본 데이터는 KCB가 각 금융사들로부터 매일 수집하는 최신 금융 데이터를 공간 단위로 재가공해 월별로 제공하고 있습니다.
40157,"202401 전국 시도단위 예금여력 데이터",본 데이터는 KCB가 각 금융사들로부터 매일 수집하는 최신 금융 데이터를 공간 단위로 재가공해 월별로 제공하고 있습니다.
40156,"202401 전국 행정동단위 연체정보 데이터",본 데이터는 KCB가 각 금융사들로부터 매일 수집하는 최신 금융 데이터를 공간 단위로 재가공해 월별로 제공하고 있습니다.
40155,"202401 전국 시군구단위 연체정보 데이터",본 데이터는 KCB가 각 금융사들로부터 매일 수집하는 최신 금융 데이터를 공간 단위로 재가공해 월별로 제공하고 있습니다.
40154,"202401 전국 시도단위 연체정보 데이터",본 데이터는 KCB가 각 금융사들로부터 매일 수집하는 최신 금융 데이터를 공간 단위로 재가공해 월별로 제공하고 있습니다.
40153,"202401 전국 행정동단위 대출정보 데이터",본 데이터는 KCB가 각 금융사들로부터 매일 수집하는 최신 금융 데이터를 공간 단위로 재가공해 월별로 제공하고 있습니다.
40152,"202401 전국 시군구단위 대출정보 데이터",본 데이터는 KCB가 각 금융사들로부터 매일 수집하는 최신 금융 데이터를 공간 단위로 재가공해 월별로 제공하고 있습니다.
40151,"202401 전국 시도단위 대출정보 데이터",본 데이터는 KCB가 각 금융사들로부터 매일 수집하는 최신 금융 데이터를 공간 단위로 재가공해 월별로 제공하고 있습니다.
40150,"202401 전국 행정동단위 소비정보 데이터",본 데이터는 KCB가 각 금융사들로부터 매일 수집하는 최신 금융 데이터를 공간 단위로 재가공해 월별로 제공하고 있습니다.
40149,"202401 전국 시군구단위 소비정보 데이터",본 데이터는 KCB가 각 금융사들로부터 매일 수집하는 최신 금융 데이터를 공ㅁ간 단위로 재가공해 월별로 제공하고 있습니다.
40148,"202401 전국 시도단위 소비정보 데이터",본 데이터는 KCB가 각 금융사들로부터 매일 수집하는 최신 금융 데이터를 공간 단위로 재가공해 월별로 제공하고 있습니다.
40147,"202401 전국 행정동단위 소득정보 데이터",본 데이터는 KCB가 각 금융사들로부터 매일 수집하는 최신 금융 데이터를 공간 단위로 재가공해 월별로 제공하고 있습니다.
40146,"202401 전국 시군구단위 소득정보 데이터",본 데이터는 KCB가 각 금융사들로부터 매일 수집하는 최신 금융 데이터를 공간 단위로 재가공해 월별로 제공하고 있습니다.
40145,"202401 전국 시도단위 소득정보 데이터",본 데이터는 KCB가 각 금융사들로부터 매일 수집하는 최신 금융 데이터를 공간 단위로 재가공해 월별로 제공하고 있습니다.
40144,"2024년 다시 축제속으로- 성공적인 지역축제 어떻게 준비해야 할까요?",지역축제 대한 인식 및 방문경험과 방문계획에 관한 트렌드 리포트
40141,직장인 식권 취급음식점 POI,식신e식권에 가입되어 있는 전국 가맹점 POI 주소 데이터입니다. 본 상품은 협의 후 구매가 가능합니다.
40140,[2023년 여름/가을] 계절별 직장인 방문 음식점 업종 TOP 5,식신E식권을 이용하는 직장인들의 계절별 방문 음식점 업종 TOP 5를 나타낸 데이터입니다.
40138,"202311 요일별 직장인 방문 음식점 업종 TOP 5",식신E식권을 이용하는 직장인들의 요일별 방문 음식점 업종 TOP 5 데이터입니다. 요일별로 가장 인기 있는 음식 업종을 살펴볼 수 있습니다.
40137,"202311 기업 업종별 점심식대 평균",식신E식권 도입 기업의 종목별 식대 소비 통계 데이터입니다. 종목이 각기 다른 기업의 행정구역별 식대를 비교할 수 있습니다.
40136,"202311 요일별 직장인 점심식대 평균",식신E식권을 이용하는 직장인들의 요일별 점심 식대 소비 통계 데이터입니다. 직장인들이 요일별로 어떤 음식점 업종을 주로 이용하는지 살펴볼 수 있습니다.
40135,"202311 서울 직장인 점심식대 금액 평균",식신E식권을 이용하는 직장인들의 서울특별시 구단위 별 점심 식대 소비 통계 데이터입니다.
40134,"202311 전국 직장인 점심식대 금액 평균",식신E식권을 이용하는 직장인들의 대도시별 점심 식대 소비 통계 데이터 입니다. 대도시별 직장인들의 점심 식대 사용 금액을 대략적으로 비교할 수 있습니다.
40133,직장인 점심 식대 소비 통계,"식신E식권을 이용하는 직장인들의 점심 식대 소비 통계 데이터입니다. 구별, 음식 카테고리별, 삼식별(조식, 점심, 저녁 등) 평균 이용 횟수를 확인할 수 있습니다. "
40132,"202311 맛집별 조회 통계",식신에 등록되어 있는 음식점의 사용자 조회 데이터로 인기 매장과 인기 음식 카테고리 정보를 볼 수 있습니다. 
40131,"202311 음식 메뉴 및 가격 정보",식신이 수집한 전국 음식점 POI의 메뉴판을 기반으로 한 메뉴별 가격 정보 데이터입니다.
40130,큐레이션 푸드 매거진 컨텐츠,대한민국 NO.1 맛집 서비스 식신이 주제별로 선정한 맛집을 소개하는 기획기사형 매거진 데이터입니다.
40129,식신 사용자 음식점 평가 후기,"식신 사용자가 음식점을 직접 방문해 보고 경험한 맛, 서비스 등 음식점에 대한 평가를 모은 리뷰 데이터입니다."
40127,전국 음식점 이미지,"대한민국 No.1 맛집 서비스 식신이 자체 촬영하거나, 식신 사용자가 업로드한 음식점 이미지 데이터입니다. "
40126,전국 핫플레이스 권역 정보 (폴리곤),전국 인기 지역(핫플레이스)을 권역별로 설정한 좌표 데이터입니다.
40125,"202311 전국 일반 맛집 정보",대한민국 NO.1 맛집 서비스 식신이 수집한 전국에 위치한 일반 음식점 POI 데이터입니다.
40124,"202311 전국 인기 맛집 정보",대한민국 NO.1 맛집 서비스 식신이 수집하고 관리하는 국내 인기 맛집 (핫플레이스) POI 데이터입니다.
40123,"202311 전국 BEST 맛집 정보",대한민국 NO.1 맛집 서비스 식신이 엄선한 전국 Best 맛집의 상세한 정보가 담긴 POI 데이터입니다.
40122,부산 경제상황 진단용 월정기 데이터 (2024.01) ︎,(부산연구원 제공용) 부산 경제상황 진단용 월정기 데이터 (2024.01) ︎ ︎
40102,기후변화 대응을 위한 기후기술 특허데이터 - 경기도편,국내 경기도 소재 출원인의 기후기술 관련 특허데이터입니다. CPC 기반으로 기술분야를 제공하여 특허 및 동향분석에 용이합니다.
40099,[2024-02호] NH트렌드+ 대 콘텐츠의 시대! OTT트렌드 파헤치기,NH트렌드+는 NH농협은행의 데이터를 통해 사회 이슈와 트렌드를 알아보는 리포트입니다.
40093,사업자 등록정보 조회 API,"국문 기업명을 기준으로 사업자번호 및 기업식별 관련 참조 정보를 제공합니다.
"
40092,국내기업 휴폐업 정보 DB,"국내기업의 휴폐업 상태 정보와 발생 및 변경 일자를 제공합니다.
"
40091,해외 기업 소유자정보 DB,"Dun&amp;Bradstreet의 전세계 2백여개국 5억여개의 기업DB를 토대로 해외 기업의 대표자 정보 데이터를 제공합니다.
"
40090,해외 기업 재무정보 DB,"Dun&amp;Bradstreet의 전세계 2백여개국 5억여개의 기업DB를 토대로 해외 기업의 재무 데이터를 제공합니다.
"
40088,해외 기업 개요정보 DB,"Dun&amp;Bradstreet의 전세계 2백여개국 5억여개의 기업DB를 토대로 해외 기업의 개요 데이터를 제공합니다.
"
40079,Hoover&#39;s 해외기업조회 서비스,"Duns&amp;Bradstreet의 Worldwide Database를 활용하여 전세계의 활동중인 기업 2.5억개, 1천만명 이상의 인물정보, 산업분석보고서, 경쟁사 정보, 뉴스를 실시간으로 조회할 수 있습니다.
"
40078,CREPORT 국내기업조회 서비스,"1,100만 국내 기업의 개요, 재무 및 신용정보를 실시간으로 조회할 수 있습니다.
"
40073,[NH농협카드] 7월 세부 업종별 카드 이용건수 트렌드 (2019년 7월 ~ 2023년 7월),"7월의 세부 업종별 카드이용건수 추이를 분석할 수 있는 데이터
"
40072,[NH농협카드] 7월 세부 업종별 카드 이용금액 트렌드 (2019년 7월 ~ 2023년 7월),"7월의 세부 업종별 카드이용금액 추이를 분석할 수 있는 데이터
"
40071,[NH농협카드] 7월 시도별 업종별 카드 이용건수 트렌드 (2019년 7월 ~ 2023년 7월),"7월의 시도별 업종별 카드이용건수 추이를 분석할 수 있는 데이터
"
40070,[NH농협카드] 7월 시도별 업종별 카드 이용금액 트렌드 (2019년 7월 ~ 2023년 7월),"7월의 시도별 업종별 카드이용금액 추이를 분석할 수 있는 데이터
"
40069,[NH농협카드] 업종별 카드이용현황_2023년 7월,"2023년 7월의 업종별 카드 이용현황
"
40068,[NH농협카드] 업종별 카드이용현황_2022년 7월,"2022년 7월의 업종별 카드 이용현황
"
40067,[NH농협카드] 업종별 카드이용현황_2021년 7월,"2021년 7월의 업종별 카드 이용현황
"
40066,[NH농협카드] 업종별 카드이용현황_2020년 7월,"2020년 7월의 업종별 카드 이용현황
"
40065,[NH농협카드] 업종별 카드이용현황_2019년 7월,"2019년 7월의 업종별 카드 이용현황
"
40064,[NH농협카드] 시도별 업종별 카드이용현황_2023년 7월,"2023년 7월의 시도별 업종별 카드 이용현황
"
40063,[NH농협카드] 시도별 업종별 카드이용현황_2022년 7월,"2022년 7월의 시도별 업종별 카드 이용현황
"
40062,[NH농협카드] 시도별 업종별 카드이용현황_2021년 7월,"2021년 7월의 시도별 업종별 카드 이용현황
"
40061,[NH농협카드] 시도별 업종별 카드이용현황_2020년 7월,"2020년 7월의 시도별 업종별 카드 이용현황
"
40060,[NH농협카드] 시도별 업종별 카드이용현황_2019년 7월,"2019년 7월의 시도별 업종별 카드 이용현황
"
40059,[NH농협카드] 일자별 소비현황_충북_2023년 10월,"2023년 10월 충북 지역 개인/기업별 카드 이용현황
"
40058,[NH농협카드] 일자별 소비현황_충남_2023년 10월,"2023년 10월 충남 지역 개인/기업별 카드 이용현황
"
40057,[NH농협카드] 일자별 소비현황_제주_2023년 10월,"2023년 10월 제주 지역 개인/기업별 카드 이용현황
"
40056,[NH농협카드] 일자별 소비현황_전북_2023년 10월,"2023년 10월 전북 지역 개인/기업별 카드 이용현황
"
40055,[NH농협카드] 일자별 소비현황_전남_2023년 10월,"2023년 10월 전남 지역 개인/기업별 카드 이용현황
"
40054,[NH농협카드] 일자별 소비현황_인천_2023년 10월,"2023년 10월 인천 지역 개인/기업별 카드 이용현황
"
40053,[NH농협카드] 일자별 소비현황_울산_2023년 10월,"2023년 10월 울산 지역 개인/기업별 카드 이용현황
"
40052,[NH농협카드] 일자별 소비현황_세종_2023년 10월,"2023년 10월 세종 지역 개인/기업별 카드 이용현황
"
40051,[NH농협카드] 일자별 소비현황_서울_2023년 10월,"2023년 10월 서울 지역 개인/기업별 카드 이용현황
"
40050,[NH농협카드] 일자별 소비현황_부산_2023년 10월,"2023년 10월 부산 지역 개인/기업별 카드 이용현황
"
40049,[NH농협카드] 일자별 소비현황_대전_2023년 10월,"2023년 10월 대전 지역 개인/기업별 카드 이용현황
"
40048,[NH농협카드] 일자별 소비현황_대구_2023년 10월,"2023년 10월 대구 지역 개인/기업별 카드 이용현황
"
40047,[NH농협카드] 일자별 소비현황_광주_2023년 10월,"2023년 10월 광주 지역 개인/기업별 카드 이용현황
"
40046,[NH농협카드] 일자별 소비현황_경북_2023년 10월,"2023년 10월 경북 지역 개인/기업별 카드 이용현황
"
40045,[NH농협카드] 일자별 소비현황_경남_2023년 10월,"2023년 10월 경남 지역 개인/기업별 카드 이용현황
"
40044,[NH농협카드] 일자별 소비현황_경기_2023년 10월,"2023년 10월 경기 지역 개인/기업별 카드 이용현황
"
40043,[NH농협카드] 일자별 소비현황_강원_2023년 10월,"2023년 10월 강원 지역 개인/기업별 카드 이용현황
"
40042,[NH농협카드] 일자별 소비현황_2023년 10월,"2023년 10월 개인/기업별 카드 이용현황
"
40041,"202312 전국 행정동단위 SOHO 데이터",본 데이터는 KCB가 각 금융사들로부터 매일 수집하는 최신 금융 데이터를 공간 단위로 재가공해 월별로 제공하고 있습니다.
40040,"202312 전국 시군구단위 SOHO 데이터",본 데이터는 KCB가 각 금융사들로부터 매일 수집하는 최신 금융 데이터를 공간 단위로 재가공해 월별로 제공하고 있습니다.
40039,"202312 전국 시도단위 SOHO 데이터",본 데이터는 KCB가 각 금융사들로부터 매일 수집하는 최신 금융 데이터를 공간 단위로 재가공해 월별로 제공하고 있습니다.
40038,[2024-01호] NH트렌드+ 사람들은 어떤 과일을 좋아할까요?,NH트렌드+는 NH농협은행의 데이터를 통해 사회 이슈와 트렌드를 알아보는 리포트입니다.
40030,"202312 전국 행정동단위 하이엔드 데이터",본 데이터는 KCB가 각 금융사들로부터 매일 수집하는 최신 금융 데이터를 공간 단위로 재가공해 월별로 제공하고 있습니다.
40029,"202312 전국 시군구단위 하이엔드 데이터",본 데이터는 KCB가 각 금융사들로부터 매일 수집하는 최신 금융 데이터를 공간 단위로 재가공해 월별로 제공하고 있습니다.
40028,"202312 전국 시도단위 하이엔드 데이터",본 데이터는 KCB가 각 금융사들로부터 매일 수집하는 최신 금융 데이터를 공간 단위로 재가공해 월별로 제공하고 있습니다.
40027,"202312 전국 행정동단위 자산평가 데이터",본 데이터는 KCB가 각 금융사들로부터 매일 수집하는 최신 금융 데이터를 공간 단위로 재가공해 월별로 제공하고 있습니다.
40026,"202312 전국 시군구단위 자산평가 데이터",본 데이터는 KCB가 각 금융사들로부터 매일 수집하는 최신 금융 데이터를 공간 단위로 재가공해 월별로 제공하고 있습니다.
40025,"202312 전국 시도단위 자산평가 데이터",본 데이터는 KCB가 각 금융사들로부터 매일 수집하는 최신 금융 데이터를 공간 단위로 재가공해 월별로 제공하고 있습니다.
40024,"202312 전국 행정동단위 예금여력 데이터",본 데이터는 KCB가 각 금융사들로부터 매일 수집하는 최신 금융 데이터를 공간 단위로 재가공해 월별로 제공하고 있습니다.
40023,"202312 전국 시군구단위 예금여력 데이터",본 데이터는 KCB가 각 금융사들로부터 매일 수집하는 최신 금융 데이터를 공간 단위로 재가공해 월별로 제공하고 있습니다.
40022,"202312 전국 시도단위 예금여력 데이터",본 데이터는 KCB가 각 금융사들로부터 매일 수집하는 최신 금융 데이터를 공간 단위로 재가공해 월별로 제공하고 있습니다.
40021,"202312 전국 행정동단위 연체정보 데이터",본 데이터는 KCB가 각 금융사들로부터 매일 수집하는 최신 금융 데이터를 공간 단위로 재가공해 월별로 제공하고 있습니다.
40020,"202312 전국 시군구단위 연체정보 데이터",본 데이터는 KCB가 각 금융사들로부터 매일 수집하는 최신 금융 데이터를 공간 단위로 재가공해 월별로 제공하고 있습니다.
40019,"202312 전국 시도단위 연체정보 데이터",본 데이터는 KCB가 각 금융사들로부터 매일 수집하는 최신 금융 데이터를 공간 단위로 재가공해 월별로 제공하고 있습니다.
40018,"202312 전국 행정동단위 대출정보 데이터",본 데이터는 KCB가 각 금융사들로부터 매일 수집하는 최신 금융 데이터를 공간 단위로 재가공해 월별로 제공하고 있습니다.
40017,"202312 전국 시군구단위 대출정보 데이터",본 데이터는 KCB가 각 금융사들로부터 매일 수집하는 최신 금융 데이터를 공간 단위로 재가공해 월별로 제공하고 있습니다.
40016,"202312 전국 시도단위 대출정보 데이터",본 데이터는 KCB가 각 금융사들로부터 매일 수집하는 최신 금융 데이터를 공간 단위로 재가공해 월별로 제공하고 있습니다.
40015,"202312 전국 행정동단위 소비정보 데이터",본 데이터는 KCB가 각 금융사들로부터 매일 수집하는 최신 금융 데이터를 공간 단위로 재가공해 월별로 제공하고 있습니다.
40014,"202312 전국 시군구단위 소비정보 데이터",본 데이터는 KCB가 각 금융사들로부터 매일 수집하는 최신 금융 데이터를 공ㅁ간 단위로 재가공해 월별로 제공하고 있습니다.
40013,"202312 전국 시도단위 소비정보 데이터",본 데이터는 KCB가 각 금융사들로부터 매일 수집하는 최신 금융 데이터를 공간 단위로 재가공해 월별로 제공하고 있습니다.
40012,"202312 전국 행정동단위 소득정보 데이터",본 데이터는 KCB가 각 금융사들로부터 매일 수집하는 최신 금융 데이터를 공간 단위로 재가공해 월별로 제공하고 있습니다.
40011,"202312 전국 시군구단위 소득정보 데이터",본 데이터는 KCB가 각 금융사들로부터 매일 수집하는 최신 금융 데이터를 공간 단위로 재가공해 월별로 제공하고 있습니다.
40010,"202312 전국 시도단위 소득정보 데이터 ︎",본 데이터는 KCB가 각 금융사들로부터 매일 수집하는 최신 금융 데이터를 공간 단위로 재가공해 월별로 제공하고 있습니다.
40004,[NH농협카드] NH소비트렌드_서울 지하철 성수역 인근 상권 분석,"NH농협카드를 통해 거래한 서울 지하철 성수역 인근 상권 분석
"
40003,[NH농협카드] NH소비트렌드_저가커피 프렌차이즈 소비현황,"NH농협카드를 통해 거래한 저가커피 프렌차이즈 소비현황 분석
"
40001,[NH농협카드] 6월 세부 업종별 카드 이용건수 트렌드 (2019년 6월 ~ 2023년 6월),"6월의 세부 업종별 카드 이용건수 추이를 분석할 수 있는 데이터
"
40000,[NH농협카드] 6월 세부 업종별 카드 이용금액 트렌드 (2019년 6월 ~ 2023년 6월),"6월의 세부 업종별 카드 이용금액 추이를 분석할 수 있는 데이터
"
39999,[NH농협카드] 6월 시도별 업종별 카드 이용건수 트렌드 (2019년 6월 ~ 2023년 6월),"6월의 시도별 업종별 카드 이용건수 추이를 분석할 수 있는 데이터
"
39998,[NH농협카드] 6월 시도별 업종별 카드 이용금액 트렌드 (2019년 6월 ~ 2023년 6월),"6월의 시도별 업종별 카드 이용금액 추이를 분석할 수 있는 데이터
"
39997,[NH농협카드] 업종별 카드이용현황_2023년 6월,"2023년 6월의 업종별 카드 이용현황
"
39996,[NH농협카드] 업종별 카드이용현황_2022년 6월,"2022년 6월의 업종별 카드 이용현황
"
39995,[NH농협카드] 업종별 카드이용현황_2021년 6월,"2021년 6월의 업종별 카드 이용현황
"
39994,[NH농협카드] 업종별 카드이용현황_2020년 6월,"2020년 6월의 업종별 카드 이용현황
"
39993,[NH농협카드] 업종별 카드이용현황_2019년 6월,"2019년 6월의 업종별 카드 이용현황
"
39992,[NH농협카드] 시도별 업종별 카드이용현황_2023년 6월,"2023년 6월의 시도별 업종별 카드 이용현황
"
39991,[NH농협카드] 시도별 업종별 카드이용현황_2022년 6월,"2022년 6월의 시도별 업종별 카드 이용현황
"
39990,[NH농협카드] 시도별 업종별 카드이용현황_2021년 6월,"2021년 6월의 시도별 업종별 카드 이용현황
"
39989,[NH농협카드] 시도별 업종별 카드이용현황_2020년 6월,"2020년 6월의 시도별 업종별 카드 이용현황
"
39988,[NH농협카드] 시도별 업종별 카드이용현황_2019년 6월,"2019년 6월의 시도별 업종별 카드 이용현황
"
39987,"202312 연령대별 선호카테고리 TOP10","편의점 이용 고객의 연령대/성별에 따른 선호 데이터 제공
- 연령대별 편의점 선호 카테고리를 파악하여 타겟대상에 따른 마케팅 수단으로 활용가능
- 카테고리의 선호대상을 확인하여 상품개발시 활용가능"
39986,"202312 유통소비플랫폼 상품분류체계에 따른 매출구성비",GS25의 상품매출을 유통소비플랫폼의 상품분류체계를 적용하여 매출 집계 데이터로 어느 카테고리가 상대적으로 매출이 우수한지 확인할 수 있으며  카테고리의 월별 트랜드를 확인 할 수 있는 데이터임
39985,"202312 지역별 상품분류별 요일별 매출구성비","-. GS25 상품카테고리의 요일별 매출 구성비를 지역별로 분석이 가능 
 -. 법정동단위 지역을 구분하여 지역별 상품팔림새의 비교분석이 가능하고 팔림새의 그룹핑을 통해서 유사상권의 특성파악이 가능"
39984,"202312 지역별 상품분류별 시간대별_매출구성비","-. GS25 상품카테고리의 시간대별 매출 구성비를 지역별로 분석 가능한 월 집계 데이터 
-. 법정동단위 지역을 구분하여 지역별 상품팔림새의 비교분석이 가능하고 팔림새의 그룹핑을 통해서 유사상권의 특성파악이 가능"
39983,"202312 GS25 상품카테고리 별 지역별 강세 분석","전국 시/군/구 단위로 편의점의 상품 매출 비율을 통계하여 제공
각 지역의 상품 판매 평균과 전국 평균을 상품별로 비교하여 각 지역의 편의점 선호 상품을 제공함"
39982,"202312 지역별 상품분류별 매출구성비",GS25편의점의 상품카테고리별 매출 비중을 지역별로 차이가 있는지 비교분석 할 수 있는 월 집계 데이터로 지역별 선호 상품 카테고리를 확인 할 수 있음
39981,"202312 상품분류 지역별 매출구성비",GS25 상품카테고리별 지역별 매출구성비 월 집계 데이터로 지역별로 상품카테고리의 선호도를 차이를 확인 할 수 있는 데이터임
39980,"202312 상품분류 요일별 매출구성비",GS25 상품카테고리별 요일별 매출구성비 월 집계 데이터로 어느 카테고리의 요일별로 매출이 우수한지 등 요일 트랜드를 확인할 수 있음
39979,"202312 상품분류 시간대별 매출구성비",GS25 상품카테고리별 시간대별 매출구성비 월 집계 데이터로 어느 카테고리가 시간대별로 매출이 우수한지 확인할 수 있음
39978,"202312 지역별 GS25점포 매출분포","-. 전국 시/군/구 단위로 편의점 점포 매출수준을 통계하여 제공 
-. 각 지역의 점포별 매출수준을 그룹화하여 해당그룹에 어느정도의 점포가 포함되어 있는지를 수치화 하여 제공 "
39977,"202312 상품분류 매출구성비",GS25의 상품카테고리별 매출구성비 월 집계데이터로 어느 카테고리가 상대적으로 매출이 우수한지 확인할 수 있으며  카테고리의 월별 트랜드를 확인 할 수 있는 데이터임
39976,"202312 상품분류 구매횟수별 고객구성비",GS25 상품카테고리별 연령대 및 성별의 구매횟수별  월 집계 구성비 데이터로  연령대별로 어느 카테고리 상품을 상대적으로 구매 횟수가 높은지 확인 할 수 있는 데이터임
39975,"202312 상품분류 구매수량별 고객구성비",GS25 상품카테고리별 연령대 및 성별의 구매수량별  월 집계 구성비 데이터로  연령대별로 어느 카테고리 상품을 상대적으로 많이구매하는 지 확인 할 수 있는 데이터임
39974,"202312 상품분류별 고객군별 평균구매횟수",GS25 상품카테고리별 연령대 및 성별의 월평균 구매횟수 분석자료로 성별로 어느 카테고리상품을 자주 구매하는지  또는 연령대별로 어느 카테고리 상품을 상대적으로 자주 구매하는 지 확인 할 수 있는 데이터임
39973,부산 경제상황 진단용 월정기 데이터 (2023.12) ︎ ︎,부산 경제상황 진단용 월정기 데이터 (2023.12) ︎ ︎
39972,[NH농협카드] 일자별 소비현황_충북_2023년 9월,"2023년 9월 충북 지역 개인/기업별 카드 이용현황
"
39971,[NH농협카드] 일자별 소비현황_충남_2023년 9월,"2023년 9월 충남 지역 개인/기업별 카드 이용현황
"
39970,[NH농협카드] 일자별 소비현황_제주_2023년 9월,"2023년 9월 제주 지역 개인/기업별 카드 이용현황
"
39969,[NH농협카드] 일자별 소비현황_전북_2023년 9월,"2023년 9월 전북 지역 개인/기업별 카드 이용현황
"
39968,[NH농협카드] 일자별 소비현황_전남_2023년 9월,"2023년 9월 전남 지역 개인/기업별 카드 이용현황
"
39967,[NH농협카드] 일자별 소비현황_인천_2023년 9월,"2023년 9월 인천 지역 개인/기업별 카드 이용현황
"
39966,[NH농협카드] 일자별 소비현황_울산_2023년 9월,"2023년 9월 울산 지역 개인/기업별 카드 이용현황
"
39965,[NH농협카드] 일자별 소비현황_세종_2023년 9월,"2023년 9월 세종 지역 개인/기업별 카드 이용현황
"
39964,[NH농협카드] 일자별 소비현황_서울_2023년 9월,"2023년 9월 서울 지역 개인/기업별 카드 이용현황
"
39963,[NH농협카드] 일자별 소비현황_부산_2023년 9월,"2023년 9월 부산 지역 개인/기업별 카드 이용현황
"
39962,[NH농협카드] 일자별 소비현황_대전_2023년 9월,"2023년 9월 대전 지역 개인/기업별 카드 이용현황
"
39961,[NH농협카드] 일자별 소비현황_대구_2023년 9월,"2023년 9월 대구 지역 개인/기업별 카드 이용현황
"
39960,[NH농협카드] 일자별 소비현황_광주_2023년 9월,"2023년 9월 광주 지역 개인/기업별 카드 이용현황
"
39959,[NH농협카드] 일자별 소비현황_경북_2023년 9월,"2023년 9월 경북 지역 개인/기업별 카드 이용현황
"
39958,[NH농협카드] 일자별 소비현황_경남_2023년 9월,"2023년 9월 경남 지역 개인/기업별 카드 이용현황
"
39956,[NH농협카드] 일자별 소비현황_경기_2023년 9월,"2023년 9월 경기 지역 개인/기업별 카드 이용현황
"
39955,[NH농협카드] 일자별 소비현황_강원_2023년 9월,"2023년 9월 강원 지역 개인/기업별 카드 이용현황
"
39954,[NH농협카드] 일자별 소비현황_2023년 9월,"2023년 9월 개인/기업별 카드 이용현황
"
39953,직장인 식권 취급음식점 POI,식신e식권에 가입되어 있는 전국 가맹점 POI 주소 데이터입니다. 본 상품은 협의 후 구매가 가능합니다.
39952,"202310 요일별 직장인 방문 음식점 업종 TOP 5",식신E식권을 이용하는 직장인들의 요일별 방문 음식점 업종 TOP 5 데이터입니다. 요일별로 가장 인기 있는 음식 업종을 살펴볼 수 있습니다.
39951,"202310 기업 업종별 점심식대 평균",식신E식권 도입 기업의 종목별 식대 소비 통계 데이터입니다. 종목이 각기 다른 기업의 행정구역별 식대를 비교할 수 있습니다.
39950,"202310 요일별 직장인 점심식대 평균",식신E식권을 이용하는 직장인들의 요일별 점심 식대 소비 통계 데이터입니다. 직장인들이 요일별로 어떤 음식점 업종을 주로 이용하는지 살펴볼 수 있습니다.
39949,"202310 서울 직장인 점심식대 금액 평균",식신E식권을 이용하는 직장인들의 서울특별시 구단위 별 점심 식대 소비 통계 데이터입니다.
39948,"202310 전국 직장인 점심식대 금액 평균",식신E식권을 이용하는 직장인들의 대도시별 점심 식대 소비 통계 데이터 입니다. 대도시별 직장인들의 점심 식대 사용 금액을 대략적으로 비교할 수 있습니다.
39947,직장인 점심 식대 소비 통계,"식신E식권을 이용하는 직장인들의 점심 식대 소비 통계 데이터입니다. 구별, 음식 카테고리별, 삼식별(조식, 점심, 저녁 등) 평균 이용 횟수를 확인할 수 있습니다. "
39946,"202310 맛집별 조회 통계",식신에 등록되어 있는 음식점의 사용자 조회 데이터로 인기 매장과 인기 음식 카테고리 정보를 볼 수 있습니다. 
39945,"202310 음식 메뉴 및 가격 정보",식신이 수집한 전국 음식점 POI의 메뉴판을 기반으로 한 메뉴별 가격 정보 데이터입니다.
39944,식신 사용자 음식점 평가 후기,"식신 사용자가 음식점을 직접 방문해 보고 경험한 맛, 서비스 등 음식점에 대한 평가를 모은 리뷰 데이터입니다."
39943,"202310 전국 일반 맛집 정보",대한민국 NO.1 맛집 서비스 식신이 수집한 전국에 위치한 일반 음식점 POI 데이터입니다.
39942,"202310 전국 BEST 맛집 정보",대한민국 NO.1 맛집 서비스 식신이 엄선한 전국 Best 맛집의 상세한 정보가 담긴 POI 데이터입니다.
39941,큐레이션 푸드 매거진 컨텐츠,대한민국 NO.1 맛집 서비스 식신이 주제별로 선정한 맛집을 소개하는 기획기사형 매거진 데이터입니다.
39897,"늘어가는 전기차 인기, 어떤 사람들이 많이 탈까?",전기차 구매자와 전기차 이용에 대한 특징에 관한 리포트
39873,"2023 2Q 직장인 식권 취급기업 정보",식신E식권을 이용하는 기업의 정보 데이터로 기업 업종 지역별 사용 인원 비율을 알 수 있습니다. 본 상품은 협의 후 구매가 가능합니다.
39872,직장인 식권 취급음식점 POI,식신e식권에 가입되어 있는 전국 가맹점 POI 주소 데이터입니다. 본 상품은 협의 후 구매가 가능합니다.
39871,[2023년 여름/가을] 계절별 직장인 방문 음식점 업종 TOP 5,식신E식권을 이용하는 직장인들의 계절별 방문 음식점 업종 TOP 5를 나타낸 데이터입니다.
39870,"202309 요일별 직장인 방문 음식점 업종 TOP 5",식신E식권을 이용하는 직장인들의 요일별 방문 음식점 업종 TOP 5 데이터입니다. 요일별로 가장 인기 있는 음식 업종을 살펴볼 수 있습니다.
39869,"202309 기업 업종별 점심식대 평균",식신E식권 도입 기업의 종목별 식대 소비 통계 데이터입니다. 종목이 각기 다른 기업의 행정구역별 식대를 비교할 수 있습니다.
39868,"202309 요일별 직장인 점심식대 평균",식신E식권을 이용하는 직장인들의 요일별 점심 식대 소비 통계 데이터입니다. 직장인들이 요일별로 어떤 음식점 업종을 주로 이용하는지 살펴볼 수 있습니다.
39867,"202309 서울 직장인 점심식대 금액 평균",식신E식권을 이용하는 직장인들의 서울특별시 구단위 별 점심 식대 소비 통계 데이터입니다.
39866,"202309 전국 직장인 점심식대 금액 평균",식신E식권을 이용하는 직장인들의 대도시별 점심 식대 소비 통계 데이터 입니다. 대도시별 직장인들의 점심 식대 사용 금액을 대략적으로 비교할 수 있습니다.
39865,직장인 점심 식대 소비 통계,"식신E식권을 이용하는 직장인들의 점심 식대 소비 통계 데이터입니다. 구별, 음식 카테고리별, 삼식별(조식, 점심, 저녁 등) 평균 이용 횟수를 확인할 수 있습니다. "
39864,"202309 맛집별 조회 통계",식신에 등록되어 있는 음식점의 사용자 조회 데이터로 인기 매장과 인기 음식 카테고리 정보를 볼 수 있습니다. 
39863,"202309 음식 메뉴 및 가격 정보",식신이 수집한 전국 음식점 POI의 메뉴판을 기반으로 한 메뉴별 가격 정보 데이터입니다.
39862,큐레이션 푸드 매거진 컨텐츠,대한민국 NO.1 맛집 서비스 식신이 주제별로 선정한 맛집을 소개하는 기획기사형 매거진 데이터입니다.
39861,식신 사용자 음식점 평가 후기,"식신 사용자가 음식점을 직접 방문해 보고 경험한 맛, 서비스 등 음식점에 대한 평가를 모은 리뷰 데이터입니다."
39860,전국 음식점 이미지,"대한민국 No.1 맛집 서비스 식신이 자체 촬영하거나, 식신 사용자가 업로드한 음식점 이미지 데이터입니다. "
39859,전국 음식점 이미지,"대한민국 No.1 맛집 서비스 식신이 자체 촬영하거나, 식신 사용자가 업로드한 음식점 이미지 데이터입니다. "
39858,전국 핫플레이스 권역 정보 (폴리곤),전국 인기 지역(핫플레이스)을 권역별로 설정한 좌표 데이터입니다.
39857,"202309 전국 일반 맛집 정보",대한민국 NO.1 맛집 서비스 식신이 수집한 전국에 위치한 일반 음식점 POI 데이터입니다.
39856,"202309 전국 인기 맛집 정보",대한민국 NO.1 맛집 서비스 식신이 수집하고 관리하는 국내 인기 맛집 (핫플레이스) POI 데이터입니다.
39855,"202309 전국 BEST 맛집 정보",대한민국 NO.1 맛집 서비스 식신이 엄선한 전국 Best 맛집의 상세한 정보가 담긴 POI 데이터입니다.
39854,직장인 식권 취급음식점 POI,식신e식권에 가입되어 있는 전국 가맹점 POI 주소 데이터입니다. 본 상품은 협의 후 구매가 가능합니다.
39853,"202308 요일별 직장인 방문 음식점 업종 TOP 5",식신E식권을 이용하는 직장인들의 요일별 방문 음식점 업종 TOP 5 데이터입니다. 요일별로 가장 인기 있는 음식 업종을 살펴볼 수 있습니다.
39852,"202308 기업 업종별 점심식대 평균",식신E식권 도입 기업의 종목별 식대 소비 통계 데이터입니다. 종목이 각기 다른 기업의 행정구역별 식대를 비교할 수 있습니다.
39851,"202308 요일별 직장인 점심식대 평균",식신E식권을 이용하는 직장인들의 요일별 점심 식대 소비 통계 데이터입니다. 직장인들이 요일별로 어떤 음식점 업종을 주로 이용하는지 살펴볼 수 있습니다.
39850,"202308 서울 직장인 점심식대 금액 평균",식신E식권을 이용하는 직장인들의 서울특별시 구단위 별 점심 식대 소비 통계 데이터입니다.
39849,"202308 전국 직장인 점심식대 금액 평균",식신E식권을 이용하는 직장인들의 대도시별 점심 식대 소비 통계 데이터 입니다. 대도시별 직장인들의 점심 식대 사용 금액을 대략적으로 비교할 수 있습니다.
39848,직장인 점심 식대 소비 통계,"식신E식권을 이용하는 직장인들의 점심 식대 소비 통계 데이터입니다. 구별, 음식 카테고리별, 삼식별(조식, 점심, 저녁 등) 평균 이용 횟수를 확인할 수 있습니다. "
39847,"202308 맛집별 조회 통계",식신에 등록되어 있는 음식점의 사용자 조회 데이터로 인기 매장과 인기 음식 카테고리 정보를 볼 수 있습니다. 
39846,"202308 음식 메뉴 및 가격 정보",식신이 수집한 전국 음식점 POI의 메뉴판을 기반으로 한 메뉴별 가격 정보 데이터입니다.
39845,식신 사용자 음식점 평가 후기,"식신 사용자가 음식점을 직접 방문해 보고 경험한 맛, 서비스 등 음식점에 대한 평가를 모은 리뷰 데이터입니다."
39844,"202308 전국 일반 맛집 정보",대한민국 NO.1 맛집 서비스 식신이 수집한 전국에 위치한 일반 음식점 POI 데이터입니다.
39843,직장인 식권 취급음식점 POI,식신e식권에 가입되어 있는 전국 가맹점 POI 주소 데이터입니다. 본 상품은 협의 후 구매가 가능합니다.
39842,"202307 요일별 직장인 방문 음식점 업종 TOP 5",식신E식권을 이용하는 직장인들의 요일별 방문 음식점 업종 TOP 5 데이터입니다. 요일별로 가장 인기 있는 음식 업종을 살펴볼 수 있습니다.
39841,"202307 기업 업종별 점심식대 평균",식신E식권 도입 기업의 종목별 식대 소비 통계 데이터입니다. 종목이 각기 다른 기업의 행정구역별 식대를 비교할 수 있습니다.
39840,"202307 요일별 직장인 점심식대 평균",식신E식권을 이용하는 직장인들의 요일별 점심 식대 소비 통계 데이터입니다. 직장인들이 요일별로 어떤 음식점 업종을 주로 이용하는지 살펴볼 수 있습니다.
39839,"202307 서울 직장인 점심식대 금액 평균",식신E식권을 이용하는 직장인들의 서울특별시 구단위 별 점심 식대 소비 통계 데이터입니다.
39838,"202307 전국 직장인 점심식대 금액 평균",식신E식권을 이용하는 직장인들의 대도시별 점심 식대 소비 통계 데이터 입니다. 대도시별 직장인들의 점심 식대 사용 금액을 대략적으로 비교할 수 있습니다.
39837,직장인 점심 식대 소비 통계,"식신E식권을 이용하는 직장인들의 점심 식대 소비 통계 데이터입니다. 구별, 음식 카테고리별, 삼식별(조식, 점심, 저녁 등) 평균 이용 횟수를 확인할 수 있습니다. "
39836,"202307 맛집별 조회 통계",식신에 등록되어 있는 음식점의 사용자 조회 데이터로 인기 매장과 인기 음식 카테고리 정보를 볼 수 있습니다. 
39835,"202307 음식 메뉴 및 가격 정보",식신이 수집한 전국 음식점 POI의 메뉴판을 기반으로 한 메뉴별 가격 정보 데이터입니다.
39834,식신 사용자 음식점 평가 후기,"식신 사용자가 음식점을 직접 방문해 보고 경험한 맛, 서비스 등 음식점에 대한 평가를 모은 리뷰 데이터입니다."
39830,"202311 연령대별 선호카테고리 TOP10","편의점 이용 고객의 연령대/성별에 따른 선호 데이터 제공
- 연령대별 편의점 선호 카테고리를 파악하여 타겟대상에 따른 마케팅 수단으로 활용가능
- 카테고리의 선호대상을 확인하여 상품개발시 활용가능"
39829,"202311 유통소비플랫폼 상품분류체계에 따른 매출구성비",GS25의 상품매출을 유통소비플랫폼의 상품분류체계를 적용하여 매출 집계 데이터로 어느 카테고리가 상대적으로 매출이 우수한지 확인할 수 있으며  카테고리의 월별 트랜드를 확인 할 수 있는 데이터임
39828,"202311 지역별 상품분류별 요일별 매출구성비","-. GS25 상품카테고리의 요일별 매출 구성비를 지역별로 분석이 가능 
 -. 법정동단위 지역을 구분하여 지역별 상품팔림새의 비교분석이 가능하고 팔림새의 그룹핑을 통해서 유사상권의 특성파악이 가능"
39827,"202311 지역별 상품분류별 시간대별_매출구성비","-. GS25 상품카테고리의 시간대별 매출 구성비를 지역별로 분석 가능한 월 집계 데이터 
-. 법정동단위 지역을 구분하여 지역별 상품팔림새의 비교분석이 가능하고 팔림새의 그룹핑을 통해서 유사상권의 특성파악이 가능"
39826,"202311 GS25 상품카테고리 별 지역별 강세 분석","전국 시/군/구 단위로 편의점의 상품 매출 비율을 통계하여 제공
각 지역의 상품 판매 평균과 전국 평균을 상품별로 비교하여 각 지역의 편의점 선호 상품을 제공함"
39825,"202311 지역별 상품분류별 매출구성비",GS25편의점의 상품카테고리별 매출 비중을 지역별로 차이가 있는지 비교분석 할 수 있는 월 집계 데이터로 지역별 선호 상품 카테고리를 확인 할 수 있음
39824,"202311 상품분류 지역별 매출구성비",GS25 상품카테고리별 지역별 매출구성비 월 집계 데이터로 지역별로 상품카테고리의 선호도를 차이를 확인 할 수 있는 데이터임
39823,"202311 상품분류 요일별 매출구성비",GS25 상품카테고리별 요일별 매출구성비 월 집계 데이터로 어느 카테고리의 요일별로 매출이 우수한지 등 요일 트랜드를 확인할 수 있음
39822,"202311 상품분류 시간대별 매출구성비",GS25 상품카테고리별 시간대별 매출구성비 월 집계 데이터로 어느 카테고리가 시간대별로 매출이 우수한지 확인할 수 있음
39821,"202311 지역별 GS25점포 매출분포","-. 전국 시/군/구 단위로 편의점 점포 매출수준을 통계하여 제공 
-. 각 지역의 점포별 매출수준을 그룹화하여 해당그룹에 어느정도의 점포가 포함되어 있는지를 수치화 하여 제공 "
39820,"202311 상품분류 매출구성비",GS25의 상품카테고리별 매출구성비 월 집계데이터로 어느 카테고리가 상대적으로 매출이 우수한지 확인할 수 있으며  카테고리의 월별 트랜드를 확인 할 수 있는 데이터임
39819,"202311 상품분류 구매횟수별 고객구성비",GS25 상품카테고리별 연령대 및 성별의 구매횟수별  월 집계 구성비 데이터로  연령대별로 어느 카테고리 상품을 상대적으로 구매 횟수가 높은지 확인 할 수 있는 데이터임
39818,"202311 상품분류 구매수량별 고객구성비",GS25 상품카테고리별 연령대 및 성별의 구매수량별  월 집계 구성비 데이터로  연령대별로 어느 카테고리 상품을 상대적으로 많이구매하는 지 확인 할 수 있는 데이터임
39817,"202311 상품분류별 고객군별 평균구매횟수",GS25 상품카테고리별 연령대 및 성별의 월평균 구매횟수 분석자료로 성별로 어느 카테고리상품을 자주 구매하는지  또는 연령대별로 어느 카테고리 상품을 상대적으로 자주 구매하는 지 확인 할 수 있는 데이터임
39816,"202311 전국 행정동단위 SOHO 데이터",본 데이터는 KCB가 각 금융사들로부터 매일 수집하는 최신 금융 데이터를 공간 단위로 재가공해 월별로 제공하고 있습니다.
39815,"202311 전국 시군구단위 SOHO 데이터",본 데이터는 KCB가 각 금융사들로부터 매일 수집하는 최신 금융 데이터를 공간 단위로 재가공해 월별로 제공하고 있습니다.
39814,"202311 전국 시도단위 SOHO 데이터",본 데이터는 KCB가 각 금융사들로부터 매일 수집하는 최신 금융 데이터를 공간 단위로 재가공해 월별로 제공하고 있습니다.
39813,"202311 전국 행정동단위 하이엔드 데이터",본 데이터는 KCB가 각 금융사들로부터 매일 수집하는 최신 금융 데이터를 공간 단위로 재가공해 월별로 제공하고 있습니다.
39812,"202311 전국 시군구단위 하이엔드 데이터",본 데이터는 KCB가 각 금융사들로부터 매일 수집하는 최신 금융 데이터를 공간 단위로 재가공해 월별로 제공하고 있습니다.
39811,"202311 전국 시도단위 하이엔드 데이터",본 데이터는 KCB가 각 금융사들로부터 매일 수집하는 최신 금융 데이터를 공간 단위로 재가공해 월별로 제공하고 있습니다.
39810,"202311 전국 행정동단위 자산평가 데이터",본 데이터는 KCB가 각 금융사들로부터 매일 수집하는 최신 금융 데이터를 공간 단위로 재가공해 월별로 제공하고 있습니다.
39809,"202311 전국 시군구단위 자산평가 데이터",본 데이터는 KCB가 각 금융사들로부터 매일 수집하는 최신 금융 데이터를 공간 단위로 재가공해 월별로 제공하고 있습니다.
39808,"202311 전국 시도단위 자산평가 데이터",본 데이터는 KCB가 각 금융사들로부터 매일 수집하는 최신 금융 데이터를 공간 단위로 재가공해 월별로 제공하고 있습니다.
39807,"202311 전국 행정동단위 예금여력 데이터",본 데이터는 KCB가 각 금융사들로부터 매일 수집하는 최신 금융 데이터를 공간 단위로 재가공해 월별로 제공하고 있습니다.
39806,"202311 전국 시군구단위 예금여력 데이터",본 데이터는 KCB가 각 금융사들로부터 매일 수집하는 최신 금융 데이터를 공간 단위로 재가공해 월별로 제공하고 있습니다.
39805,"202311 전국 시도단위 예금여력 데이터",본 데이터는 KCB가 각 금융사들로부터 매일 수집하는 최신 금융 데이터를 공간 단위로 재가공해 월별로 제공하고 있습니다.
39804,"202311 전국 행정동단위 연체정보 데이터",본 데이터는 KCB가 각 금융사들로부터 매일 수집하는 최신 금융 데이터를 공간 단위로 재가공해 월별로 제공하고 있습니다.
39803,"202311 전국 시군구단위 연체정보 데이터",본 데이터는 KCB가 각 금융사들로부터 매일 수집하는 최신 금융 데이터를 공간 단위로 재가공해 월별로 제공하고 있습니다.
39802,"202311 전국 시도단위 연체정보 데이터",본 데이터는 KCB가 각 금융사들로부터 매일 수집하는 최신 금융 데이터를 공간 단위로 재가공해 월별로 제공하고 있습니다.
39801,"202311 전국 행정동단위 대출정보 데이터",본 데이터는 KCB가 각 금융사들로부터 매일 수집하는 최신 금융 데이터를 공간 단위로 재가공해 월별로 제공하고 있습니다.
39800,"202311 전국 시군구단위 대출정보 데이터",본 데이터는 KCB가 각 금융사들로부터 매일 수집하는 최신 금융 데이터를 공간 단위로 재가공해 월별로 제공하고 있습니다.
39799,"202311 전국 시도단위 대출정보 데이터",본 데이터는 KCB가 각 금융사들로부터 매일 수집하는 최신 금융 데이터를 공간 단위로 재가공해 월별로 제공하고 있습니다.
39798,"202311 전국 행정동단위 소비정보 데이터",본 데이터는 KCB가 각 금융사들로부터 매일 수집하는 최신 금융 데이터를 공간 단위로 재가공해 월별로 제공하고 있습니다.
39797,"202311 전국 시군구단위 소비정보 데이터",본 데이터는 KCB가 각 금융사들로부터 매일 수집하는 최신 금융 데이터를 공간 단위로 재가공해 월별로 제공하고 있습니다.
39796,"202311 전국 시도단위 소비정보 데이터",본 데이터는 KCB가 각 금융사들로부터 매일 수집하는 최신 금융 데이터를 공간 단위로 재가공해 월별로 제공하고 있습니다.
39795,"202311 전국 행정동단위 소득정보 데이터",본 데이터는 KCB가 각 금융사들로부터 매일 수집하는 최신 금융 데이터를 공간 단위로 재가공해 월별로 제공하고 있습니다.
39794,"202311 전국 시군구단위 소득정보 데이터",본 데이터는 KCB가 각 금융사들로부터 매일 수집하는 최신 금융 데이터를 공간 단위로 재가공해 월별로 제공하고 있습니다.
39793,"202311 전국 시도단위 소득정보 데이터 ︎",본 데이터는 KCB가 각 금융사들로부터 매일 수집하는 최신 금융 데이터를 공간 단위로 재가공해 월별로 제공하고 있습니다.
39791,부산 경제상황 진단용 월정기 데이터 (2023.11) ︎,부산 경제상황 진단용 월정기 데이터 (2023.11)
39783,"2023년 12월 울산, 양산 지역 기업 DB 데이터","2023년 12월 울산, 양산 지역 기업 DB 데이터"
39711,"2023년 12월 울산 현시점 공실 정보","2023년 12월 울산 현시점 공실 정보"
39709,"2023년 11월 울산, 양산 지역 기업 DB 데이터","2023년 11월 울산, 양산 지역 기업 DB 데이터"
39706,"2024년 1분기 울산 업종별 창폐업 정보","2024년 1분기 울산 업종별 창폐업 정보"
39705,"2023년 4분기 양산 업종별 창폐업 정보","2023년 4분기 양산 업종별 창폐업 정보"
39702,"2023년 4분기 울산 업종별 창폐업 정보","2023년 4분기 울산 업종별 창폐업 정보"
39701,"2023년 11월 울산 현시점 공실 정보","2023년 11월 울산 현시점 공실 정보"
39700,"2023년 울산 전입전출 이력","2023년 울산 전입전출 이력 "
39684,[2023-18호] NH트렌드+ 가공육 편,NH트렌드+는 NH농협은행의 데이터를 통해 사회 이슈와 트렌드를 알아보는 리포트입니다. 
39683,"2023년 도시가스 신규사업자 업종별, 월별, 행정동별 사용량 ","2023년 도시가스 신규사업자 업종별, 월별, 행정동별 사용량 "
39671,우체국별 우편데이터(2023),우체국별 등기우편의 흐름을 볼 수 있도록 접수우체국 및 집배우체국의 데이터 공개
39665,국내우편물류데이터(2023),"집배기준 국내 우편물류의 접수 행정구역과 배송되는 읍면동까지 공개한 데이터로 날짜별로 정리해서 공개
인코딩: &quot;UTF-8&quot;
구분자: &quot; | &quot;"
39664,"2023 2Q 직장인 식권 취급기업 정보",식신E식권을 이용하는 기업의 정보 데이터로 기업 업종 지역별 사용 인원 비율을 알 수 있습니다. 본 상품은 협의 후 구매가 가능합니다.
39663,직장인 식권 취급음식점 POI,식신e식권에 가입되어 있는 전국 가맹점 POI 주소 데이터입니다. 본 상품은 협의 후 구매가 가능합니다.
39662,[2023년 여름/가을] 계절별 직장인 방문 음식점 업종 TOP 5,식신E식권을 이용하는 직장인들의 계절별 방문 음식점 업종 TOP 5를 나타낸 데이터입니다.
39661,"202306 요일별 직장인 방문 음식점 업종 TOP 5",식신E식권을 이용하는 직장인들의 요일별 방문 음식점 업종 TOP 5 데이터입니다. 요일별로 가장 인기 있는 음식 업종을 살펴볼 수 있습니다.
39660,"202306 기업 업종별 점심식대 평균",식신E식권 도입 기업의 종목별 식대 소비 통계 데이터입니다. 종목이 각기 다른 기업의 행정구역별 식대를 비교할 수 있습니다.
39659,"202306 요일별 직장인 점심식대 평균",식신E식권을 이용하는 직장인들의 요일별 점심 식대 소비 통계 데이터입니다. 직장인들이 요일별로 어떤 음식점 업종을 주로 이용하는지 살펴볼 수 있습니다.
39658,"202306 서울 직장인 점심식대 금액 평균",식신E식권을 이용하는 직장인들의 서울특별시 구단위 별 점심 식대 소비 통계 데이터입니다.
39657,"202306 전국 직장인 점심식대 금액 평균",식신E식권을 이용하는 직장인들의 대도시별 점심 식대 소비 통계 데이터 입니다. 대도시별 직장인들의 점심 식대 사용 금액을 대략적으로 비교할 수 있습니다.
39656,직장인 점심 식대 소비 통계,"식신E식권을 이용하는 직장인들의 점심 식대 소비 통계 데이터입니다. 구별, 음식 카테고리별, 삼식별(조식, 점심, 저녁 등) 평균 이용 횟수를 확인할 수 있습니다. "
39655,"202306 맛집별 조회 통계",식신에 등록되어 있는 음식점의 사용자 조회 데이터로 인기 매장과 인기 음식 카테고리 정보를 볼 수 있습니다. 
39654,"202306 음식 메뉴 및 가격 정보",식신이 수집한 전국 음식점 POI의 메뉴판을 기반으로 한 메뉴별 가격 정보 데이터입니다.
39653,식신 사용자 음식점 평가 후기,"식신 사용자가 음식점을 직접 방문해 보고 경험한 맛, 서비스 등 음식점에 대한 평가를 모은 리뷰 데이터입니다."
39652,전국 핫플레이스 권역 정보 (폴리곤),전국 인기 지역(핫플레이스)을 권역별로 설정한 좌표 데이터입니다. 
39642,[2023-17호] NH트렌드+ 커피음료 편,NH트렌드+는 NH농협은행의 데이터를 통해 사회 이슈와 트렌드를 알아보는 리포트입니다.
39641,[NH농협카드] 소득구간별 업종별 소비현황_202310_월소득 400만원대 60대이상 여성,"월소득 400만원대 60대이상 여성의 시간대별, 주중/주말별, 거주지별, 소비 업종 및 지역별 카드 이용 현황을 분석할 수 있는 데이터
"
39640,[NH농협카드] 소득구간별 업종별 소비현황_202310_월소득 400만원대 60대이상 남성,"월소득 400만원대 60대이상 남성의 시간대별, 주중/주말별, 거주지별, 소비 업종 및 지역별 카드 이용 현황을 분석할 수 있는 데이터
"
39638,[NH농협카드] 소득구간별 업종별 소비현황_202310_월소득 400만원대 50대 여성,"월소득 400만원대 50대 여성의 시간대별, 주중/주말별, 거주지별, 소비 업종 및 지역별 카드 이용 현황을 분석할 수 있는 데이터
"
39637,[NH농협카드] 소득구간별 업종별 소비현황_202310_월소득 400만원대 50대 남성,"월소득 400만원대 50대 남성의 시간대별, 주중/주말별, 거주지별, 소비 업종 및 지역별 카드 이용 현황을 분석할 수 있는 데이터
"
39636,[NH농협카드] 소득구간별 업종별 소비현황_202310_월소득 400만원대 40대 여성,"월소득 400만원대 40대 여성의 시간대별, 주중/주말별, 거주지별, 소비 업종 및 지역별 카드 이용 현황을 분석할 수 있는 데이터
"
39635,[NH농협카드] 소득구간별 업종별 소비현황_202310_월소득 400만원대 40대 남성,"월소득 400만원대 40대 남성의 시간대별, 주중/주말별, 거주지별, 소비 업종 및 지역별 카드 이용 현황을 분석할 수 있는 데이터
"
39634,[NH농협카드] 소득구간별 업종별 소비현황_202310_월소득 400만원대 30대 여성,"월소득 400만원대 30대 여성의 시간대별, 주중/주말별, 거주지별, 소비 업종 및 지역별 카드 이용 현황을 분석할 수 있는 데이터
"
39633,[NH농협카드] 소득구간별 업종별 소비현황_202310_월소득 400만원대 30대 남성,"월소득 400만원대 30대 남성의 시간대별, 주중/주말별, 거주지별, 소비 업종 및 지역별 카드 이용 현황을 분석할 수 있는 데이터
"
39632,[NH농협카드] 소득구간별 업종별 소비현황_202310_월소득 400만원대 20대 여성,"월소득 400만원대 20대 여성의 시간대별, 주중/주말별, 거주지별, 소비 업종 및 지역별 카드 이용 현황을 분석할 수 있는 데이터
"
39631,[NH농협카드] 소득구간별 업종별 소비현황_202310_월소득 400만원대 20대 남성,"월소득 400만원대 20대 남성의 시간대별, 주중/주말별, 거주지별, 소비 업종 및 지역별 카드 이용 현황을 분석할 수 있는 데이터
"
39630,[NH농협카드] 소득구간별 업종별 소비현황_202310_월소득 300만원대 60대이상 여성,"월소득 300만원대 60대이상 여성의 시간대별, 주중/주말별, 거주지별, 소비 업종 및 지역별 카드 이용 현황을 분석할 수 있는 데이터
"
39629,[NH농협카드] 소득구간별 업종별 소비현황_202310_월소득 300만원대 60대이상 남성,"월소득 300만원대 60대이상 남성의 시간대별, 주중/주말별, 거주지별, 소비 업종 및 지역별 카드 이용 현황을 분석할 수 있는 데이터
"
39628,[NH농협카드] 소득구간별 업종별 소비현황_202310_월소득 300만원대 50대 여성,"월소득 300만원대 50대 여성의 시간대별, 주중/주말별, 거주지별, 소비 업종 및 지역별 카드 이용 현황을 분석할 수 있는 데이터
"
39627,[NH농협카드] 소득구간별 업종별 소비현황_202310_월소득 300만원대 50대 남성,"월소득 300만원대 50대 남성의 시간대별, 주중/주말별, 거주지별, 소비 업종 및 지역별 카드 이용 현황을 분석할 수 있는 데이터
"
39626,[NH농협카드] 소득구간별 업종별 소비현황_202310_월소득 300만원대 40대 여성,"월소득 300만원대 40대 여성의 시간대별, 주중/주말별, 거주지별, 소비 업종 및 지역별 카드 이용 현황을 분석할 수 있는 데이터
"
39625,[NH농협카드] 소득구간별 업종별 소비현황_202310_월소득 300만원대 40대 남성,"월소득 300만원대 40대 남성의 시간대별, 주중/주말별, 거주지별, 소비 업종 및 지역별 카드 이용 현황을 분석할 수 있는 데이터
"
39624,[NH농협카드] 소득구간별 업종별 소비현황_202310_월소득 300만원대 30대 여성,"월소득 300만원대 30대 여성의 시간대별, 주중/주말별, 거주지별, 소비 업종 및 지역별 카드 이용 현황을 분석할 수 있는 데이터
"
39623,[NH농협카드] 소득구간별 업종별 소비현황_202310_월소득 300만원대 30대 남성,"월소득 300만원대 30대 남성의 시간대별, 주중/주말별, 거주지별, 소비 업종 및 지역별 카드 이용 현황을 분석할 수 있는 데이터
"
39622,[NH농협카드] 소득구간별 업종별 소비현황_202310_월소득 300만원대 20대 여성,"월소득 300만원대 20대 여성의 시간대별, 주중/주말별, 거주지별, 소비 업종 및 지역별 카드 이용 현황을 분석할 수 있는 데이터
"
39621,[NH농협카드] 소득구간별 업종별 소비현황_202310_월소득 300만원대 20대 남성,"월소득 300만원대 20대 남성의 시간대별, 주중/주말별, 거주지별, 소비 업종 및 지역별 카드 이용 현황을 분석할 수 있는 데이터
"
39620,[NH농협카드] 소득구간별 업종별 소비현황_202310_월소득 200만원대 60대이상 여성,"월소득 200만원대 60대이상 여성의 시간대별, 주중/주말별, 거주지별, 소비 업종 및 지역별 카드 이용 현황을 분석할 수 있는 데이터
"
39619,[NH농협카드] 소득구간별 업종별 소비현황_202310_월소득 200만원대 60대이상 남성,"월소득 200만원대 60대이상 남성의 시간대별, 주중/주말별, 거주지별, 소비 업종 및 지역별 카드 이용 현황을 분석할 수 있는 데이터
"
39618,[NH농협카드] 소득구간별 업종별 소비현황_202310_월소득 200만원대 50대 여성,"월소득 200만원대 50대 여성의 시간대별, 주중/주말별, 거주지별, 소비 업종 및 지역별 카드 이용 현황을 분석할 수 있는 데이터
"
39617,[NH농협카드] 소득구간별 업종별 소비현황_202310_월소득 200만원대 50대 남성,"월소득 200만원대 50대 남성의 시간대별, 주중/주말별, 거주지별, 소비 업종 및 지역별 카드 이용 현황을 분석할 수 있는 데이터
"
39616,[NH농협카드] 소득구간별 업종별 소비현황_202310_월소득 200만원대 40대 여성,"월소득 200만원대 40대 여성의 시간대별, 주중/주말별, 거주지별, 소비 업종 및 지역별 카드 이용 현황을 분석할 수 있는 데이터
"
39615,[NH농협카드] 소득구간별 업종별 소비현황_202310_월소득 200만원대 40대 남성,"월소득 200만원대 40대 남성의 시간대별, 주중/주말별, 거주지별, 소비 업종 및 지역별 카드 이용 현황을 분석할 수 있는 데이터
"
39614,[NH농협카드] 소득구간별 업종별 소비현황_202310_월소득 200만원대 30대 여성,"월소득 200만원대 30대 여성의 시간대별, 주중/주말별, 거주지별, 소비 업종 및 지역별 카드 이용 현황을 분석할 수 있는 데이터
"
39613,[NH농협카드] 소득구간별 업종별 소비현황_202310_월소득 200만원대 30대 남성,"월소득 200만원대 30대 남성의 시간대별, 주중/주말별, 거주지별, 소비 업종 및 지역별 카드 이용 현황을 분석할 수 있는 데이터
"
39612,[NH농협카드] 소득구간별 업종별 소비현황_202310_월소득 200만원대 20대 여성,"월소득 200만원대 20대 여성의 시간대별, 주중/주말별, 거주지별, 소비 업종 및 지역별 카드 이용 현황을 분석할 수 있는 데이터
"
39611,[NH농협카드] 소득구간별 업종별 소비현황_202310_월소득 200만원대 20대 남성,"월소득 200만원대 20대 남성의 시간대별, 주중/주말별, 거주지별, 소비 업종 및 지역별 카드 이용 현황을 분석할 수 있는 데이터
"
39610,[NH농협카드] 소득구간별 업종별 소비현황_202310_월소득 100만원대 60대이상 여성,"월소득 100만원대 60대이상 여성의 시간대별, 주중/주말별, 거주지별, 소비 업종 및 지역별 카드 이용 현황을 분석할 수 있는 데이터
"
39609,[NH농협카드] 소득구간별 업종별 소비현황_202310_월소득 100만원대 60대이상 남성,"월소득 100만원대 60대이상 남성의 시간대별, 주중/주말별, 거주지별, 소비 업종 및 지역별 카드 이용 현황을 분석할 수 있는 데이터
"
39608,[NH농협카드] 소득구간별 업종별 소비현황_202310_월소득 100만원대 50대 여성,"월소득 100만원대 50대 여성의 시간대별, 주중/주말별, 거주지별, 소비 업종 및 지역별 카드 이용 현황을 분석할 수 있는 데이터
"
39607,[NH농협카드] 소득구간별 업종별 소비현황_202310_월소득 100만원대 50대 남성,"월소득 100만원대 50대 남성의 시간대별, 주중/주말별, 거주지별, 소비 업종 및 지역별 카드 이용 현황을 분석할 수 있는 데이터
"
39606,[NH농협카드] 소득구간별 업종별 소비현황_202310_월소득 100만원대 40대 여성,"월소득 100만원대 40대 여성의 시간대별, 주중/주말별, 거주지별, 소비 업종 및 지역별 카드 이용 현황을 분석할 수 있는 데이터
"
39605,[NH농협카드] 소득구간별 업종별 소비현황_202310_월소득 100만원대 40대 남성,"월소득 100만원대 40대 남성의 시간대별, 주중/주말별, 거주지별, 소비 업종 및 지역별 카드 이용 현황을 분석할 수 있는 데이터
"
39604,[NH농협카드] 소득구간별 업종별 소비현황_202310_월소득 100만원대 30대 여성,"월소득 100만원대 30대 여성의 시간대별, 주중/주말별, 거주지별, 소비 업종 및 지역별 카드 이용 현황을 분석할 수 있는 데이터
"
39603,[NH농협카드] 소득구간별 업종별 소비현황_202310_월소득 100만원대 30대 남성,"월소득 100만원대 30대 남성의 시간대별, 주중/주말별, 거주지별, 소비 업종 및 지역별 카드 이용 현황을 분석할 수 있는 데이터
"
39602,[NH농협카드] 소득구간별 업종별 소비현황_202310_월소득 100만원대 20대 여성,"월소득 100만원대 20대 여성의 시간대별, 주중/주말별, 거주지별, 소비 업종 및 지역별 카드 이용 현황을 분석할 수 있는 데이터
"
39601,[NH농협카드] 소득구간별 업종별 소비현황_202310_월소득 100만원대 20대 남성,"월소득 100만원대 20대 남성의 시간대별, 주중/주말별, 거주지별, 소비 업종 및 지역별 카드 이용 현황을 분석할 수 있는 데이터
"
39593,"2023년 10월 울산, 양산 지역 기업 DB 데이터","2023년 10월 울산,양산 지역 기업 DB 데이터 "
39592,"2023년 10월 울산 현시점 공실 정보","2023년 10월 울산 현시점 공실 정보"
39589,[NH농협카드] 5월 세부 업종별 카드 이용건수 트렌드 (2019년 5월 ~ 2023년 5월),"5월의 세부 업종별 카드이용건수 추이를 분석할 수 있는 데이터
"
39588,[NH농협카드] 5월 세부 업종별 카드 이용금액 트렌드 (2019년 5월 ~ 2023년 5월),"
5월의 세부 업종별 카드이용금액 추이를 분석할 수 있는 데이터
"
39587,[NH농협카드] 5월 시도별 업종별 카드 이용건수 트렌드 (2019년 5월 ~ 2023년 5월),"5월의 시도별 업종별 카드이용건수 추이를 분석할 수 있는 데이터
"
39586,[NH농협카드] 5월 시도별 업종별 카드 이용금액 트렌드 (2019년 5월 ~ 2023년 5월),"5월의 시도별 업종별 카드이용금액 추이를 분석할 수 있는 데이터
"
39585,[NH농협카드] 업종별 카드이용현황_2023년 5월,"2023년 5월의 업종별 카드 이용현황
"
39584,[NH농협카드] 업종별 카드이용현황_2022년 5월,"2022년 5월의 업종별 카드 이용현황
"
39583,[NH농협카드] 업종별 카드이용현황_2021년 5월,"2021년 5월의 업종별 카드 이용현황
"
39582,[NH농협카드] 업종별 카드이용현황_2020년 5월,"2020년 5월의 업종별 카드 이용현황
"
39581,[NH농협카드] 업종별 카드이용현황_2019년 5월,"2019년 5월의 업종별 카드 이용현황
"
39580,[NH농협카드] 시도별 업종별 카드이용현황_2023년 5월,"2023년 5월의 시도별 업종별 카드 이용현황
"
39579,[NH농협카드] 시도별 업종별 카드이용현황_2022년 5월,"2022년 5월의 시도별 업종별 카드 이용현황
"
39578,[NH농협카드] 시도별 업종별 카드이용현황_2021년 5월,"2021년 5월의 시도별 업종별 카드 이용현황
"
39577,[NH농협카드] 시도별 업종별 카드이용현황_2020년 5월,"2020년 5월의 시도별 업종별 카드 이용현황
"
39576,[NH농협카드] 시도별 업종별 카드이용현황_2019년 5월,"2019년 5월의 시도별 업종별 카드 이용현황
"
39575,[NH농협카드] 일자별 소비현황_충북_2023년 8월,"2023년 8월 충북 지역 개인/기업별 카드 이용현황
"
39574,[NH농협카드] 일자별 소비현황_충남_2023년 8월,"2023년 8월 충남 지역 개인/기업별 카드 이용현황
"
39573,[NH농협카드] 일자별 소비현황_제주_2023년 8월,"2023년 8월 제주 지역 개인/기업별 카드 이용현황
"
39572,[NH농협카드] 일자별 소비현황_전북_2023년 8월,"2023년 8월 전북 지역 개인/기업별 카드 이용현황
"
39571,[NH농협카드] 일자별 소비현황_전남_2023년 8월,"2023년 8월 전남 지역 개인/기업별 카드 이용현황
"
39570,[NH농협카드] 일자별 소비현황_인천_2023년 8월,"2023년 8월 인천 지역 개인/기업별 카드 이용현황
"
39569,[NH농협카드] 일자별 소비현황_울산_2023년 8월,"2023년 8월 울산 지역 개인/기업별 카드 이용현황
"
39568,[NH농협카드] 일자별 소비현황_세종_2023년 8월,"2023년 8월 세종 지역 개인/기업별 카드 이용현황
"
39567,[NH농협카드] 일자별 소비현황_서울_2023년 8월,"2023년 8월 서울 지역 개인/기업별 카드 이용현황
"
39566,[NH농협카드] 일자별 소비현황_부산_2023년 8월,"2023년 8월 부산 지역 개인/기업별 카드 이용현황
"
39565,[NH농협카드] 일자별 소비현황_대전_2023년 8월,"2023년 8월 대전 지역 개인/기업별 카드 이용현황
"
39564,[NH농협카드] 일자별 소비현황_대구_2023년 8월,"2023년 8월 대구 지역 개인/기업별 카드 이용현황
"
39563,[NH농협카드] 일자별 소비현황_광주_2023년 8월,"2023년 8월 광주 지역 개인/기업별 카드 이용현황
"
39562,[NH농협카드] 일자별 소비현황_경북_2023년 8월,"2023년 8월 경북 지역 개인/기업별 카드 이용현황
"
39561,[NH농협카드] 일자별 소비현황_경남_2023년 8월,"2023년 8월 경남 지역 개인/기업별 카드 이용현황
"
39560,[NH농협카드] 일자별 소비현황_경기_2023년 8월,"2023년 8월 경기 지역 개인/기업별 카드 이용현황
"
39559,[NH농협카드] 일자별 소비현황_강원_2023년 8월,"2023년 8월 강원 지역 개인/기업별 카드 이용현황
"
39558,[NH농협카드] 일자별 소비현황_2023년 8월,"2023년 8월 개인/기업별 카드 이용현황


"
39557,[MyCredit] 개인사업자 매출 데이터 - 수요기업2,개인사업자 매출 데이터 - 수요기업2
39553,"202310 전국 행정동단위 SOHO 데이터",본 데이터는 KCB가 각 금융사들로부터 매일 수집하는 최신 금융 데이터를 공간 단위로 재가공해 월별로 제공하고 있습니다.
39552,"202310 전국 시군구단위 SOHO 데이터",본 데이터는 KCB가 각 금융사들로부터 매일 수집하는 최신 금융 데이터를 공간 단위로 재가공해 월별로 제공하고 있습니다.
39551,"202310 전국 시도단위 SOHO 데이터",본 데이터는 KCB가 각 금융사들로부터 매일 수집하는 최신 금융 데이터를 공간 단위로 재가공해 월별로 제공하고 있습니다.
39550,"202310 전국 행정동단위 하이엔드 데이터",본 데이터는 KCB가 각 금융사들로부터 매일 수집하는 최신 금융 데이터를 공간 단위로 재가공해 월별로 제공하고 있습니다.
39549,"202310 전국 시군구단위 하이엔드 데이터",본 데이터는 KCB가 각 금융사들로부터 매일 수집하는 최신 금융 데이터를 공간 단위로 재가공해 월별로 제공하고 있습니다.
39548,[MyCredit] 개인사업자 매출 데이터 - 수요기업1,개인사업자 매출 데이터 - 수요기업1
39547,"202310 전국 시도단위 하이엔드 데이터",본 데이터는 KCB가 각 금융사들로부터 매일 수집하는 최신 금융 데이터를 공간 단위로 재가공해 월별로 제공하고 있습니다.
39546,"202310 전국 행정동단위 자산평가 데이터",본 데이터는 KCB가 각 금융사들로부터 매일 수집하는 최신 금융 데이터를 공간 단위로 재가공해 월별로 제공하고 있습니다.
39545,"202310 전국 시군구단위 자산평가 데이터",본 데이터는 KCB가 각 금융사들로부터 매일 수집하는 최신 금융 데이터를 공간 단위로 재가공해 월별로 제공하고 있습니다.
39544,"202310 전국 시도단위 자산평가 데이터",본 데이터는 KCB가 각 금융사들로부터 매일 수집하는 최신 금융 데이터를 공간 단위로 재가공해 월별로 제공하고 있습니다.
39543,"202310 전국 행정동단위 예금여력 데이터",본 데이터는 KCB가 각 금융사들로부터 매일 수집하는 최신 금융 데이터를 공간 단위로 재가공해 월별로 제공하고 있습니다.
39542,"202310 전국 시군구단위 예금여력 데이터",본 데이터는 KCB가 각 금융사들로부터 매일 수집하는 최신 금융 데이터를 공간 단위로 재가공해 월별로 제공하고 있습니다.
39541,"202310 전국 시도단위 예금여력 데이터",본 데이터는 KCB가 각 금융사들로부터 매일 수집하는 최신 금융 데이터를 공간 단위로 재가공해 월별로 제공하고 있습니다.
39540,"202310 전국 행정동단위 연체정보 데이터",본 데이터는 KCB가 각 금융사들로부터 매일 수집하는 최신 금융 데이터를 공간 단위로 재가공해 월별로 제공하고 있습니다.
39539,"202310 전국 시군구단위 연체정보 데이터",본 데이터는 KCB가 각 금융사들로부터 매일 수집하는 최신 금융 데이터를 공간 단위로 재가공해 월별로 제공하고 있습니다.
39538,"202310 전국 시도단위 연체정보 데이터",본 데이터는 KCB가 각 금융사들로부터 매일 수집하는 최신 금융 데이터를 공간 단위로 재가공해 월별로 제공하고 있습니다.
39537,"202310 전국 행정동단위 대출정보 데이터",본 데이터는 KCB가 각 금융사들로부터 매일 수집하는 최신 금융 데이터를 공간 단위로 재가공해 월별로 제공하고 있습니다.
39536,"202310 전국 시군구단위 대출정보 데이터",본 데이터는 KCB가 각 금융사들로부터 매일 수집하는 최신 금융 데이터를 공간 단위로 재가공해 월별로 제공하고 있습니다.
39535,"202310 전국 시도단위 대출정보 데이터",본 데이터는 KCB가 각 금융사들로부터 매일 수집하는 최신 금융 데이터를 공간 단위로 재가공해 월별로 제공하고 있습니다.
39534,"202310 전국 행정동단위 소비정보 데이터",본 데이터는 KCB가 각 금융사들로부터 매일 수집하는 최신 금융 데이터를 공간 단위로 재가공해 월별로 제공하고 있습니다.
39533,"202310 전국 시군구단위 소비정보 데이터",본 데이터는 KCB가 각 금융사들로부터 매일 수집하는 최신 금융 데이터를 공간 단위로 재가공해 월별로 제공하고 있습니다.
39532,"202310 전국 시도단위 소비정보 데이터",본 데이터는 KCB가 각 금융사들로부터 매일 수집하는 최신 금융 데이터를 공간 단위로 재가공해 월별로 제공하고 있습니다.
39531,"202310 전국 행정동단위 소득정보 데이터",본 데이터는 KCB가 각 금융사들로부터 매일 수집하는 최신 금융 데이터를 공간 단위로 재가공해 월별로 제공하고 있습니다.
39530,"202310 전국 시군구단위 소득정보 데이터",본 데이터는 KCB가 각 금융사들로부터 매일 수집하는 최신 금융 데이터를 공간 단위로 재가공해 월별로 제공하고 있습니다.
39529,"202310 전국 시도단위 소득정보 데이터",본 데이터는 KCB가 각 금융사들로부터 매일 수집하는 최신 금융 데이터를 공간 단위로 재가공해 월별로 제공하고 있습니다.
39528,부산 경제상황 진단용 월정기 데이터 (2023.10),부산 경제상황 진단용 월정기 데이터 (2023.10)
39526,배달 주문 플랫폼별 음식점 이용 특성 정보,"○ 온라인 요식 배달업체(배달의민족, 요기요, 쿠팡이츠 등) 결제 정보 등을 활용하여 배달 음식점의 특성 
    파악 가능"
39525,아파트 단지별 거주자 소비 정보,"○ 아파트 거주자의 프로파일, 추정소득, 소비금액 등의 통계정보"
39524,상권/업종별 개인사업자 업황 정보,"○ 가맹점 업종/지역별 매출, 생존률, 이용고객수, 재방문률, 매출액 등을 활용하여 
    개인사업자 업황 확인이 가능"
39523,상권/업종별 소상공인 신용행태 및 대출이용현황 정보,○ 상권/업종별 소상공인 신용행태 및 대출이용현황 정보
39522,소비자 성향 분석 서베이 설문 데이터,시장 세분화 및 타겟 마케팅 전략 수립을 위한 소비자 조사 진행
39518,산업 생태계 분석 데이터,산업 생태계 주요 소속기업 정보와 함께 산업 내 기업의 규모를 정량적인 재무 계정 값을 통해 제시하는 데이터 상품입니다.
39517,[2023-16호] NH트렌드+ 김치 편,NH트렌드+는 NH농협은행의 데이터를 통해 사회 이슈와 트렌드를 알아보는 리포트입니다.
39499,"202310 연령대별 선호카테고리 TOP10","편의점 이용 고객의 연령대/성별에 따른 선호 데이터 제공
- 연령대별 편의점 선호 카테고리를 파악하여 타겟대상에 따른 마케팅 수단으로 활용가능
- 카테고리의 선호대상을 확인하여 상품개발시 활용가능"
39498,"202310 유통소비플랫폼 상품분류체계에 따른 매출구성비",GS25의 상품매출을 유통소비플랫폼의 상품분류체계를 적용하여 매출 집계 데이터로 어느 카테고리가 상대적으로 매출이 우수한지 확인할 수 있으며  카테고리의 월별 트랜드를 확인 할 수 있는 데이터임
39497,"202310 지역별 상품분류별 요일별 매출구성비","-. GS25 상품카테고리의 요일별 매출 구성비를 지역별로 분석이 가능 
 -. 법정동단위 지역을 구분하여 지역별 상품팔림새의 비교분석이 가능하고 팔림새의 그룹핑을 통해서 유사상권의 특성파악이 가능"
39496,"202310 지역별 상품분류별 시간대별_매출구성비","-. GS25 상품카테고리의 시간대별 매출 구성비를 지역별로 분석 가능한 월 집계 데이터 
-. 법정동단위 지역을 구분하여 지역별 상품팔림새의 비교분석이 가능하고 팔림새의 그룹핑을 통해서 유사상권의 특성파악이 가능"
39495,"202310 GS25 상품카테고리 별 지역별 강세 분석","전국 시/군/구 단위로 편의점의 상품 매출 비율을 통계하여 제공
각 지역의 상품 판매 평균과 전국 평균을 상품별로 비교하여 각 지역의 편의점 선호 상품을 제공함"
39494,"202310 지역별 상품분류별 매출구성비",GS25편의점의 상품카테고리별 매출 비중을 지역별로 차이가 있는지 비교분석 할 수 있는 월 집계 데이터로 지역별 선호 상품 카테고리를 확인 할 수 있음
39493,"202310 상품분류 지역별 매출구성비",GS25 상품카테고리별 지역별 매출구성비 월 집계 데이터로 지역별로 상품카테고리의 선호도를 차이를 확인 할 수 있는 데이터임
39492,"202310 상품분류 요일별 매출구성비",GS25 상품카테고리별 요일별 매출구성비 월 집계 데이터로 어느 카테고리의 요일별로 매출이 우수한지 등 요일 트랜드를 확인할 수 있음
39491,"202310 상품분류 시간대별 매출구성비",GS25 상품카테고리별 시간대별 매출구성비 월 집계 데이터로 어느 카테고리가 시간대별로 매출이 우수한지 확인할 수 있음
39490,"202310 지역별 GS25점포 매출분포","-. 전국 시/군/구 단위로 편의점 점포 매출수준을 통계하여 제공 
-. 각 지역의 점포별 매출수준을 그룹화하여 해당그룹에 어느정도의 점포가 포함되어 있는지를 수치화 하여 제공 "
39489,"202310 상품분류 매출구성비",GS25의 상품카테고리별 매출구성비 월 집계데이터로 어느 카테고리가 상대적으로 매출이 우수한지 확인할 수 있으며  카테고리의 월별 트랜드를 확인 할 수 있는 데이터임
39488,"202310 상품분류 구매횟수별 고객구성비",GS25 상품카테고리별 연령대 및 성별의 구매횟수별  월 집계 구성비 데이터로  연령대별로 어느 카테고리 상품을 상대적으로 구매 횟수가 높은지 확인 할 수 있는 데이터임
39487,"202310 상품분류 구매수량별 고객구성비",GS25 상품카테고리별 연령대 및 성별의 구매수량별  월 집계 구성비 데이터로  연령대별로 어느 카테고리 상품을 상대적으로 많이구매하는 지 확인 할 수 있는 데이터임
39486,"202310 상품분류별 고객군별 평균구매횟수",GS25 상품카테고리별 연령대 및 성별의 월평균 구매횟수 분석자료로 성별로 어느 카테고리상품을 자주 구매하는지  또는 연령대별로 어느 카테고리 상품을 상대적으로 자주 구매하는 지 확인 할 수 있는 데이터임
39485,품목정보_회전기기 및 경전기,국내 기업 제품 정보를 바탕으로 구성된 회전기기 및 경전기 관련 품목정보를 제공하는 데이터 상품입니다.
39484,품목정보_환경 관련 서비스,국내 기업 제품 정보를 바탕으로 구성된 환경서비스 관련 품목정보를 제공하는 데이터 상품입니다.
39483,품목정보_화학제품,국내 기업 제품 정보를 바탕으로 구성된 화학제품 관련 품목정보를 제공하는 데이터 상품입니다.
39482,"품목정보_토지, 건물, 구조물, 도로",국내 기업 제품 정보를 바탕으로 구성된 토지 및 구조물 관련  품목정보를 제공하는 데이터 상품입니다.
39481,품목정보_출판물,국내 기업 제품 정보를 바탕으로 구성된 출판물 관련 품목정보를 제공하는 데이터 상품입니다.
39480,품목정보_종이원료 및 종이제품,국내 기업 제품 정보를 바탕으로 구성된 종이 관련  품목정보를 제공하는 데이터 상품입니다.
39479,품목정보_조직 및 동호회,국내 기업 제품 정보를 바탕으로 구성된 조직 및 동호회  관련 품목정보를 제공하는 데이터 상품입니다.
39478,품목정보_제조부품,국내 기업 제품 정보를 바탕으로 구성된 제조부품 관련 품목정보를 제공하는 데이터 상품입니다.
39477,품목정보_정치 및 행정서비스,국내 기업 제품 정보를 바탕으로 구성된 정치 및 행정서비스 관련 품목정보를 제공하는 데이터 상품입니다.
39476,품목정보_정보기술 방송 및 통신기,국내 기업 제품 정보를 바탕으로 구성된 방송 및 통신기 관련 품목정보를 제공하는 데이터 상품입니다.
39475,품목정보_전자부품 및 소모품,국내 기업 제품 정보를 바탕으로 구성된 전자부품 및 소모품 품목정보를 제공하는 데이터 상품입니다.
39474,"품목정보_전기시스템, 조명, 부품",국내 기업 제품 정보를 바탕으로 구성된 전기시스템 및 조명 관련 품목정보를 제공하는 데이터 상품입니다.
39473,"품목정보_인쇄, 사진 및 시청각기기","국내 기업 제품 정보를 바탕으로 구성된 인쇄, 사진 및 시청각기기 품목정보를 제공하는 데이터 상품입니다."
39472,품목정보_의약품,국내 기업 제품 정보를 바탕으로 구성된 의약품 관련 품목정보를 제공하는 데이터 상품입니다.
39471,"품목정보_의류, 가방 및 개인관리용품","국내 기업 제품 정보를 바탕으로 구성된 의류, 가방 및 개인관리용품 품목정보를 제공하는 데이터 상품입니다."
39470,품목정보_의료용기기,국내 기업 제품 정보를 바탕으로 구성된 의료용기기 관련 품목정보를 제공하는 데이터 상품입니다.
39469,품목정보_융복합상품,국내 기업 제품 정보를 바탕으로 구성된 융복합 품목정보를 제공하는 데이터 상품입니다.
39468,품목정보_위생장비 및 용품,국내 기업 제품 정보를 바탕으로 구성된 위생 관련 품목정보를 제공하는 데이터 상품입니다.
39467,품목정보_운송과 보관 및 우편 관련 서비스,국내 기업 제품 정보를 바탕으로 구성된 운송 및 우편서비스 관련 품목정보를 제공하는 데이터 상품입니다.
39466,"품목정보_연료, 윤활유 및 방부식제","국내 기업 제품 정보를 바탕으로 구성된 연료, 윤활유 및 방부식제 관련 품목정보를 제공하는 데이터 상품입니다."
39465,"품목정보_여행, 음식, 숙박 및 오락","국내 기업 제품 정보를 바탕으로 구성된 여행, 음식, 숙박 및 오락 관련 품목정보를 제공하는 데이터 상품입니다."
39464,"품목정보_악기, 게임, 미술작품, 교육용품","국내 기업 제품 정보를 바탕으로 구성된 악기, 게임, 미술작품, 교육용품 관련 품목정보를 제공하는 데이터 상품입니다."
39463,"품목정보_실험실용 실험, 측정 및 검사기기","국내 기업 제품 정보를 바탕으로 구성된 실험실용 실험, 측정 및 검사기기 관련 품목정보를 제공하는 데이터 상품입니다."
39462,품목정보_식음료품 및 담배제품,국내 기업 제품 정보를 바탕으로 구성된 식음료품 및 담배제품 관련 품목정보를 제공하는 데이터 상품입니다.
39461,"품목정보_시계, 보석 및 원석제품","국내 기업 제품 정보를 바탕으로 구성된 시계, 보석 및 원석제품 관련 품목정보를 제공하는 데이터 상품입니다."
39460,품목정보_스포츠 및 레크리에이션 장비용품,국내 기업 제품 정보를 바탕으로 구성된 스포츠 및 레크리에이션 관련 품목정보를 제공하는 데이터 상품입니다.
39459,"품목정보_수지, 고무, 탄성중합체","국내 기업 제품 정보를 바탕으로 구성된 수지, 고무, 탄성중합체 관련 품목정보를 제공하는 데이터 상품입니다."
39458,품목정보_서비스업용 기계장비 및 용품,국내 기업 제품 정보를 바탕으로 구성된 서비스업용 기계장비 관련 품목정보를 제공하는 데이터 상품입니다.
39457,"품목정보_상용, 군용, 개인용 운송기구","국내 기업 제품 정보를 바탕으로 구성된 상용, 군용, 개인용 운송기구 관련 품목정보를 제공하는 데이터 상품입니다."
39456,품목정보_산업 위생 관련 서비스,국내 기업 제품 정보를 바탕으로 구성된 산업 위생 서비스 관련 품목정보를 제공하는 데이터 상품입니다.
39455,품목정보_산업용 제조가공기계,국내 기업 제품 정보를 바탕으로 구성된 산업용 제조가공기계 관련 품목정보를 제공하는 데이터 상품입니다.
39454,품목정보_산동식물 및 동식물성 생산품,국내 기업 제품 정보를 바탕으로 구성된 산동식물 및 동식물성 관련 품목정보를 제공하는 데이터 상품입니다.
39453,품목정보_사무용기기 액세서리 및 용품,국내 기업 제품 정보를 바탕으로 구성된 사무용기기 관련 품목정보를 제공하는 데이터 상품입니다.
39452,품목정보_보건서비스,국내 기업 제품 정보를 바탕으로 구성된 보건서비스 관련 품목정보를 제공하는 데이터 상품입니다.
39451,품목정보_배관유체 조절 시스템 장비,국내 기업 제품 정보를 바탕으로 구성된 배관유체 조절 시스템 장비 관련 품목정보를 제공하는 데이터 상품입니다.
39450,"품목정보_물품취급, 조정, 저장기계","국내 기업 제품 정보를 바탕으로 구성된 물품취급, 조정, 저장기계 관련 품목정보를 제공하는 데이터 상품입니다."
39449,품목정보_디자인 및 예술 관련 서비스,국내 기업 제품 정보를 바탕으로 구성된 디자인 및 예술 서비스 관련 품목정보를 제공하는 데이터 상품입니다.
39448,"품목정보_농업, 어업, 임업","국내 기업 제품 정보를 바탕으로 구성된 농업, 어업, 임업 관련 품목정보를 제공하는 데이터 상품입니다."
39447,품목정보_농수임축산용 기계,국내 기업 제품 정보를 바탕으로 구성된 농수임축산용 기계 관련 품목정보를 제공하는 데이터 상품입니다.
39446,"품목정보_금융수단, 상품 ,계약, 협정","국내 기업 제품 정보를 바탕으로 구성된 금융수단, 상품 ,계약, 협정 관련 품목정보를 제공하는 데이터 상품입니다."
39445,품목정보_금융 및 보험 서비스,국내 기업 제품 정보를 바탕으로 구성된 금융 및 보험 서비스 관련 품목정보를 제공하는 데이터 상품입니다.
39444,품목정보_국방 및 치안 관련 서비스,국내 기업 제품 정보를 바탕으로 구성된 국방 및 치안 서비스 관련 품목정보를 제공하는 데이터 상품입니다.
39443,품목정보_교육 및 훈련서비스,국내 기업 제품 정보를 바탕으로 구성된 교육 및 훈련서비스 관련 품목정보를 제공하는 데이터 상품입니다.
39442,"품목정보_광업, 석유 및 가스 서비스","국내 기업 제품 정보를 바탕으로 구성된 광업, 석유 및 가스 서비스 관련 품목정보를 제공하는 데이터 상품입니다."
39441,품목정보_광산기계 및 액세서리,국내 기업 제품 정보를 바탕으로 구성된 광산기계  관련 품목정보를 제공하는 데이터 상품입니다.
39440,"품목정보_광물, 직물 및 비식용 동식물 자원","국내 기업 제품 정보를 바탕으로 구성된 광물, 직물, 비식용 동식물 자원 관련 품목정보를 제공하는 데이터 상품입니다."
39439,품목정보_공학연구 및 기술기반 서비스,국내 기업 제품 정보를 바탕으로 구성된 공학연구 및 기술기반 서비스 품목정보를 제공하는 데이터 상품입니다.
39438,품목정보_공산품 제조서비스,국내 기업 제품 정보를 바탕으로 구성된 공산품 제조서비스 품목정보를 제공하는 데이터 상품입니다.
39437,품목정보_공구 및 범용기계,국내 기업 제품 정보를 바탕으로 구성된 공구 및 범용기계 관련 품목정보를 제공하는 데이터 상품입니다.
39436,품목정보_공공안전 및 치안장비,국내 기업 제품 정보를 바탕으로 구성된 공공안전 및 치안장비 관련 품목정보를 제공하는 데이터 상품입니다.
39435,품목정보_공공사업 및 공공부문 관련 서비스,국내 기업 제품 정보를 바탕으로 구성된 공공사업 관련  품목정보를 제공하는 데이터 상품입니다.
39434,품목정보_경영 관련 서비스,국내 기업 제품 정보를 바탕으로 구성된 경영 서비스 관련  품목정보를 제공하는 데이터 상품입니다.
39433,품목정보_건축 건설기계 및 보조용품,국내 기업 제품 정보를 바탕으로 구성된 건축 건설기계 및 보조용품 관련 품목정보를 제공하는 데이터 상품입니다.
39432,품목정보_건자재,국내 기업 제품 정보를 바탕으로 구성된 건자재 관련 품목정보를 제공하는 데이터 상품입니다.
39431,품목정보_건물 및 시설물 보수 서비스,국내 기업 제품 정보를 바탕으로 구성된 건물 및 시설물 보수 서비스 관련 품목정보를 제공하는 데이터 상품입니다.
39430,품목정보_개인 및 가정 관련 서비스,"국내 기업 제품 정보를 바탕으로 구성된 개인 및 가정 관련 품목정보를 제공하는 데이터 상품입니다.
"
39429,품목정보_가정용품 및 가전제품,국내 기업  제품 정보를 바탕으로 구성된 가정용품 및 가전제품 관련 품목정보를 제공하는 데이터 상품입니다.
39428,품목정보_가구 및 관련 제품,국내 기업 제품 정보를 바탕으로 구성된 가구 관련 품목정보를 제공하는 데이터 상품입니다.
39401,[NH농협카드] 업종별 월별 소비 트렌드_202309_기부금,"기부금 업종의 월별, 지역(시/군/구)별 소비 트렌드를 분석할 수 있는 데이터
"
39400,[NH농협카드] 업종별 월별 소비 트렌드_202309_철학관,"철학관 업종의 월별, 지역(시/군/구)별 소비 트렌드를 분석할 수 있는 데이터
"
39399,[NH농협카드] 업종별 월별 소비 트렌드_202309_일반음식점,"일반음식점 업종의 월별, 지역(시/군/구)별 소비 트렌드를 분석할 수 있는 데이터
"
39398,[NH농협카드] 업종별 월별 소비 트렌드_202309_학원서비스,"학원서비스 업종의 월별, 지역(시/군/구)별 소비 트렌드를 분석할 수 있는 데이터
"
39397,[NH농협카드] 업종별 월별 소비 트렌드_202309_자전거판매점,"자전거판매점 업종의 월별, 지역(시/군/구)별 소비 트렌드를 분석할 수 있는 데이터
"
39396,[NH농협카드] 업종별 월별 소비 트렌드_202309_오토바이판매점,"오토바이판매점 업종의 월별, 지역(시/군/구)별 소비 트렌드를 분석할 수 있는 데이터
"
39395,[NH농협카드] 업종별 월별 소비 트렌드_202309_건강식품점,"건강식품점 업종의 월별, 지역(시/군/구)별 소비 트렌드를 분석할 수 있는 데이터
"
39394,[NH농협카드] 업종별 월별 소비 트렌드_202309_수입자동차판매점,"수입자동차판매점 업종의 월별, 지역(시/군/구)별 소비 트렌드를 분석할 수 있는 데이터
"
39393,[NH농협카드] 업종별 월별 소비 트렌드_202309_주얼리판매점,"주얼리판매점 업종의 월별, 지역(시/군/구)별 소비 트렌드를 분석할 수 있는 데이터
"
39392,[NH농협카드] 업종별 월별 소비 트렌드_202309_렌트카,"렌트카 업종의 월별, 지역(시/군/구)별 소비 트렌드를 분석할 수 있는 데이터
"
39391,[NH농협카드] 업종별 월별 소비 트렌드_202309_가발전문점,"가발전문점 업종의 월별, 지역(시/군/구)별 소비 트렌드를 분석할 수 있는 데이터
"
39390,[NH농협카드] 업종별 월별 소비 트렌드_202309_인테리어,"인테리어 업종의 월별, 지역(시/군/구)별 소비 트렌드를 분석할 수 있는 데이터
"
39389,[NH농협카드] 업종별 월별 소비 트렌드_202309_웨딩서비스,"웨딩서비스 업종의 월별, 지역(시/군/구)별 소비 트렌드를 분석할 수 있는 데이터
"
39388,[NH농협카드] 업종별 월별 소비 트렌드_202309_의류,"의류 업종의 월별, 지역(시/군/구)별 소비 트렌드를 분석할 수 있는 데이터
"
39387,[NH농협카드] 업종별 월별 소비 트렌드_202309_보험,"보험 업종의 월별, 지역(시/군/구)별 소비 트렌드를 분석할 수 있는 데이터
"
39386,[NH농협카드] 업종별 월별 소비 트렌드_202309_레저스포츠,"레저스포츠 업종의 월별, 지역(시/군/구)별 소비 트렌드를 분석할 수 있는 데이터
"
39385,"2023년 3분기 양산 업종별 창폐업 정보",분기별 울산지역 업종별 창페업 정보 
39384,[NH농협카드] 업종별 월별 소비 트렌드_202309_여행서비스,"여행서비스 업종의 월별, 지역(시/군/구)별 소비 트렌드를 분석할 수 있는 데이터
"
39383,[NH농협카드] 업종별 월별 소비 트렌드_202309_영화관,"영화관 업종의 월별, 지역(시/군/구)별 소비 트렌드를 분석할 수 있는 데이터
"
39382,[NH농협카드] 업종별 월별 소비 트렌드_202309_테니스장,"테니스장 업종의 월별, 지역(시/군/구)별 소비 트렌드를 분석할 수 있는 데이터
"
39381,[NH농협카드] 업종별 월별 소비 트렌드_202309_골프서비스,"골프서비스 업종의 월별, 지역(시/군/구)별 소비 트렌드를 분석할 수 있는 데이터
"
39380,[NH농협카드] 업종별 월별 소비 트렌드_202309_동물병원,"동물병원 업종의 월별, 지역(시/군/구)별 소비 트렌드를 분석할 수 있는 데이터
"
39379,[NH농협카드] 업종별 월별 소비 트렌드_202309_미용서비스,"미용서비스 업종의 월별, 지역(시/군/구)별 소비 트렌드를 분석할 수 있는 데이터
"
39378,[NH농협카드] 업종별 월별 소비 트렌드_202309_서점,"서점 업종의 월별, 지역(시/군/구)별 소비 트렌드를 분석할 수 있는 데이터
"
39377,[NH농협카드] 업종별 월별 소비 트렌드_202309_주류판매점,"주류판매점 업종의 월별, 지역(시/군/구)별 소비 트렌드를 분석할 수 있는 데이터
"
39376,"2023년 3분기 울산 업종별 창폐업 정보",분기별 울산지역 업종별 창폐업 정보
39375,[NH농협카드] 업종별 월별 소비 트렌드_202309_백화점,"백화점 업종의 월별, 지역(시/군/구)별 소비 트렌드를 분석할 수 있는 데이터
"
39374,[NH농협카드] 업종별 월별 소비 트렌드_202309_대형마트,"대형마트 업종의 월별, 지역(시/군/구)별 소비 트렌드를 분석할 수 있는 데이터
"
39373,[NH농협카드] 업종별 월별 소비 트렌드_202309_면세점,"면세점 업종의 월별, 지역(시/군/구)별 소비 트렌드를 분석할 수 있는 데이터
"
39372,[NH농협카드] 업종별 월별 소비 트렌드_202309_편의점,"편의점 업종의 월별, 지역(시/군/구)별 소비 트렌드를 분석할 수 있는 데이터
"
39370,"2023년 행정구역별 업종 분포 정보 - 양산",경남 양산 업종 분포 정보
39369,"2023년 행정구역별 업종 분포 정보 - 울산 중구",울산 중구 업종 분포 정보
39368,"2023년 행정구역별 업종 분포 정보 - 울산 울주군",울산 울주군 업종 분포 정보
39362,"2023년 행정구역별 업종 분포 정보 - 울산 북구",울산 북구 업종 분포 정보
39361,"2023년 행정구역별 업종 분포 정보 - 울산 동구",울산 동구 업종 분포 정보
39360,"2023년 행정구역별 업종 분포 정보 - 울산 남구",울산 남구 업종 분포 정보
39356,"2023년 2분기 양산 업종별 창폐업 정보",양산지역 업종별 창폐업 정보 
39346,"2023년 2분기 울산 업종별 창폐업 정보",분기별 울산지역 업종별 창폐업 정보
39342,[2023-15호] NH트렌드+ 발효유 편,NH트렌드+는 NH농협은행의 데이터를 통해 사회 이슈와 트렌드를 알아보는 리포트입니다.
39341,[NH농협카드] 일자별 소비현황_충북_2023년 7월,"2023년 7월 충북 지역 개인/기업별 카드 이용현황
"
39340,[NH농협카드] 일자별 소비현황_충남_2023년 7월,"2023년 7월 충남 지역 개인/기업별 카드 이용현황
"
39339,[NH농협카드] 일자별 소비현황_제주_2023년 7월,"2023년 7월 제주 지역 개인/기업별 카드 이용현황
"
39338,[NH농협카드] 일자별 소비현황_전북_2023년 7월,"2023년 7월 전북 지역 개인/기업별 카드 이용현황
"
39337,[NH농협카드] 일자별 소비현황_전남_2023년 7월,"2023년 7월 전남 지역 개인/기업별 카드 이용현황
"
39336,[NH농협카드] 일자별 소비현황_인천_2023년 7월,"2023년 7월 인천 지역 개인/기업별 카드 이용현황
"
39335,[NH농협카드] 일자별 소비현황_울산_2023년 7월,"2023년 7월 울산 지역 개인/기업별 카드 이용현황
"
39334,[NH농협카드] 일자별 소비현황_세종_2023년 7월,"2023년 7월 세종 지역 개인/기업별 카드 이용현황
"
39333,[NH농협카드] 일자별 소비현황_서울_2023년 7월,"2023년 7월 서울 지역 개인/기업별 카드 이용현황
"
39332,[NH농협카드] 일자별 소비현황_부산_2023년 7월,"2023년 7월 부산 지역 개인/기업별 카드 이용현황
"
39331,[NH농협카드] 일자별 소비현황_대전_2023년 7월,"2023년 7월 대전 지역 개인/기업별 카드 이용현황
"
39330,[NH농협카드] 일자별 소비현황_대구_2023년 7월,"2023년 7월 대구 지역 개인/기업별 카드 이용현황
"
39329,[NH농협카드] 일자별 소비현황_광주_2023년 7월,"2023년 7월 광주 지역 개인/기업별 카드 이용현황
"
39328,[NH농협카드] 일자별 소비현황_경북_2023년 7월,"2023년 7월 경북 지역 개인/기업별 카드 이용현황
"
39327,[NH농협카드] 일자별 소비현황_경남_2023년 7월,"2023년 7월 경남 지역 개인/기업별 카드 이용현황
"
39326,[NH농협카드] 일자별 소비현황_경기_2023년 7월,"2023년 7월 경기 지역 개인/기업별 카드 이용현황
"
39325,[NH농협카드] 일자별 소비현황_강원_2023년 7월,"2023년 7월 강원 지역 개인/기업별 카드 이용현황
"
39324,[NH농협카드] 일자별 소비현황_2023년 7월,"2023년 7월 개인/기업별 카드 이용현황
"
39323,[NH농협카드] 4월 세부 업종별 카드 이용건수 트렌드 (2019년 4월 ~ 2023년 4월),"4월의 세부 업종별 카드이용건수 추이를 분석할 수 있는 데이터
"
39322,[NH농협카드] 4월 세부 업종별 카드 이용금액 트렌드 (2019년 4월 ~ 2023년 4월),"4월의 세부 업종별 카드이용금액 추이를 분석할 수 있는 데이터
"
39321,[NH농협카드] 4월 시도별 업종별 카드 이용건수 트렌드 (2019년 4월 ~ 2023년 4월),"4월의 시도별 업종별 카드이용건수 추이를 분석할 수 있는 데이터
"
39320,[NH농협카드] 4월 시도별 업종별 카드 이용금액 트렌드 (2019년 4월 ~ 2023년 4월),"4월의 시도별 업종별 카드이용금액 추이를 분석할 수 있는 데이터
"
39319,[NH농협카드] 업종별 카드이용현황_2023년 4월,"2023년 4월의 업종별 카드 이용현황
"
39318,[NH농협카드] 업종별 카드이용현황_2022년 4월,"2022년 4월의 업종별 카드 이용현황
"
39317,[NH농협카드] 업종별 카드이용현황_2021년 4월,"2021년 4월의 업종별 카드 이용현황
"
39316,[NH농협카드] 업종별 카드이용현황_2020년 4월,"2020년 4월의 업종별 카드 이용현황
"
39315,[NH농협카드] 업종별 카드이용현황_2019년 4월,"2019년 4월의 업종별 카드 이용현황
"
39314,[NH농협카드] 시도별 업종별 카드이용현황_2023년 4월,"2023년 4월의 시도별 업종별 카드 이용현황
"
39313,[NH농협카드] 시도별 업종별 카드이용현황_2022년 4월,"2022년 4월의 시도별 업종별 카드 이용현황
"
39312,[NH농협카드] 시도별 업종별 카드이용현황_2021년 4월,"2021년 4월의 시도별 업종별 카드 이용현황
"
39311,[NH농협카드] 시도별 업종별 카드이용현황_2020년 4월,"2020년 4월의 시도별 업종별 카드 이용현황
"
39310,[NH농협카드] 시도별 업종별 카드이용현황_2019년 4월,"2019년 4월의 시도별 업종별 카드 이용현황

"
39300,"2023년 9월 울산, 양산 지역 기업 DB 데이터","2023년 9월 울산,양산 지역 기업 DB 데이터"
39291,"2023년 9월 울산 현시점 공실 정보","2023년 9월 울산 현시점 공실 정보"
39274,"202309 전국 행정동단위 SOHO 데이터",본 데이터는 KCB가 각 금융사들로부터 매일 수집하는 최신 금융 데이터를 공간 단위로 재가공해 월별로 제공하고 있습니다.
39273,"202309 전국 시군구단위 SOHO 데이터",본 데이터는 KCB가 각 금융사들로부터 매일 수집하는 최신 금융 데이터를 공간 단위로 재가공해 월별로 제공하고 있습니다.
39272,"202309 전국 시도단위 SOHO 데이터",본 데이터는 KCB가 각 금융사들로부터 매일 수집하는 최신 금융 데이터를 공간 단위로 재가공해 월별로 제공하고 있습니다.
39271,"202309 전국 행정동단위 하이엔드 데이터",본 데이터는 KCB가 각 금융사들로부터 매일 수집하는 최신 금융 데이터를 공간 단위로 재가공해 월별로 제공하고 있습니다.
39270,"202309 전국 시군구단위 하이엔드 데이터",본 데이터는 KCB가 각 금융사들로부터 매일 수집하는 최신 금융 데이터를 공간 단위로 재가공해 월별로 제공하고 있습니다.
39269,"202309 전국 시도단위 하이엔드 데이터",본 데이터는 KCB가 각 금융사들로부터 매일 수집하는 최신 금융 데이터를 공간 단위로 재가공해 월별로 제공하고 있습니다.
39268,"202309 전국 행정동단위 자산평가 데이터",본 데이터는 KCB가 각 금융사들로부터 매일 수집하는 최신 금융 데이터를 공간 단위로 재가공해 월별로 제공하고 있습니다.
39257,"202309 전국 시군구단위 자산평가 데이터",본 데이터는 KCB가 각 금융사들로부터 매일 수집하는 최신 금융 데이터를 공간 단위로 재가공해 월별로 제공하고 있습니다.
39256,"202309 전국 시도단위 자산평가 데이터",본 데이터는 KCB가 각 금융사들로부터 매일 수집하는 최신 금융 데이터를 공간 단위로 재가공해 월별로 제공하고 있습니다.
39255,"202309 전국 행정동단위 예금여력 데이터",본 데이터는 KCB가 각 금융사들로부터 매일 수집하는 최신 금융 데이터를 공간 단위로 재가공해 월별로 제공하고 있습니다.
39254,"202309 전국 시군구단위 예금여력 데이터",본 데이터는 KCB가 각 금융사들로부터 매일 수집하는 최신 금융 데이터를 공간 단위로 재가공해 월별로 제공하고 있습니다.
39253,"202309 전국 시도단위 예금여력 데이터",본 데이터는 KCB가 각 금융사들로부터 매일 수집하는 최신 금융 데이터를 공간 단위로 재가공해 월별로 제공하고 있습니다.
39252,"202309 전국 행정동단위 연체정보 데이터",본 데이터는 KCB가 각 금융사들로부터 매일 수집하는 최신 금융 데이터를 공간 단위로 재가공해 월별로 제공하고 있습니다.
39251,"202309 전국 시군구단위 연체정보 데이터",본 데이터는 KCB가 각 금융사들로부터 매일 수집하는 최신 금융 데이터를 공간 단위로 재가공해 월별로 제공하고 있습니다.
39250,부산 경제 상황 진단용 데이터(2023.09),경제 상황 진단을 위한 맞춤형 지표 정보 (2023.09)
39249,"202309 전국 시도단위 연체정보 데이터",본 데이터는 KCB가 각 금융사들로부터 매일 수집하는 최신 금융 데이터를 공간 단위로 재가공해 월별로 제공하고 있습니다.
39248,"202309 전국 행정동단위 대출정보 데이터",본 데이터는 KCB가 각 금융사들로부터 매일 수집하는 최신 금융 데이터를 공간 단위로 재가공해 월별로 제공하고 있습니다.
39247,"202309 전국 시군구단위 대출정보 데이터",본 데이터는 KCB가 각 금융사들로부터 매일 수집하는 최신 금융 데이터를 공간 단위로 재가공해 월별로 제공하고 있습니다.
39246,"202309 전국 시도단위 대출정보 데이터",본 데이터는 KCB가 각 금융사들로부터 매일 수집하는 최신 금융 데이터를 공간 단위로 재가공해 월별로 제공하고 있습니다.
39245,"202309 전국 행정동단위 소비정보 데이터",본 데이터는 KCB가 각 금융사들로부터 매일 수집하는 최신 금융 데이터를 공간 단위로 재가공해 월별로 제공하고 있습니다.
39244,"202309 전국 시군구단위 소비정보 데이터",본 데이터는 KCB가 각 금융사들로부터 매일 수집하는 최신 금융 데이터를 공간 단위로 재가공해 월별로 제공하고 있습니다.
39243,"202309 전국 시도단위 소비정보 데이터",본 데이터는 KCB가 각 금융사들로부터 매일 수집하는 최신 금융 데이터를 공간 단위로 재가공해 월별로 제공하고 있습니다.
39242,"202309 전국 행정동단위 소득정보 데이터",본 데이터는 KCB가 각 금융사들로부터 매일 수집하는 최신 금융 데이터를 공간 단위로 재가공해 월별로 제공하고 있습니다.
39241,"202309 전국 시군구단위 소득정보 데이터",본 데이터는 KCB가 각 금융사들로부터 매일 수집하는 최신 금융 데이터를 공간 단위로 재가공해 월별로 제공하고 있습니다.
39240,"202309 전국 시도단위 소득정보 데이터",본 데이터는 KCB가 각 금융사들로부터 매일 수집하는 최신 금융 데이터를 공간 단위로 재가공해 월별로 제공하고 있습니다.
39239,[2023-14호] NH트렌드+ 냉동만두 편,NH트렌드+는 NH농협은행의 데이터를 통해 사회 이슈와 트렌드를 알아보는 리포트입니다.
39227,[NH농협카드] 2023년 8월 페르소나별 소비현황_농촌 지역 중장년층,"NH농협카드에서 개발한 고객 니즈 및 행동 특성 기반 Persona별로 소비현황을 분석할 수 있는 데이터
"
39226,[NH농협카드] 2023년 8월 페르소나별 소비현황_디지털 입문 중장년,"NH농협카드에서 개발한 고객 니즈 및 행동 특성 기반 Persona별로 소비현황을 분석할 수 있는 데이터
"
39225,[NH농협카드] 2023년 8월 페르소나별 소비현황_고소득 직장맘,"NH농협카드에서 개발한 고객 니즈 및 행동 특성 기반 Persona별로 소비현황을 분석할 수 있는 데이터
"
39224,[NH농협카드] 2023년 8월 페르소나별 소비현황_럭셔리 사모님,"NH농협카드에서 개발한 고객 니즈 및 행동 특성 기반 Persona별로 소비현황을 분석할 수 있는 데이터
"
39223,[NH농협카드] 2023년 8월 페르소나별 소비현황_자녀가 있는 밀레니얼 세대,"NH농협카드에서 개발한 고객 니즈 및 행동 특성 기반 Persona별로 소비현황을 분석할 수 있는 데이터
"
39222,[NH농협카드] 2023년 8월 페르소나별 소비현황_DINK(Double Income No Kids) 족,"NH농협카드에서 개발한 고객 니즈 및 행동 특성 기반 Persona별로 소비현황을 분석할 수 있는 데이터
"
39221,[NH농협카드] 2023년 8월 페르소나별 소비현황_30대 1인 가구,"NH농협카드에서 개발한 고객 니즈 및 행동 특성 기반 Persona별로 소비현황을 분석할 수 있는 데이터
"
39220,[NH농협카드] 2023년 8월 페르소나별 소비현황_미혼 남성 그루밍족,"NH농협카드에서 개발한 고객 니즈 및 행동 특성 기반 Persona별로 소비현황을 분석할 수 있는 데이터
"
39219,[NH농협카드] 2023년 8월 페르소나별 소비현황_럭셔리 Z세대 여성,"NH농협카드에서 개발한 고객 니즈 및 행동 특성 기반 Persona별로 소비현황을 분석할 수 있는 데이터
"
39218,[NH농협카드] 2023년 8월 페르소나별 소비현황_다양한 혜택 민감 대학생,"NH농협카드에서 개발한 고객 니즈 및 행동 특성 기반 Persona별로 소비현황을 분석할 수 있는 데이터
"
39217,[NH농협카드] 2023년 8월 페르소나별 소비현황_용돈 생활 청소년,"NH농협카드에서 개발한 고객 니즈 및 행동 특성 기반 Persona별로 소비현황을 분석할 수 있는 데이터
"
39216,[NH농협카드] 2023년 8월 페르소나별 소비현황_한번 쓴 카드는 오래 쓰는 의리파,"NH농협카드에서 개발한 고객 니즈 및 행동 특성 기반 Persona별로 소비현황을 분석할 수 있는 데이터
"
39215,[NH농협카드] 2023년 8월 페르소나별 소비현황_중장년 개인사업자,"NH농협카드에서 개발한 고객 니즈 및 행동 특성 기반 Persona별로 소비현황을 분석할 수 있는 데이터
"
39214,[NH농협카드] 2023년 8월 페르소나별 소비현황_밀레니얼 청년사업가,"NH농협카드에서 개발한 고객 니즈 및 행동 특성 기반 Persona별로 소비현황을 분석할 수 있는 데이터
"
39202,"202309 연령대별 선호카테고리 TOP10","편의점 이용 고객의 연령대/성별에 따른 선호 데이터 제공
- 연령대별 편의점 선호 카테고리를 파악하여 타겟대상에 따른 마케팅 수단으로 활용가능
- 카테고리의 선호대상을 확인하여 상품개발시 활용가능"
39201,"202309 유통소비플랫폼 상품분류체계에 따른 매출구성비",GS25의 상품매출을 유통소비플랫폼의 상품분류체계를 적용하여 매출 집계 데이터로 어느 카테고리가 상대적으로 매출이 우수한지 확인할 수 있으며  카테고리의 월별 트랜드를 확인 할 수 있는 데이터임
39200,"202309 지역별 상품분류별 요일별 매출구성비","-. GS25 상품카테고리의 요일별 매출 구성비를 지역별로 분석이 가능 
 -. 법정동단위 지역을 구분하여 지역별 상품팔림새의 비교분석이 가능하고 팔림새의 그룹핑을 통해서 유사상권의 특성파악이 가능"
39199,"202309 지역별 상품분류별 시간대별_매출구성비","-. GS25 상품카테고리의 시간대별 매출 구성비를 지역별로 분석 가능한 월 집계 데이터 
-. 법정동단위 지역을 구분하여 지역별 상품팔림새의 비교분석이 가능하고 팔림새의 그룹핑을 통해서 유사상권의 특성파악이 가능"
39198,"202309 GS25 상품카테고리 별 지역별 강세 분석","전국 시/군/구 단위로 편의점의 상품 매출 비율을 통계하여 제공
각 지역의 상품 판매 평균과 전국 평균을 상품별로 비교하여 각 지역의 편의점 선호 상품을 제공함"
39197,"202309 지역별 상품분류별 매출구성비",GS25편의점의 상품카테고리별 매출 비중을 지역별로 차이가 있는지 비교분석 할 수 있는 월 집계 데이터로 지역별 선호 상품 카테고리를 확인 할 수 있음
39196,"202309 상품분류 지역별 매출구성비",GS25 상품카테고리별 지역별 매출구성비 월 집계 데이터로 지역별로 상품카테고리의 선호도를 차이를 확인 할 수 있는 데이터임
39195,"202309 상품분류 요일별 매출구성비",GS25 상품카테고리별 요일별 매출구성비 월 집계 데이터로 어느 카테고리의 요일별로 매출이 우수한지 등 요일 트랜드를 확인할 수 있음
39194,"202309 상품분류 시간대별 매출구성비",GS25 상품카테고리별 시간대별 매출구성비 월 집계 데이터로 어느 카테고리가 시간대별로 매출이 우수한지 확인할 수 있음
39193,"202309 지역별 GS25점포 매출분포","-. 전국 시/군/구 단위로 편의점 점포 매출수준을 통계하여 제공 
-. 각 지역의 점포별 매출수준을 그룹화하여 해당그룹에 어느정도의 점포가 포함되어 있는지를 수치화 하여 제공 "
39192,"202309 상품분류 매출구성비",GS25의 상품카테고리별 매출구성비 월 집계데이터로 어느 카테고리가 상대적으로 매출이 우수한지 확인할 수 있으며  카테고리의 월별 트랜드를 확인 할 수 있는 데이터임
39191,"202309 상품분류 구매횟수별 고객구성비",GS25 상품카테고리별 연령대 및 성별의 구매횟수별  월 집계 구성비 데이터로  연령대별로 어느 카테고리 상품을 상대적으로 구매 횟수가 높은지 확인 할 수 있는 데이터임
39190,"202309 상품분류 구매수량별 고객구성비",GS25 상품카테고리별 연령대 및 성별의 구매수량별  월 집계 구성비 데이터로  연령대별로 어느 카테고리 상품을 상대적으로 많이구매하는 지 확인 할 수 있는 데이터임
39189,"202309 상품분류별 고객군별 평균구매횟수",GS25 상품카테고리별 연령대 및 성별의 월평균 구매횟수 분석자료로 성별로 어느 카테고리상품을 자주 구매하는지  또는 연령대별로 어느 카테고리 상품을 상대적으로 자주 구매하는 지 확인 할 수 있는 데이터임
39177,[2023-13호] NH트렌드+ 추석 선물세트 편,NH트렌드+는 NH농협은행의 데이터를 통해 사회 이슈와 트렌드를 알아보는 리포트입니다. 
39158,[NH농협카드] 2023년 8월 지역화폐 이용현황_홍천사랑,"NH농협카드에서 발급한 홍천사랑 체크카드로 충전&middot;결제된 지역화폐 이용 관련 데이터
"
39157,[NH농협카드] 2023년 8월 지역화폐 이용현황_홍성사랑,"NH농협카드에서 발급한 홍성사랑 체크카드로 충전&middot;결제된 지역화폐 이용 관련 데이터
"
39156,[NH농협카드] 2023년 8월 지역화폐 이용현황_해남사랑,"NH농협카드에서 발급한 해남사랑 체크카드로 충전&middot;결제된 지역화폐 이용 관련 데이터
"
39155,[NH농협카드] 2023년 8월 지역화폐 이용현황_태안사랑,"NH농협카드에서 발급한 태안사랑 체크카드로 충전&middot;결제된 지역화폐 이용 관련 데이터
"
39154,[NH농협카드] 2023년 8월 지역화폐 이용현황_칠곡사랑,"NH농협카드에서 발급한 칠곡사랑 체크카드로 충전&middot;결제된 지역화폐 이용 관련 데이터
"
39153,[NH농협카드] 2023년 8월 지역화폐 이용현황_진천사랑,"NH농협카드에서 발급한 진천사랑 체크카드로 충전&middot;결제된 지역화폐 이용 관련 데이터
"
39152,[NH농협카드] 2023년 8월 지역화폐 이용현황_제천모아,"NH농협카드에서 발급한 제천모아 체크카드로 충전&middot;결제된 지역화폐 이용 관련 데이터
"
39151,[NH농협카드] 2023년 8월 지역화폐 이용현황_정읍정향누리,"NH농협카드에서 발급한 정읍정향누리 체크카드로 충전&middot;결제된 지역화폐 이용 관련 데이터
"
39150,[NH농협카드] 2023년 8월 지역화폐 이용현황_익산다이로움,"NH농협카드에서 발급한 익산다이로움 체크카드로 충전&middot;결제된 지역화폐 이용 관련 데이터
"
39149,[NH농협카드] 2023년 8월 지역화폐 이용현황_원주사랑,"NH농협카드에서 발급한 원주사랑 체크카드로 충전&middot;결제된 지역화폐 이용 관련 데이터
"
39147,[NH농협카드] 2023년 8월 지역화폐 이용현황_울산페이,"NH농협카드에서 발급한 울산페이 체크카드로 충전&middot;결제된 지역화폐 이용 관련 데이터
"
39146,[NH농협카드] 2023년 8월 지역화폐 이용현황_완도사랑,"NH농협카드에서 발급한 완도사랑 체크카드로 충전&middot;결제된 지역화폐 이용 관련 데이터
"
39145,[NH농협카드] 2023년 8월 지역화폐 이용현황_온통대전,"NH농협카드에서 발급한 온통대전 체크카드로 충전&middot;결제된 지역화폐 이용 관련 데이터
"
39144,[NH농협카드] 2023년 8월 지역화폐 이용현황_예산사랑,"NH농협카드에서 발급한 예산사랑 체크카드로 충전&middot;결제된 지역화폐 이용 관련 데이터
"
39143,[NH농협카드] 2023년 8월 지역화폐 이용현황_영천사랑,"NH농협카드에서 발급한 영천사랑 체크카드로 충전&middot;결제된 지역화폐 이용 관련 데이터
"
39142,[NH농협카드] 2023년 8월 지역화폐 이용현황_영주사랑,"NH농협카드에서 발급한 영주사랑 체크카드로 충전&middot;결제된 지역화폐 이용 관련 데이터
"
39141,[NH농협카드] 2023년 8월 지역화폐 이용현황_영암사랑,"NH농협카드에서 발급한 영암사랑 체크카드로 충전&middot;결제된 지역화폐 이용 관련 데이터
"
39140,[NH농협카드] 2023년 8월 지역화폐 이용현황_영동사랑,"NH농협카드에서 발급한 영동사랑 체크카드로 충전&middot;결제된 지역화폐 이용 관련 데이터
"
39139,[NH농협카드] 2023년 8월 지역화폐 이용현황_안동사랑,"NH농협카드에서 발급한 안동사랑 체크카드로 충전&middot;결제된 지역화폐 이용 관련 데이터
"
39138,[NH농협카드] 2023년 8월 지역화폐 이용현황_아산사랑,"NH농협카드에서 발급한 아산사랑 체크카드로 충전&middot;결제된 지역화폐 이용 관련 데이터
"
39136,[NH농협카드] 2023년 8월 지역화폐 이용현황_순천사랑,"NH농협카드에서 발급한 순천사랑 체크카드로 충전&middot;결제된 지역화폐 이용 관련 데이터
"
39135,[NH농협카드] 2023년 8월 지역화폐 이용현황_세종여민전,"NH농협카드에서 발급한 세종여민전 체크카드로 충전&middot;결제된 지역화폐 이용 관련 데이터
"
39134,[NH농협카드] 2023년 8월 지역화폐 이용현황_성주사랑,"NH농협카드에서 발급한 성주사랑 체크카드로 충전&middot;결제된 지역화폐 이용 관련 데이터
"
39133,[NH농협카드] 2023년 8월 지역화폐 이용현황_섬섬여수페이,"NH농협카드에서 발급한 섬섬여수페이 체크카드로 충전&middot;결제된 지역화폐 이용 관련 데이터
"
39132,[NH농협카드] 2023년 8월 지역화폐 이용현황_서산사랑,"NH농협카드에서 발급한 서산사랑 체크카드로 충전&middot;결제된 지역화폐 이용 관련 데이터
"
39131,[NH농협카드] 2023년 8월 지역화폐 이용현황_상주화폐,"NH농협카드에서 발급한 상주화폐 체크카드로 충전&middot;결제된 지역화폐 이용 관련 데이터
"
39130,[NH농협카드] 2023년 8월 지역화폐 이용현황_부산동백전,"NH농협카드에서 발급한 부산동백전 체크카드로 충전&middot;결제된 지역화폐 이용 관련 데이터
"
39129,[NH농협카드] 2023년 8월 지역화폐 이용현황_보령사랑,"NH농협카드에서 발급한 보령사랑 체크카드로 충전&middot;결제된 지역화폐 이용 관련 데이터
"
39128,[NH농협카드] 2023년 8월 지역화폐 이용현황_문경사랑,"NH농협카드에서 발급한 문경사랑 체크카드로 충전&middot;결제된 지역화폐 이용 관련 데이터
"
39127,[NH농협카드] 2023년 8월 지역화폐 이용현황_무안사랑,"NH농협카드에서 발급한 무안사랑 체크카드로 충전&middot;결제된 지역화폐 이용 관련 데이터
"
39126,[NH농협카드] 2023년 8월 지역화폐 이용현황_당진사랑,"NH농협카드에서 발급한 당진사랑 체크카드로 충전&middot;결제된 지역화폐 이용 관련 데이터
"
39125,[NH농협카드] 2023년 8월 지역화폐 이용현황_담양사랑,"NH농협카드에서 발급한 담양사랑 체크카드로 충전&middot;결제된 지역화폐 이용 관련 데이터
"
39124,[NH농협카드] 2023년 8월 지역화폐 이용현황_논산사랑,"NH농협카드에서 발급한 논산사랑 체크카드로 충전&middot;결제된 지역화폐 이용 관련 데이터
"
39123,[NH농협카드] 2023년 8월 지역화폐 이용현황_남원사랑,"NH농협카드에서 발급한 남원사랑 체크카드로 충전&middot;결제된 지역화폐 이용 관련 데이터
"
39122,[NH농협카드] 2023년 8월 지역화폐 이용현황_나주사랑,"NH농협카드에서 발급한 나주사랑 체크카드로 충전&middot;결제된 지역화폐 이용 관련 데이터
"
39121,[NH농협카드] 2023년 8월 지역화폐 이용현황_금산사랑,"NH농협카드에서 발급한 금산사랑 체크카드로 충전&middot;결제된 지역화폐 이용 관련 데이터
"
39120,[NH농협카드] 2023년 8월 지역화폐 이용현황_군산사랑,"NH농협카드에서 발급한 군산사랑 체크카드로 충전&middot;결제된 지역화폐 이용 관련 데이터
"
39119,[NH농협카드] 2023년 8월 지역화폐 이용현황_구미사랑,"NH농협카드에서 발급한 구미사랑 체크카드로 충전&middot;결제된 지역화폐 이용 관련 데이터
"
39118,[NH농협카드] 2023년 8월 지역화폐 이용현황_괴산사랑,"NH농협카드에서 발급한 괴산사랑 체크카드로 충전&middot;결제된 지역화폐 이용 관련 데이터

"
39108,"2023년 8월 울산, 양산 지역 기업  DB 데이터","2023년 8월 울산,양산 지역 기업 DB 데이터"
39107,"202307 전국 일반 맛집 정보",대한민국 NO.1 맛집 서비스 식신이 수집한 전국에 위치한 일반 음식점 POI 데이터입니다.
39106,"202306 전국 일반 맛집 정보",대한민국 NO.1 맛집 서비스 식신이 수집한 전국에 위치한 일반 음식점 POI 데이터입니다.
39105,"202308 전국 인기 맛집 정보",대한민국 NO.1 맛집 서비스 식신이 수집하고 관리하는 국내 인기 맛집 (핫플레이스) POI 데이터입니다.
39104,"202307 전국 인기 맛집 정보",대한민국 NO.1 맛집 서비스 식신이 수집하고 관리하는 국내 인기 맛집 (핫플레이스) POI 데이터입니다.
39103,"202306 전국 인기 맛집 정보",대한민국 NO.1 맛집 서비스 식신이 수집하고 관리하는 국내 인기 맛집 (핫플레이스) POI 데이터입니다.
39102,"202308 전국 BEST 맛집 정보",대한민국 NO.1 맛집 서비스 식신이 엄선한 전국 Best 맛집의 상세한 정보가 담긴 POI 데이터입니다.
39101,"202307 전국 BEST 맛집 정보",대한민국 NO.1 맛집 서비스 식신이 엄선한 전국 Best 맛집의 상세한 정보가 담긴 POI 데이터입니다.
39100,"202306 전국 BEST 맛집 정보",대한민국 NO.1 맛집 서비스 식신이 엄선한 전국 Best 맛집의 상세한 정보가 담긴 POI 데이터입니다.
39099,"2023년 8월 울산 현시점 공실 정보","2023년 8월 울산 현시점 공실 정보"
39097,[RAW DATA] 원자력 특허 데이터,"원자력 특허 데이터(서지사항 74개), 특허로 바로가기 및 패밀리정보가 담긴 웹버전 제공"
39096,[샘플] 원자력 특허 데이터,"원자력 특허 데이터(서지사항 74개), 특허로 바로가기 및 패밀리정보가 담긴 웹버전 제공"
39095,[NH농협카드] 3월 세부 업종별 카드 이용건수 트렌드 (2019년 3월 ~ 2023년 3월),"3월의 세부 업종별 카드이용건수 추이를 분석할 수 있는 데이터
"
39094,[NH농협카드] 3월 세부 업종별 카드 이용금액 트렌드 (2019년 3월 ~ 2023년 3월),"3월의 세부 업종별 카드이용금액 추이를 분석할 수 있는 데이터
"
39093,[NH농협카드] 3월 시도별 업종별 카드 이용건수 트렌드 (2019년 3월 ~ 2023년 3월),"3월의 시도별 업종별 카드이용건수 추이를 분석할 수 있는 데이터
"
39092,[NH농협카드] 3월 시도별 업종별 카드 이용금액 트렌드 (2019년 3월 ~ 2023년 3월),"
3월의 시도별 업종별 카드이용금액 추이를 분석할 수 있는 데이터
"
39091,[NH농협카드] 업종별 카드이용현황_2023년 3월,"2023년 3월의 업종별 카드 이용현황
"
39090,[NH농협카드] 업종별 카드이용현황_2022년 3월,"2022년 3월의 업종별 카드 이용현황
"
39089,[NH농협카드] 업종별 카드이용현황_2021년 3월,"2021년 3월의 업종별 카드 이용현황
"
39088,[NH농협카드] 업종별 카드이용현황_2020년 3월,"2020년 3월의 업종별 카드 이용현황
"
39087,[NH농협카드] 업종별 카드이용현황_2019년 3월,"2019년 3월의 업종별 카드 이용현황
"
39086,[NH농협카드] 시도별 업종별 카드이용현황_2023년 3월,"2023년 3월의 시도별 업종별 카드 이용현황
"
39085,[NH농협카드] 시도별 업종별 카드이용현황_2022년 3월,"2022년 3월의 시도별 업종별 카드 이용현황
"
39084,[NH농협카드] 시도별 업종별 카드이용현황_2021년 3월,"2021년 3월의 시도별 업종별 카드 이용현황
"
39083,큐레이션 푸드 매거진 컨텐츠,대한민국 NO.1 맛집 서비스 식신이 주제별로 선정한 맛집을 소개하는 기획기사형 매거진 데이터입니다.
39082,큐레이션 푸드 매거진 컨텐츠,대한민국 NO.1 맛집 서비스 식신이 주제별로 선정한 맛집을 소개하는 기획기사형 매거진 데이터입니다.
39081,[NH농협카드] 시도별 업종별 카드이용현황_2020년 3월,"2020년 3월의 시도별 업종별 카드 이용현황
"
39080,[NH농협카드] 시도별 업종별 카드이용현황_2019년 3월,"2019년 3월의 시도별 업종별 카드 이용현황
"
39079,[NH농협카드] 일자별 소비현황_충북_2023년 6월,"2023년 6월 충북 지역 개인/기업별 카드 이용현황
"
39078,[NH농협카드] 일자별 소비현황_충남_2023년 6월,"2023년 6월 충남 지역 개인/기업별 카드 이용현황
"
39077,[NH농협카드] 일자별 소비현황_제주_2023년 6월,"2023년 6월 제주 지역 개인/기업별 카드 이용현황
"
39076,[NH농협카드] 일자별 소비현황_전북_2023년 6월,"2023년 6월 전북 지역 개인/기업별 카드 이용현황
"
39075,[NH농협카드] 일자별 소비현황_전남_2023년 6월,"2023년 6월 전남 지역 개인/기업별 카드 이용현황
"
39074,[NH농협카드] 일자별 소비현황_인천_2023년 6월,"2023년 6월 인천 지역 개인/기업별 카드 이용현황
"
39073,[NH농협카드] 일자별 소비현황_울산_2023년 6월,"2023년 6월 울산 지역 개인/기업별 카드 이용현황
"
39072,[NH농협카드] 일자별 소비현황_세종_2023년 6월,"2023년 6월 세종 지역 개인/기업별 카드 이용현황
"
39071,[NH농협카드] 일자별 소비현황_서울_2023년 6월,"2023년 6월 서울 지역 개인/기업별 카드 이용현황
"
39070,[NH농협카드] 일자별 소비현황_부산_2023년 6월,"2023년 6월 부산 지역 개인/기업별 카드 이용현황
"
39069,[NH농협카드] 일자별 소비현황_대전_2023년 6월,"2023년 6월 대전 지역 개인/기업별 카드 이용현황
"
39068,[NH농협카드] 일자별 소비현황_대구_2023년 6월,"2023년 6월 대구 지역 개인/기업별 카드 이용현황
"
39067,[NH농협카드] 일자별 소비현황_광주_2023년 6월,"2023년 6월 광주 지역 개인/기업별 카드 이용현황
"
39066,[NH농협카드] 일자별 소비현황_경북_2023년 6월,"2023년 6월 경북 지역 개인/기업별 카드 이용현황
"
39065,[NH농협카드] 일자별 소비현황_경남_2023년 6월,"2023년 6월 경남 지역 개인/기업별 카드 이용현황

"
39064,[NH농협카드] 일자별 소비현황_경기_2023년 6월,"NH농협카드, 카드, 일자별, 소비트렌드
"
39063,[NH농협카드] 일자별 소비현황_강원_2023년 6월,"2023년 6월 강원 지역 개인/기업별 카드 이용현황

"
39062,[NH농협카드] 일자별 소비현황_2023년 6월,"2023년 6월 개인/기업별 카드 이용현황
"
39061,"202308 전국 음식점 이미지","대한민국 No.1 맛집 서비스 식신이 자체 촬영하거나, 식신 사용자가 업로드한 음식점 이미지 데이터입니다. "
39060,"202307 전국 음식점 이미지","대한민국 No.1 맛집 서비스 식신이 자체 촬영하거나, 식신 사용자가 업로드한 음식점 이미지 데이터입니다. "
39059,전국 음식점 이미지,"대한민국 No.1 맛집 서비스 식신이 자체 촬영하거나, 식신 사용자가 업로드한 음식점 이미지 데이터입니다. "
39058,큐레이션 푸드 매거진 컨텐츠,대한민국 NO.1 맛집 서비스 식신이 주제별로 선정한 맛집을 소개하는 기획기사형 매거진 데이터입니다.
39057,큐레이션 푸드 매거진 컨텐츠,대한민국 NO.1 맛집 서비스 식신이 주제별로 선정한 맛집을 소개하는 기획기사형 매거진 데이터입니다.
39049,"202308 전국 행정동단위 SOHO 데이터",본 데이터는 KCB가 각 금융사들로부터 매일 수집하는 최신 금융 데이터를 공간 단위로 재가공해 월별로 제공하고 있습니다.
39048,"202308 전국 시군구단위 SOHO 데이터",본 데이터는 KCB가 각 금융사들로부터 매일 수집하는 최신 금융 데이터를 공간 단위로 재가공해 월별로 제공하고 있습니다.
39047,"202308 전국 시도단위 SOHO 데이터",본 데이터는 KCB가 각 금융사들로부터 매일 수집하는 최신 금융 데이터를 공간 단위로 재가공해 월별로 제공하고 있습니다.
39046,"202308 전국 행정동단위 하이엔드 데이터",본 데이터는 KCB가 각 금융사들로부터 매일 수집하는 최신 금융 데이터를 공간 단위로 재가공해 월별로 제공하고 있습니다.
39045,"202308 전국 시군구단위 하이엔드 데이터",본 데이터는 KCB가 각 금융사들로부터 매일 수집하는 최신 금융 데이터를 공간 단위로 재가공해 월별로 제공하고 있습니다.
39044,"202308 전국 시도단위 하이엔드 데이터",본 데이터는 KCB가 각 금융사들로부터 매일 수집하는 최신 금융 데이터를 공간 단위로 재가공해 월별로 제공하고 있습니다.
39041,"202308 전국 행정동단위 자산평가 데이터",본 데이터는 KCB가 각 금융사들로부터 매일 수집하는 최신 금융 데이터를 공간 단위로 재가공해 월별로 제공하고 있습니다.
39040,"202308 전국 시군구단위 자산평가 데이터",본 데이터는 KCB가 각 금융사들로부터 매일 수집하는 최신 금융 데이터를 공간 단위로 재가공해 월별로 제공하고 있습니다.
39038,"202308 전국 시도단위 자산평가 데이터",본 데이터는 KCB가 각 금융사들로부터 매일 수집하는 최신 금융 데이터를 공간 단위로 재가공해 월별로 제공하고 있습니다.
39037,"202308 전국 행정동단위 예금여력 데이터",본 데이터는 KCB가 각 금융사들로부터 매일 수집하는 최신 금융 데이터를 공간 단위로 재가공해 월별로 제공하고 있습니다.
39036,"202308 전국 시군구단위 예금여력 데이터",본 데이터는 KCB가 각 금융사들로부터 매일 수집하는 최신 금융 데이터를 공간 단위로 재가공해 월별로 제공하고 있습니다.
39035,부산 경제 상황 진단용 데이터(2023.08),부산 경제 상황 진단을 위한 맞춤형 지표 정보 (2023.08)
39034,"202308 전국 시도단위 예금여력 데이터",본 데이터는 KCB가 각 금융사들로부터 매일 수집하는 최신 금융 데이터를 공간 단위로 재가공해 월별로 제공하고 있습니다.
39033,"202308 전국 행정동단위 연체정보 데이터",본 데이터는 KCB가 각 금융사들로부터 매일 수집하는 최신 금융 데이터를 공간 단위로 재가공해 월별로 제공하고 있습니다.
39032,"202308 전국 시군구단위 연체정보 데이터",본 데이터는 KCB가 각 금융사들로부터 매일 수집하는 최신 금융 데이터를 공간 단위로 재가공해 월별로 제공하고 있습니다.
39031,"202308 전국 시도단위 연체정보 데이터",본 데이터는 KCB가 각 금융사들로부터 매일 수집하는 최신 금융 데이터를 공간 단위로 재가공해 월별로 제공하고 있습니다.
39030,"202308 전국 행정동단위 대출정보 데이터",본 데이터는 KCB가 각 금융사들로부터 매일 수집하는 최신 금융 데이터를 공간 단위로 재가공해 월별로 제공하고 있습니다.
39029,"202308 전국 시군구단위 대출정보 데이터",본 데이터는 KCB가 각 금융사들로부터 매일 수집하는 최신 금융 데이터를 공간 단위로 재가공해 월별로 제공하고 있습니다.
39028,"202308 전국 시도단위 대출정보 데이터",본 데이터는 KCB가 각 금융사들로부터 매일 수집하는 최신 금융 데이터를 공간 단위로 재가공해 월별로 제공하고 있습니다.
39027,"202308 전국 행정동단위 소비정보 데이터",본 데이터는 KCB가 각 금융사들로부터 매일 수집하는 최신 금융 데이터를 공간 단위로 재가공해 월별로 제공하고 있습니다.
39026,"202308 전국 시군구단위 소비정보 데이터",본 데이터는 KCB가 각 금융사들로부터 매일 수집하는 최신 금융 데이터를 공간 단위로 재가공해 월별로 제공하고 있습니다.
39025,"202308 전국 시도단위 소비정보 데이터",본 데이터는 KCB가 각 금융사들로부터 매일 수집하는 최신 금융 데이터를 공간 단위로 재가공해 월별로 제공하고 있습니다.
39024,"202308 전국 행정동단위 소득정보 데이터",본 데이터는 KCB가 각 금융사들로부터 매일 수집하는 최신 금융 데이터를 공간 단위로 재가공해 월별로 제공하고 있습니다.
39023,"202308 전국 시군구단위 소득정보 데이터",본 데이터는 KCB가 각 금융사들로부터 매일 수집하는 최신 금융 데이터를 공간 단위로 재가공해 월별로 제공하고 있습니다.
39021,"202308 전국 시도단위 소득정보 데이터",본 데이터는 KCB가 각 금융사들로부터 매일 수집하는 최신 금융 데이터를 공간 단위로 재가공해 월별로 제공하고 있습니다.
39019,[NH농협카드] 일자별 소비현황_2020년 1월,"2020년 1월 개인/기업별 카드 이용현황
"
39018,[NH농협카드] 일자별 소비현황_2020년 2월,"2020년 2월 개인/기업별 카드 이용현황
"
39017,[NH농협카드] 일자별 소비현황_2020년 3월,"2020년 3월 개인/기업별 카드 이용현황
"
39016,[NH농협카드] 일자별 소비현황_2020년 4월,"2020년 4월 개인/기업별 카드 이용현황
"
39015,[NH농협카드] 일자별 소비현황_2020년 5월,"2020년 5월 개인/기업별 카드 이용현황
"
39014,[NH농협카드] 일자별 소비현황_2020년 6월,"2020년 6월 개인/기업별 카드 이용현황
"
39013,[NH농협카드] 일자별 소비현황_2020년 7월,"2020년 7월 개인/기업별 카드 이용현황
"
39012,[NH농협카드] 일자별 소비현황_2020년 8월,"2020년 8월 개인/기업별 카드 이용현황
"
39011,[NH농협카드] 일자별 소비현황_2020년 9월,"2020년 9월 개인/기업별 카드 이용현황
"
39010,[NH농협카드] 일자별 소비현황_2020년 10월,"2020년 10월 개인/기업별 카드 이용현황
"
39009,[NH농협카드] 일자별 소비현황_2020년 11월,"2020년 11월 개인/기업별 카드 이용현황
"
39008,[NH농협카드] 일자별 소비현황_2020년 12월,"2020년 12월 개인/기업별 카드 이용현황
"
38997,[NH농협카드] 일자별 소비현황_2021년 1월,"2021년 1월 개인/기업별 카드 이용현황
"
38996,[NH농협카드] 일자별 소비현황_2021년 2월,"2021년 2월 개인/기업별 카드 이용현황
"
38995,[NH농협카드] 일자별 소비현황_2021년 3월,"2021년 3월 개인/기업별 카드 이용현황
"
38994,[NH농협카드] 일자별 소비현황_2021년 4월,"2021년 4월 개인/기업별 카드 이용현황
"
38993,[NH농협카드] 일자별 소비현황_2021년 5월,"2021년 5월 개인/기업별 카드 이용현황
"
38992,[NH농협카드] 일자별 소비현황_2021년 6월,"2021년 6월 개인/기업별 카드 이용현황
"
38991,[NH농협카드] 일자별 소비현황_2021년 7월,"2021년 7월 개인/기업별 카드 이용현황
"
38990,[NH농협카드] 일자별 소비현황_2021년 8월,"2021년 8월 개인/기업별 카드 이용현황
"
38989,[NH농협카드] 일자별 소비현황_2021년 9월,"2021년 9월 개인/기업별 카드 이용현황
"
38988,[NH농협카드] 일자별 소비현황_2021년 10월,"2021년 10월 개인/기업별 카드 이용현황
"
38987,[NH농협카드] 일자별 소비현황_2021년 11월,"2021년 11월 개인/기업별 카드 이용현황
"
38986,[NH농협카드] 일자별 소비현황_2021년 12월,"2021년 12월 개인/기업별 카드 이용현황
"
38985,[NH농협카드] 일자별 소비현황_2022년 1월,"2022년 1월 개인/기업별 카드 이용현황
"
38984,[NH농협카드] 일자별 소비현황_2022년 2월,"2022년 2월 개인/기업별 카드 이용현황
"
38983,[NH농협카드] 일자별 소비현황_2022년 3월,"2022년 3월 개인/기업별 카드 이용현황
"
38982,[NH농협카드] 일자별 소비현황_2022년 4월,"2022년 4월 개인/기업별 카드 이용현황
"
38981,[NH농협카드] 일자별 소비현황_2022년 5월,"2022년 5월 개인/기업별 카드 이용현황
"
38980,[NH농협카드] 일자별 소비현황_2022년 6월,"2022년 6월 개인/기업별 카드 이용현황
"
38979,[NH농협카드] 일자별 소비현황_2022년 7월,"2022년 7월 개인/기업별 카드 이용현황
"
38978,[NH농협카드] 일자별 소비현황_2022년 8월,"2022년 8월 개인/기업별 카드 이용현황
"
38977,[NH농협카드] 일자별 소비현황_2022년 9월,"2022년 9월 개인/기업별 카드 이용현황
"
38976,[NH농협카드] 일자별 소비현황_2022년 10월,"2022년 10월 개인/기업별 카드 이용현황
"
38975,[NH농협카드] 일자별 소비현황_2022년 11월,"2022년 11월 개인/기업별 카드 이용현황
"
38974,[NH농협카드] 일자별 소비현황_2022년 12월,"2022년 12월 개인/기업별 카드 이용현황
"
38973,[NH농협카드] 일자별 소비현황_2023년 1월,"2023년 1월 개인/기업별 카드 이용현황
"
38972,[NH농협카드] 일자별 소비현황_2023년 2월,"2023년 2월 개인/기업별 카드 이용현황
"
38971,[NH농협카드] 일자별 소비현황_2023년 3월,"2023년 3월 개인/기업별 카드 이용현황
"
38970,[NH농협카드] 일자별 소비현황_2023년 4월,"2023년 4월 개인/기업별 카드 이용현황
"
38961,[NH농협카드] 일자별 소비현황_세종_2022년 9월,"2022년 9월 세종 지역 개인/기업별 카드 이용현황
"
38958,[NH농협카드] 일자별 소비현황_충북_2020년 1월,"2020년 1월 충북 지역 개인/기업별 카드 이용현황
"
38957,[NH농협카드] 일자별 소비현황_충남_2020년 1월,"2020년 1월 충남 지역 개인/기업별 카드 이용현황
"
38956,[NH농협카드] 일자별 소비현황_제주_2020년 1월,"2020년 1월 제주 지역 개인/기업별 카드 이용현황
"
38955,[NH농협카드] 일자별 소비현황_전북_2020년 1월,"2020년 1월 전북 지역 개인/기업별 카드 이용현황
"
38954,[NH농협카드] 일자별 소비현황_전남_2020년 1월,"2020년 1월 전남 지역 개인/기업별 카드 이용현황
"
38953,[NH농협카드] 일자별 소비현황_인천_2020년 1월,"2020년 1월 인천 지역 개인/기업별 카드 이용현황
"
38952,[NH농협카드] 일자별 소비현황_울산_2020년 1월,"2020년 1월 울산 지역 개인/기업별 카드 이용현황
"
38951,[NH농협카드] 일자별 소비현황_세종_2020년 1월,"2020년 1월 세종 지역 개인/기업별 카드 이용현황
"
38949,[NH농협카드] 일자별 소비현황_서울_2020년 1월,"2020년 1월 서울 지역 개인/기업별 카드 이용현황
"
38948,[NH농협카드] 일자별 소비현황_부산_2020년 1월,"2020년 1월 부산 지역 개인/기업별 카드 이용현황
"
38947,[NH농협카드] 일자별 소비현황_대전_2020년 1월,"2020년 1월 대전 지역 개인/기업별 카드 이용현황
"
38946,[NH농협카드] 일자별 소비현황_대구_2020년 1월,"2020년 1월 대구 지역 개인/기업별 카드 이용현황
"
38945,[NH농협카드] 일자별 소비현황_광주_2020년 1월,"2020년 1월 광주 지역 개인/기업별 카드 이용현황
"
38944,[NH농협카드] 일자별 소비현황_경북_2020년 1월,"2020년 1월 경북 지역 개인/기업별 카드 이용현황
"
38943,[NH농협카드] 일자별 소비현황_경남_2020년 1월,"2020년 1월 경남 지역 개인/기업별 카드 이용현황
"
38942,[NH농협카드] 일자별 소비현황_경기_2020년 1월,"2020년 1월 경기 지역 개인/기업별 카드 이용현황
"
38941,[NH농협카드] 일자별 소비현황_강원_2020년 1월,"2020년 1월 강원 지역 개인/기업별 카드 이용현황
"
38940,[NH농협카드] 일자별 소비현황_충북_2020년 2월,"2020년 2월 충북 지역 개인/기업별 카드 이용현황
"
38939,[NH농협카드] 일자별 소비현황_충남_2020년 2월,"2020년 2월 충남 지역 개인/기업별 카드 이용현황
"
38938,[NH농협카드] 일자별 소비현황_제주_2020년 2월,"2020년 2월 제주 지역 개인/기업별 카드 이용현황
"
38937,[NH농협카드] 일자별 소비현황_전북_2020년 2월,"2020년 2월 전북 지역 개인/기업별 카드 이용현황
"
38936,[NH농협카드] 일자별 소비현황_전남_2020년 2월,"2020년 2월 전남 지역 개인/기업별 카드 이용현황
"
38935,[NH농협카드] 일자별 소비현황_인천_2020년 2월,"2020년 2월 인천 지역 개인/기업별 카드 이용현황
"
38934,[NH농협카드] 일자별 소비현황_울산_2020년 2월,"2020년 2월 울산 지역 개인/기업별 카드 이용현황
"
38933,[NH농협카드] 일자별 소비현황_세종_2020년 2월,"2020년 2월 세종 지역 개인/기업별 카드 이용현황
"
38932,[NH농협카드] 일자별 소비현황_서울_2020년 2월,"2020년 2월 서울 지역 개인/기업별 카드 이용현황
"
38931,[NH농협카드] 일자별 소비현황_부산_2020년 2월,"2020년 2월 부산 지역 개인/기업별 카드 이용현황
"
38930,[NH농협카드] 일자별 소비현황_대전_2020년 2월,"2020년 2월 대전 지역 개인/기업별 카드 이용현황
"
38929,[NH농협카드] 일자별 소비현황_대구_2020년 2월,"2020년 2월 대구 지역 개인/기업별 카드 이용현황
"
38928,[NH농협카드] 일자별 소비현황_광주_2020년 2월,"2020년 2월 광주 지역 개인/기업별 카드 이용현황
"
38927,[NH농협카드] 일자별 소비현황_경북_2020년 2월,"2020년 2월 경북 지역 개인/기업별 카드 이용현황
"
38926,[NH농협카드] 일자별 소비현황_경남_2020년 2월,"2020년 2월 경남 지역 개인/기업별 카드 이용현황
"
38925,[NH농협카드] 일자별 소비현황_경기_2020년 2월,"2020년 2월 경기 지역 개인/기업별 카드 이용현황
"
38924,[NH농협카드] 일자별 소비현황_강원_2020년 2월,"2020년 2월 강원 지역 개인/기업별 카드 이용현황
"
38923,[NH농협카드] 일자별 소비현황_충북_2020년 3월,"2020년 3월 충북 지역 개인/기업별 카드 이용현황
"
38922,[NH농협카드] 일자별 소비현황_충남_2020년 3월,"2020년 3월 충남 지역 개인/기업별 카드 이용현황
"
38921,[NH농협카드] 일자별 소비현황_제주_2020년 3월,"2020년 3월 제주 지역 개인/기업별 카드 이용현황
"
38920,[NH농협카드] 일자별 소비현황_전북_2020년 3월,"2020년 3월 전북 지역 개인/기업별 카드 이용현황
"
38919,[NH농협카드] 일자별 소비현황_전남_2020년 3월,"2020년 3월 전남 지역 개인/기업별 카드 이용현황
"
38918,[NH농협카드] 일자별 소비현황_인천_2020년 3월,"2020년 3월 인천 지역 개인/기업별 카드 이용현황
"
38917,[NH농협카드] 일자별 소비현황_울산_2020년 3월,"2020년 3월 울산 지역 개인/기업별 카드 이용현황
"
38916,[NH농협카드] 일자별 소비현황_세종_2020년 3월,"2020년 3월 세종 지역 개인/기업별 카드 이용현황
"
38915,[NH농협카드] 일자별 소비현황_서울_2020년 3월,"2020년 3월 서울 지역 개인/기업별 카드 이용현황
"
38914,[NH농협카드] 일자별 소비현황_부산_2020년 3월,"2020년 3월 부산 지역 개인/기업별 카드 이용현황
"
38913,[NH농협카드] 일자별 소비현황_대전_2020년 3월,"2020년 3월 대전 지역 개인/기업별 카드 이용현황
"
38912,[NH농협카드] 일자별 소비현황_대구_2020년 3월,"2020년 3월 대구 지역 개인/기업별 카드 이용현황
"
38911,[NH농협카드] 일자별 소비현황_광주_2020년 3월,"2020년 3월 광주 지역 개인/기업별 카드 이용현황
"
38910,[NH농협카드] 일자별 소비현황_경북_2020년 3월,"2020년 3월 경북 지역 개인/기업별 카드 이용현황
"
38909,[NH농협카드] 일자별 소비현황_경남_2020년 3월,"2020년 3월 경남 지역 개인/기업별 카드 이용현황
"
38908,[NH농협카드] 일자별 소비현황_경기_2020년 3월,"2020년 3월 경기 지역 개인/기업별 카드 이용현황
"
38907,[NH농협카드] 일자별 소비현황_강원_2020년 3월,"2020년 3월 강원 지역 개인/기업별 카드 이용현황
"
38906,[NH농협카드] 일자별 소비현황_충북_2020년 4월,"2020년 4월 충북 지역 개인/기업별 카드 이용현황
"
38905,[NH농협카드] 일자별 소비현황_충남_2020년 4월,"2020년 4월 충남 지역 개인/기업별 카드 이용현황
"
38904,[NH농협카드] 일자별 소비현황_제주_2020년 4월,"2020년 4월 제주 지역 개인/기업별 카드 이용현황
"
38903,[NH농협카드] 일자별 소비현황_전북_2020년 4월,"2020년 4월 전북 지역 개인/기업별 카드 이용현황
"
38902,[NH농협카드] 일자별 소비현황_전남_2020년 4월,"2020년 4월 전남 지역 개인/기업별 카드 이용현황
"
38901,[NH농협카드] 일자별 소비현황_인천_2020년 4월,"2020년 4월 인천 지역 개인/기업별 카드 이용현황
"
38900,[NH농협카드] 일자별 소비현황_울산_2020년 4월,"2020년 4월 울산 지역 개인/기업별 카드 이용현황
"
38899,[NH농협카드] 일자별 소비현황_세종_2020년 4월,"2020년 4월 세종 지역 개인/기업별 카드 이용현황
"
38898,[NH농협카드] 일자별 소비현황_서울_2020년 4월,"2020년 4월 서울 지역 개인/기업별 카드 이용현황
"
38897,[NH농협카드] 일자별 소비현황_부산_2020년 4월,"2020년 4월 부산 지역 개인/기업별 카드 이용현황
"
38896,[NH농협카드] 일자별 소비현황_대전_2020년 4월,"2020년 4월 대전 지역 개인/기업별 카드 이용현황
"
38895,[NH농협카드] 일자별 소비현황_대구_2020년 4월,"2020년 4월 대구 지역 개인/기업별 카드 이용현황
"
38894,[NH농협카드] 일자별 소비현황_광주_2020년 4월,"2020년 4월 광주 지역 개인/기업별 카드 이용현황
"
38893,[NH농협카드] 일자별 소비현황_경북_2020년 4월,"2020년 4월 경북 지역 개인/기업별 카드 이용현황
"
38892,[NH농협카드] 일자별 소비현황_경남_2020년 4월,"2020년 4월 경남 지역 개인/기업별 카드 이용현황
"
38891,[NH농협카드] 일자별 소비현황_경기_2020년 4월,"2020년 4월 경기 지역 개인/기업별 카드 이용현황
"
38890,[NH농협카드] 일자별 소비현황_강원_2020년 4월,"2020년 4월 강원 지역 개인/기업별 카드 이용현황
"
38889,[NH농협카드] 일자별 소비현황_충북_2020년 5월,"2020년 5월 충북 지역 개인/기업별 카드 이용현황
"
38888,[NH농협카드] 일자별 소비현황_충남_2020년 5월,"2020년 5월 충남 지역 개인/기업별 카드 이용현황
"
38887,[NH농협카드] 일자별 소비현황_제주_2020년 5월,"2020년 5월 제주 지역 개인/기업별 카드 이용현황
"
38886,[NH농협카드] 일자별 소비현황_전북_2020년 5월,"2020년 5월 전북 지역 개인/기업별 카드 이용현황
"
38885,[NH농협카드] 일자별 소비현황_전남_2020년 5월,"2020년 5월 전남 지역 개인/기업별 카드 이용현황
"
38884,[NH농협카드] 일자별 소비현황_인천_2020년 5월,"2020년 5월 인천 지역 개인/기업별 카드 이용현황
"
38883,[NH농협카드] 일자별 소비현황_울산_2020년 5월,"2020년 5월 울산 지역 개인/기업별 카드 이용현황
"
38881,[NH농협카드] 일자별 소비현황_세종_2020년 5월,"2020년 5월 세종 지역 개인/기업별 카드 이용현황
"
38880,[NH농협카드] 일자별 소비현황_서울_2020년 5월,"2020년 5월 서울 지역 개인/기업별 카드 이용현황
"
38879,[NH농협카드] 일자별 소비현황_부산_2020년 5월,"2020년 5월 부산 지역 개인/기업별 카드 이용현황
"
38878,[NH농협카드] 일자별 소비현황_대전_2020년 5월,"2020년 5월 대전 지역 개인/기업별 카드 이용현황
"
38877,[NH농협카드] 일자별 소비현황_대구_2020년 5월,"2020년 5월 대구 지역 개인/기업별 카드 이용현황
"
38876,[NH농협카드] 일자별 소비현황_광주_2020년 5월,"2020년 5월 광주 지역 개인/기업별 카드 이용현황
"
38875,[NH농협카드] 일자별 소비현황_경북_2020년 5월,"2020년 5월 경북 지역 개인/기업별 카드 이용현황
"
38874,[NH농협카드] 일자별 소비현황_경남_2020년 5월,"2020년 5월 경남 지역 개인/기업별 카드 이용현황
"
38873,[NH농협카드] 일자별 소비현황_경기_2020년 5월,"2020년 5월 경기 지역 개인/기업별 카드 이용현황
"
38872,[NH농협카드] 일자별 소비현황_강원_2020년 5월,"2020년 5월 강원 지역 개인/기업별 카드 이용현황
"
38871,[NH농협카드] 일자별 소비현황_충북_2020년 6월,"2020년 6월 충북 지역 개인/기업별 카드 이용현황
"
38870,[NH농협카드] 일자별 소비현황_충남_2020년 6월,"2020년 6월 충남 지역 개인/기업별 카드 이용현황
"
38869,[NH농협카드] 일자별 소비현황_제주_2020년 6월,"2020년 6월 제주 지역 개인/기업별 카드 이용현황
"
38868,[NH농협카드] 일자별 소비현황_전북_2020년 6월,"2020년 6월 전북 지역 개인/기업별 카드 이용현황
"
38867,[NH농협카드] 일자별 소비현황_전남_2020년 6월,"2020년 6월 전남 지역 개인/기업별 카드 이용현황
"
38866,[NH농협카드] 일자별 소비현황_인천_2020년 6월,"2020년 6월 인천 지역 개인/기업별 카드 이용현황
"
38865,[NH농협카드] 일자별 소비현황_울산_2020년 6월,"2020년 6월 울산 지역 개인/기업별 카드 이용현황
"
38864,[NH농협카드] 일자별 소비현황_세종_2020년 6월,"2020년 6월 세종 지역 개인/기업별 카드 이용현황
"
38863,[NH농협카드] 일자별 소비현황_서울_2020년 6월,"2020년 6월 서울 지역 개인/기업별 카드 이용현황
"
38862,[NH농협카드] 일자별 소비현황_부산_2020년 6월,"2020년 6월 부산 지역 개인/기업별 카드 이용현황
"
38861,[NH농협카드] 일자별 소비현황_대전_2020년 6월,"2020년 6월 대전 지역 개인/기업별 카드 이용현황
"
38860,[NH농협카드] 일자별 소비현황_대구_2020년 6월,"2020년 6월 대구 지역 개인/기업별 카드 이용현황
"
38858,[NH농협카드] 일자별 소비현황_광주_2020년 6월,"2020년 6월 광주 지역 개인/기업별 카드 이용현황
"
38857,[NH농협카드] 일자별 소비현황_경북_2020년 6월,"2020년 6월 경북 지역 개인/기업별 카드 이용현황
"
38856,[NH농협카드] 일자별 소비현황_경남_2020년 6월,"2020년 6월 경남 지역 개인/기업별 카드 이용현황
"
38855,[NH농협카드] 일자별 소비현황_경기_2020년 6월,"2020년 6월 경기 지역 개인/기업별 카드 이용현황
"
38854,[NH농협카드] 일자별 소비현황_강원_2020년 6월,"2020년 6월 강원 지역 개인/기업별 카드 이용현황
"
38853,[NH농협카드] 일자별 소비현황_충북_2020년 7월,"2020년 7월 충북 지역 개인/기업별 카드 이용현황
"
38852,[NH농협카드] 일자별 소비현황_충남_2020년 7월,"2020년 7월 충남 지역 개인/기업별 카드 이용현황
"
38851,[NH농협카드] 일자별 소비현황_제주_2020년 7월,"2020년 7월 제주 지역 개인/기업별 카드 이용현황
"
38850,[NH농협카드] 일자별 소비현황_전북_2020년 7월,"2020년 7월 전북 지역 개인/기업별 카드 이용현황
"
38849,[NH농협카드] 일자별 소비현황_전남_2020년 7월,"2020년 7월 전남 지역 개인/기업별 카드 이용현황
"
38848,[NH농협카드] 일자별 소비현황_인천_2020년 7월,"2020년 7월 인천 지역 개인/기업별 카드 이용현황
"
38846,[NH농협카드] 일자별 소비현황_울산_2020년 7월,"2020년 7월 울산 지역 개인/기업별 카드 이용현황
"
38845,[NH농협카드] 일자별 소비현황_세종_2020년 7월,"2020년 7월 세종 지역 개인/기업별 카드 이용현황
"
38844,[NH농협카드] 일자별 소비현황_서울_2020년 7월,"2020년 7월 서울 지역 개인/기업별 카드 이용현황
"
38843,[NH농협카드] 일자별 소비현황_부산_2020년 7월,"2020년 7월 부산 지역 개인/기업별 카드 이용현황
"
38842,[NH농협카드] 일자별 소비현황_대전_2020년 7월,"2020년 7월 대전 지역 개인/기업별 카드 이용현황
"
38841,[NH농협카드] 일자별 소비현황_대구_2020년 7월,"2020년 7월 대구 지역 개인/기업별 카드 이용현황
"
38840,[NH농협카드] 일자별 소비현황_광주_2020년 7월,"2020년 7월 광주 지역 개인/기업별 카드 이용현황
"
38838,[NH농협카드] 일자별 소비현황_경북_2020년 7월,"2020년 7월 경북 지역 개인/기업별 카드 이용현황
"
38837,[NH농협카드] 일자별 소비현황_경남_2020년 7월,"2020년 7월 경남 지역 개인/기업별 카드 이용현황
"
38836,[NH농협카드] 일자별 소비현황_경기_2020년 7월,"2020년 7월 경기 지역 개인/기업별 카드 이용현황
"
38835,[NH농협카드] 일자별 소비현황_강원_2020년 7월,"2020년 7월 강원 지역 개인/기업별 카드 이용현황
"
38834,[NH농협카드] 일자별 소비현황_충북_2020년 8월,"2020년 8월 충북 지역 개인/기업별 카드 이용현황
"
38833,[NH농협카드] 일자별 소비현황_충남_2020년 8월,"2020년 8월 충남 지역 개인/기업별 카드 이용현황
"
38832,[NH농협카드] 일자별 소비현황_제주_2020년 8월,"2020년 8월 제주 지역 개인/기업별 카드 이용현황
"
38830,[NH농협카드] 일자별 소비현황_전북_2020년 8월,"2020년 8월 전북 지역 개인/기업별 카드 이용현황
"
38829,[NH농협카드] 일자별 소비현황_전남_2020년 8월,"2020년 8월 전남 지역 개인/기업별 카드 이용현황
"
38828,[NH농협카드] 일자별 소비현황_인천_2020년 8월,"2020년 8월 인천 지역 개인/기업별 카드 이용현황
"
38827,[NH농협카드] 일자별 소비현황_울산_2020년 8월,"2020년 8월 울산 지역 개인/기업별 카드 이용현황
"
38826,[NH농협카드] 일자별 소비현황_세종_2020년 8월,"2020년 8월 세종 지역 개인/기업별 카드 이용현황
"
38825,[NH농협카드] 일자별 소비현황_서울_2020년 8월,"2020년 8월 서울 지역 개인/기업별 카드 이용현황
"
38824,[NH농협카드] 일자별 소비현황_부산_2020년 8월,"2020년 8월 부산 지역 개인/기업별 카드 이용현황
"
38823,[NH농협카드] 일자별 소비현황_대전_2020년 8월,"2020년 8월 대전 지역 개인/기업별 카드 이용현황
"
38822,[NH농협카드] 일자별 소비현황_대구_2020년 8월,"2020년 8월 대구 지역 개인/기업별 카드 이용현황
"
38821,[NH농협카드] 일자별 소비현황_광주_2020년 8월,"2020년 8월 광주 지역 개인/기업별 카드 이용현황
"
38820,[NH농협카드] 일자별 소비현황_경북_2020년 8월,"2020년 8월 경북 지역 개인/기업별 카드 이용현황
"
38819,[NH농협카드] 일자별 소비현황_경남_2020년 8월,"2020년 8월 경남 지역 개인/기업별 카드 이용현황
"
38818,[NH농협카드] 일자별 소비현황_경기_2020년 8월,"2020년 8월 경기 지역 개인/기업별 카드 이용현황
"
38817,[NH농협카드] 일자별 소비현황_강원_2020년 8월,"2020년 8월 강원 지역 개인/기업별 카드 이용현황
"
38816,[NH농협카드] 일자별 소비현황_충북_2020년 9월,"2020년 9월 충북 지역 개인/기업별 카드 이용현황
"
38815,[NH농협카드] 일자별 소비현황_충남_2020년 9월,"2020년 9월 충남 지역 개인/기업별 카드 이용현황
"
38814,[NH농협카드] 일자별 소비현황_제주_2020년 9월,"2020년 9월 제주 지역 개인/기업별 카드 이용현황
"
38813,[NH농협카드] 일자별 소비현황_전북_2020년 9월,"2020년 9월 전북 지역 개인/기업별 카드 이용현황
"
38812,[NH농협카드] 일자별 소비현황_전남_2020년 9월,"2020년 9월 전남 지역 개인/기업별 카드 이용현황
"
38811,[NH농협카드] 일자별 소비현황_인천_2020년 9월,"2020년 9월 인천 지역 개인/기업별 카드 이용현황
"
38810,[NH농협카드] 일자별 소비현황_울산_2020년 9월,"2020년 9월 울산 지역 개인/기업별 카드 이용현황
"
38809,[NH농협카드] 일자별 소비현황_세종_2020년 9월,"2020년 9월 세종 지역 개인/기업별 카드 이용현황
"
38808,[NH농협카드] 일자별 소비현황_서울_2020년 9월,"2020년 9월 서울 지역 개인/기업별 카드 이용현황
"
38807,[NH농협카드] 일자별 소비현황_부산_2020년 9월,"2020년 9월 부산 지역 개인/기업별 카드 이용현황
"
38806,[NH농협카드] 일자별 소비현황_대전_2020년 9월,"2020년 9월 대전 지역 개인/기업별 카드 이용현황
"
38805,[NH농협카드] 일자별 소비현황_대구_2020년 9월,"2020년 9월 대구 지역 개인/기업별 카드 이용현황
"
38804,[NH농협카드] 일자별 소비현황_광주_2020년 9월,"2020년 9월 광주 지역 개인/기업별 카드 이용현황
"
38803,[NH농협카드] 일자별 소비현황_경북_2020년 9월,"2020년 9월 경북 지역 개인/기업별 카드 이용현황
"
38802,[NH농협카드] 일자별 소비현황_경남_2020년 9월,"2020년 9월 경남 지역 개인/기업별 카드 이용현황
"
38801,[NH농협카드] 일자별 소비현황_경기_2020년 9월,"2020년 9월 경기 지역 개인/기업별 카드 이용현황
"
38800,[NH농협카드] 일자별 소비현황_강원_2020년 9월,"2020년 9월 강원 지역 개인/기업별 카드 이용현황
"
38799,[NH농협카드] 일자별 소비현황_충북_2020년 10월,"2020년 10월 충북 지역 개인/기업별 카드 이용현황
"
38798,[NH농협카드] 일자별 소비현황_충남_2020년 10월,"2020년 10월 충남 지역 개인/기업별 카드 이용현황
"
38797,[NH농협카드] 일자별 소비현황_제주_2020년 10월,"2020년 10월 제주 지역 개인/기업별 카드 이용현황
"
38796,[NH농협카드] 일자별 소비현황_전북_2020년 10월,"2020년 10월 전북 지역 개인/기업별 카드 이용현황
"
38795,[NH농협카드] 일자별 소비현황_전남_2020년 10월,"2020년 10월 전남 지역 개인/기업별 카드 이용현황
"
38794,[NH농협카드] 일자별 소비현황_인천_2020년 10월,"2020년 10월 인천 지역 개인/기업별 카드 이용현황
"
38793,[NH농협카드] 일자별 소비현황_울산_2020년 10월,"2020년 10월 울산 지역 개인/기업별 카드 이용현황
"
38792,[NH농협카드] 일자별 소비현황_세종_2020년 10월,"2020년 10월 세종 지역 개인/기업별 카드 이용현황
"
38791,[NH농협카드] 일자별 소비현황_서울_2020년 10월,"2020년 10월 서울 지역 개인/기업별 카드 이용현황
"
38790,[NH농협카드] 일자별 소비현황_부산_2020년 10월,"2020년 10월 부산 지역 개인/기업별 카드 이용현황
"
38789,[NH농협카드] 일자별 소비현황_대전_2020년 10월,"2020년 10월 대전 지역 개인/기업별 카드 이용현황
"
38788,[NH농협카드] 일자별 소비현황_대구_2020년 10월,"2020년 10월 대구 지역 개인/기업별 카드 이용현황
"
38787,[NH농협카드] 일자별 소비현황_광주_2020년 10월,"2020년 10월 광주 지역 개인/기업별 카드 이용현황
"
38786,[NH농협카드] 일자별 소비현황_경북_2020년 10월,"2020년 10월 경북 지역 개인/기업별 카드 이용현황
"
38785,[NH농협카드] 일자별 소비현황_경남_2020년 10월,"2020년 10월 경남 지역 개인/기업별 카드 이용현황
"
38784,[NH농협카드] 일자별 소비현황_경기_2020년 10월,"2020년 10월 경기 지역 개인/기업별 카드 이용현황
"
38783,[NH농협카드] 일자별 소비현황_강원_2020년 10월,"2020년 10월 강원 지역 개인/기업별 카드 이용현황
"
38782,[NH농협카드] 일자별 소비현황_충북_2020년 11월,"2020년 11월 충북 지역 개인/기업별 카드 이용현황
"
38781,[NH농협카드] 일자별 소비현황_충남_2020년 11월,"2020년 11월 충남 지역 개인/기업별 카드 이용현황
"
38780,[NH농협카드] 일자별 소비현황_제주_2020년 11월,"2020년 11월 제주 지역 개인/기업별 카드 이용현황
"
38779,[NH농협카드] 일자별 소비현황_전북_2020년 11월,"2020년 11월 전북 지역 개인/기업별 카드 이용현황
"
38778,[NH농협카드] 일자별 소비현황_전남_2020년 11월,"2020년 11월 전남 지역 개인/기업별 카드 이용현황
"
38777,[NH농협카드] 일자별 소비현황_인천_2020년 11월,"2020년 11월 인천 지역 개인/기업별 카드 이용현황
"
38776,[NH농협카드] 일자별 소비현황_울산_2020년 11월,"2020년 11월 울산 지역 개인/기업별 카드 이용현황
"
38775,[NH농협카드] 일자별 소비현황_세종_2020년 11월,"2020년 11월 세종 지역 개인/기업별 카드 이용현황
"
38774,[NH농협카드] 일자별 소비현황_서울_2020년 11월,"2020년 11월 서울 지역 개인/기업별 카드 이용현황
"
38773,[NH농협카드] 일자별 소비현황_부산_2020년 11월,"2020년 11월 부산 지역 개인/기업별 카드 이용현황
"
38772,[NH농협카드] 일자별 소비현황_대전_2020년 11월,"2020년 11월 대전 지역 개인/기업별 카드 이용현황
"
38771,[NH농협카드] 일자별 소비현황_대구_2020년 11월,"2020년 11월 대구 지역 개인/기업별 카드 이용현황
"
38770,[NH농협카드] 일자별 소비현황_광주_2020년 11월,"2020년 11월 광주 지역 개인/기업별 카드 이용현황
"
38769,[NH농협카드] 일자별 소비현황_경북_2020년 11월,"2020년 11월 경북 지역 개인/기업별 카드 이용현황
"
38768,[NH농협카드] 일자별 소비현황_경남_2020년 11월,"2020년 11월 경남 지역 개인/기업별 카드 이용현황
"
38767,[NH농협카드] 일자별 소비현황_경기_2020년 11월,"2020년 11월 경기 지역 개인/기업별 카드 이용현황
"
38766,[NH농협카드] 일자별 소비현황_강원_2020년 11월,"2020년 11월 강원 지역 개인/기업별 카드 이용현황
"
38765,[NH농협카드] 일자별 소비현황_충북_2020년 12월,"2020년 12월 충북 지역 개인/기업별 카드 이용현황
"
38764,[NH농협카드] 일자별 소비현황_충남_2020년 12월,"2020년 12월 충남 지역 개인/기업별 카드 이용현황
"
38763,[NH농협카드] 일자별 소비현황_제주_2020년 12월,"2020년 12월 제주 지역 개인/기업별 카드 이용현황
"
38762,[NH농협카드] 일자별 소비현황_전북_2020년 12월,"2020년 12월 전북 지역 개인/기업별 카드 이용현황
"
38761,[NH농협카드] 일자별 소비현황_전남_2020년 12월,"2020년 12월 전남 지역 개인/기업별 카드 이용현황
"
38760,[NH농협카드] 일자별 소비현황_인천_2020년 12월,"2020년 12월 인천 지역 개인/기업별 카드 이용현황
"
38759,[NH농협카드] 일자별 소비현황_울산_2020년 12월,"2020년 12월 울산 지역 개인/기업별 카드 이용현황
"
38758,[NH농협카드] 일자별 소비현황_세종_2020년 12월,"2020년 12월 세종 지역 개인/기업별 카드 이용현황
"
38757,[NH농협카드] 일자별 소비현황_서울_2020년 12월,"2020년 12월 서울 지역 개인/기업별 카드 이용현황
"
38756,[NH농협카드] 일자별 소비현황_부산_2020년 12월,"2020년 12월 부산 지역 개인/기업별 카드 이용현황
"
38754,[NH농협카드] 일자별 소비현황_대전_2020년 12월,"2020년 12월 대전 지역 개인/기업별 카드 이용현황
"
38753,[NH농협카드] 일자별 소비현황_대구_2020년 12월,"2020년 12월 대구 지역 개인/기업별 카드 이용현황
"
38752,[NH농협카드] 일자별 소비현황_광주_2020년 12월,"2020년 12월 광주 지역 개인/기업별 카드 이용현황
"
38751,[NH농협카드] 일자별 소비현황_경북_2020년 12월,"2020년 12월 경북 지역 개인/기업별 카드 이용현황
"
38750,[NH농협카드] 일자별 소비현황_경남_2020년 12월,"2020년 12월 경남 지역 개인/기업별 카드 이용현황
"
38749,[NH농협카드] 일자별 소비현황_경기_2020년 12월,"2020년 12월 경기 지역 개인/기업별 카드 이용현황
"
38748,[NH농협카드] 일자별 소비현황_강원_2020년 12월,"2020년 12월 강원 지역 개인/기업별 카드 이용현황
"
38747,[NH농협카드] 일자별 소비현황_충북_2021년 1월,"2021년 1월 충북 지역 개인/기업별 카드 이용현황
"
38745,[NH농협카드] 일자별 소비현황_충남_2021년 1월,"2021년 1월 충남 지역 개인/기업별 카드 이용현황
"
38744,[NH농협카드] 일자별 소비현황_제주_2021년 1월,"2021년 1월 제주 지역 개인/기업별 카드 이용현황
"
38743,[NH농협카드] 일자별 소비현황_전북_2021년 1월,"2021년 1월 전북 지역 개인/기업별 카드 이용현황
"
38742,[NH농협카드] 일자별 소비현황_전남_2021년 1월,"2021년 1월 전남 지역 개인/기업별 카드 이용현황
"
38741,[NH농협카드] 일자별 소비현황_인천_2021년 1월,"2021년 1월 인천 지역 개인/기업별 카드 이용현황
"
38740,[NH농협카드] 일자별 소비현황_울산_2021년 1월,"2021년 1월 울산 지역 개인/기업별 카드 이용현황
"
38738,[NH농협카드] 일자별 소비현황_세종_2021년 1월,"2021년 1월 세종 지역 개인/기업별 카드 이용현황
"
38737,[NH농협카드] 일자별 소비현황_서울_2021년 1월,"2021년 1월 서울 지역 개인/기업별 카드 이용현황
"
38736,[NH농협카드] 일자별 소비현황_부산_2021년 1월,"2021년 1월 부산 지역 개인/기업별 카드 이용현황
"
38735,[NH농협카드] 일자별 소비현황_대전_2021년 1월,"2021년 1월 대전 지역 개인/기업별 카드 이용현황
"
38734,[NH농협카드] 일자별 소비현황_대구_2021년 1월,"2021년 1월 대구 지역 개인/기업별 카드 이용현황
"
38733,[NH농협카드] 일자별 소비현황_광주_2021년 1월,"2021년 1월 광주 지역 개인/기업별 카드 이용현황
"
38732,[NH농협카드] 일자별 소비현황_경북_2021년 1월,"2021년 1월 경북 지역 개인/기업별 카드 이용현황
"
38731,[NH농협카드] 일자별 소비현황_경남_2021년 1월,"2021년 1월 경남 지역 개인/기업별 카드 이용현황
"
38730,[NH농협카드] 일자별 소비현황_경기_2021년 1월,"2021년 1월 경기 지역 개인/기업별 카드 이용현황
"
38729,[NH농협카드] 일자별 소비현황_강원_2021년 1월,"2021년 1월 강원 지역 개인/기업별 카드 이용현황
"
38728,[NH농협카드] 일자별 소비현황_충북_2021년 2월,"2021년 2월 충북 지역 개인/기업별 카드 이용현황
"
38727,[NH농협카드] 일자별 소비현황_충남_2021년 2월,"2021년 2월 충남 지역 개인/기업별 카드 이용현황
"
38726,[NH농협카드] 일자별 소비현황_제주_2021년 2월,"2021년 2월 제주 지역 개인/기업별 카드 이용현황
"
38725,[NH농협카드] 일자별 소비현황_전북_2021년 2월,"2021년 2월 전북 지역 개인/기업별 카드 이용현황
"
38724,[NH농협카드] 일자별 소비현황_전남_2021년 2월,"2021년 2월 전남 지역 개인/기업별 카드 이용현황
"
38723,[NH농협카드] 일자별 소비현황_인천_2021년 2월,"2021년 2월 인천 지역 개인/기업별 카드 이용현황
"
38722,[NH농협카드] 일자별 소비현황_울산_2021년 2월,"2021년 2월 울산 지역 개인/기업별 카드 이용현황
"
38721,[NH농협카드] 일자별 소비현황_세종_2021년 2월,"2021년 2월 세종 지역 개인/기업별 카드 이용현황
"
38720,[NH농협카드] 일자별 소비현황_서울_2021년 2월,"2021년 2월 서울 지역 개인/기업별 카드 이용현황
"
38719,[NH농협카드] 일자별 소비현황_부산_2021년 2월,"2021년 2월 부산 지역 개인/기업별 카드 이용현황
"
38718,[NH농협카드] 일자별 소비현황_대전_2021년 2월,"2021년 2월 대전 지역 개인/기업별 카드 이용현황
"
38717,[NH농협카드] 일자별 소비현황_대구_2021년 2월,"2021년 2월 대구 지역 개인/기업별 카드 이용현황
"
38716,[NH농협카드] 일자별 소비현황_광주_2021년 2월,"2021년 2월 광주 지역 개인/기업별 카드 이용현황
"
38715,[NH농협카드] 일자별 소비현황_경북_2021년 2월,"2021년 2월 경북 지역 개인/기업별 카드 이용현황
"
38714,[NH농협카드] 일자별 소비현황_경남_2021년 2월,"2021년 2월 경남 지역 개인/기업별 카드 이용현황
"
38713,[NH농협카드] 일자별 소비현황_경기_2021년 2월,"2021년 2월 경기 지역 개인/기업별 카드 이용현황
"
38712,[NH농협카드] 일자별 소비현황_강원_2021년 2월,"2021년 2월 강원 지역 개인/기업별 카드 이용현황
"
38711,[NH농협카드] 일자별 소비현황_충북_2021년 3월,"2021년 3월 충북 지역 개인/기업별 카드 이용현황
"
38710,[NH농협카드] 일자별 소비현황_충남_2021년 3월,"2021년 3월 충남 지역 개인/기업별 카드 이용현황
"
38709,[NH농협카드] 일자별 소비현황_제주_2021년 3월,"2021년 3월 제주 지역 개인/기업별 카드 이용현황
"
38708,[NH농협카드] 일자별 소비현황_전북_2021년 3월,"2021년 3월 전북 지역 개인/기업별 카드 이용현황
"
38707,[NH농협카드] 일자별 소비현황_전남_2021년 3월,"2021년 3월 전남 지역 개인/기업별 카드 이용현황
"
38706,[NH농협카드] 일자별 소비현황_인천_2021년 3월,"2021년 3월 인천 지역 개인/기업별 카드 이용현황
"
38705,[NH농협카드] 일자별 소비현황_울산_2021년 3월,"2021년 3월 울산 지역 개인/기업별 카드 이용현황
"
38704,[NH농협카드] 일자별 소비현황_세종_2021년 3월,"2021년 3월 세종 지역 개인/기업별 카드 이용현황
"
38703,[NH농협카드] 일자별 소비현황_서울_2021년 3월,"2021년 3월 서울 지역 개인/기업별 카드 이용현황
"
38702,[NH농협카드] 일자별 소비현황_부산_2021년 3월,"2021년 3월 부산 지역 개인/기업별 카드 이용현황
"
38701,[NH농협카드] 일자별 소비현황_대전_2021년 3월,"2021년 3월 대전 지역 개인/기업별 카드 이용현황
"
38700,[NH농협카드] 일자별 소비현황_대구_2021년 3월,"2021년 3월 대구 지역 개인/기업별 카드 이용현황
"
38699,[NH농협카드] 일자별 소비현황_광주_2021년 3월,"2021년 3월 광주 지역 개인/기업별 카드 이용현황
"
38698,[NH농협카드] 일자별 소비현황_경북_2021년 3월,"2021년 3월 경북 지역 개인/기업별 카드 이용현황
"
38697,[NH농협카드] 일자별 소비현황_경남_2021년 3월,"2021년 3월 경남 지역 개인/기업별 카드 이용현황
"
38696,[NH농협카드] 일자별 소비현황_경기_2021년 3월,"2021년 3월 경기 지역 개인/기업별 카드 이용현황
"
38695,[NH농협카드] 일자별 소비현황_강원_2021년 3월,"2021년 3월 강원 지역 개인/기업별 카드 이용현황
"
38693,[NH농협카드] 일자별 소비현황_충북_2021년 4월,"2021년 4월 충북 지역 개인/기업별 카드 이용현황
"
38692,[NH농협카드] 일자별 소비현황_충남_2021년 4월,"2021년 4월 충남 지역 개인/기업별 카드 이용현황
"
38691,[NH농협카드] 일자별 소비현황_제주_2021년 4월,"2021년 4월 제주 지역 개인/기업별 카드 이용현황
"
38690,[NH농협카드] 일자별 소비현황_전북_2021년 4월,"2021년 4월 전북 지역 개인/기업별 카드 이용현황
"
38689,[NH농협카드] 일자별 소비현황_전남_2021년 4월,"2021년 4월 전남 지역 개인/기업별 카드 이용현황
"
38688,[NH농협카드] 일자별 소비현황_인천_2021년 4월,"2021년 4월 인천 지역 개인/기업별 카드 이용현황
"
38687,[NH농협카드] 일자별 소비현황_울산_2021년 4월,"2021년 4월 울산 지역 개인/기업별 카드 이용현황
"
38686,[NH농협카드] 일자별 소비현황_세종_2021년 4월,"2021년 4월 세종 지역 개인/기업별 카드 이용현황
"
38685,[NH농협카드] 일자별 소비현황_서울_2021년 4월,"2021년 4월 서울 지역 개인/기업별 카드 이용현황
"
38684,[NH농협카드] 일자별 소비현황_부산_2021년 4월,"2021년 4월 부산 지역 개인/기업별 카드 이용현황
"
38683,[NH농협카드] 일자별 소비현황_대전_2021년 4월,"2021년 4월 대전 지역 개인/기업별 카드 이용현황
"
38682,[NH농협카드] 일자별 소비현황_대구_2021년 4월,"2021년 4월 대구 지역 개인/기업별 카드 이용현황
"
38681,[NH농협카드] 일자별 소비현황_광주_2021년 4월,"2021년 4월 광주 지역 개인/기업별 카드 이용현황
"
38680,[NH농협카드] 일자별 소비현황_경북_2021년 4월,"2021년 4월 경북 지역 개인/기업별 카드 이용현황
"
38679,[NH농협카드] 일자별 소비현황_경남_2021년 4월,"2021년 4월 경남 지역 개인/기업별 카드 이용현황
"
38678,[NH농협카드] 일자별 소비현황_경기_2021년 4월,"2021년 4월 경기 지역 개인/기업별 카드 이용현황
"
38677,[NH농협카드] 일자별 소비현황_강원_2021년 4월,"2021년 4월 강원 지역 개인/기업별 카드 이용현황
"
38676,[NH농협카드] 일자별 소비현황_충북_2021년 5월,"2021년 5월 충북 지역 개인/기업별 카드 이용현황
"
38675,[NH농협카드] 일자별 소비현황_충남_2021년 5월,"2021년 5월 충남 지역 개인/기업별 카드 이용현황
"
38674,[NH농협카드] 일자별 소비현황_제주_2021년 5월,"2021년 5월 제주 지역 개인/기업별 카드 이용현황
"
38672,[NH농협카드] 일자별 소비현황_전북_2021년 5월,"2021년 5월 전북 지역 개인/기업별 카드 이용현황
"
38671,[NH농협카드] 일자별 소비현황_전남_2021년 5월,"2021년 5월 전남 지역 개인/기업별 카드 이용현황
"
38670,[NH농협카드] 일자별 소비현황_인천_2021년 5월,"2021년 5월 인천 지역 개인/기업별 카드 이용현황
"
38669,[NH농협카드] 일자별 소비현황_울산_2021년 5월,"2021년 5월 울산 지역 개인/기업별 카드 이용현황
"
38668,[NH농협카드] 일자별 소비현황_세종_2021년 5월,"2021년 5월 세종 지역 개인/기업별 카드 이용현황
"
38667,[NH농협카드] 일자별 소비현황_서울_2021년 5월,"2021년 5월 서울 지역 개인/기업별 카드 이용현황
"
38666,[NH농협카드] 일자별 소비현황_부산_2021년 5월,"2021년 5월 부산 지역 개인/기업별 카드 이용현황
"
38665,[NH농협카드] 일자별 소비현황_대전_2021년 5월,"2021년 5월 대전 지역 개인/기업별 카드 이용현황
"
38664,[NH농협카드] 일자별 소비현황_대구_2021년 5월,"2021년 5월 대구 지역 개인/기업별 카드 이용현황
"
38663,[NH농협카드] 일자별 소비현황_광주_2021년 5월,"2021년 5월 광주 지역 개인/기업별 카드 이용현황
"
38662,[NH농협카드] 일자별 소비현황_경북_2021년 5월,"2021년 5월 경북 지역 개인/기업별 카드 이용현황
"
38660,[NH농협카드] 일자별 소비현황_경남_2021년 5월,"2021년 5월 경남 지역 개인/기업별 카드 이용현황
"
38659,[NH농협카드] 일자별 소비현황_경기_2021년 5월,"2021년 5월 경기 지역 개인/기업별 카드 이용현황
"
38658,[NH농협카드] 일자별 소비현황_강원_2021년 5월,"2021년 5월 강원 지역 개인/기업별 카드 이용현황
"
38657,[NH농협카드] 일자별 소비현황_충북_2021년 6월,"2021년 6월 충북 지역 개인/기업별 카드 이용현황
"
38656,[NH농협카드] 일자별 소비현황_충남_2021년 6월,"2021년 6월 충남 지역 개인/기업별 카드 이용현황
"
38655,[NH농협카드] 일자별 소비현황_제주_2021년 6월,"2021년 6월 제주 지역 개인/기업별 카드 이용현황
"
38654,[NH농협카드] 일자별 소비현황_전북_2021년 6월,"2021년 6월 전북 지역 개인/기업별 카드 이용현황
"
38653,[NH농협카드] 일자별 소비현황_전남_2021년 6월,"2021년 6월 전남 지역 개인/기업별 카드 이용현황
"
38652,[NH농협카드] 일자별 소비현황_인천_2021년 6월,"2021년 6월 인천 지역 개인/기업별 카드 이용현황
"
38651,[NH농협카드] 일자별 소비현황_울산_2021년 6월,"2021년 6월 울산 지역 개인/기업별 카드 이용현황
"
38650,[NH농협카드] 일자별 소비현황_세종_2021년 6월,"2021년 6월 세종 지역 개인/기업별 카드 이용현황
"
38649,[NH농협카드] 일자별 소비현황_서울_2021년 6월,"2021년 6월 서울 지역 개인/기업별 카드 이용현황
"
38648,[NH농협카드] 일자별 소비현황_부산_2021년 6월,"2021년 6월 부산 지역 개인/기업별 카드 이용현황
"
38647,[NH농협카드] 일자별 소비현황_대전_2021년 6월,"2021년 6월 대전 지역 개인/기업별 카드 이용현황
"
38646,[NH농협카드] 일자별 소비현황_대구_2021년 6월,"2021년 6월 대구 지역 개인/기업별 카드 이용현황
"
38645,[NH농협카드] 일자별 소비현황_광주_2021년 6월,"2021년 6월 광주 지역 개인/기업별 카드 이용현황
"
38644,[NH농협카드] 일자별 소비현황_경북_2021년 6월,"2021년 6월 경북 지역 개인/기업별 카드 이용현황
"
38643,[NH농협카드] 일자별 소비현황_경남_2021년 6월,"2021년 6월 경남 지역 개인/기업별 카드 이용현황
"
38642,[NH농협카드] 일자별 소비현황_경기_2021년 6월,"2021년 6월 경기 지역 개인/기업별 카드 이용현황
"
38641,[NH농협카드] 일자별 소비현황_강원_2021년 6월,"2021년 6월 강원 지역 개인/기업별 카드 이용현황
"
38640,[NH농협카드] 일자별 소비현황_충북_2021년 7월,"2021년 7월 충북 지역 개인/기업별 카드 이용현황
"
38639,[NH농협카드] 일자별 소비현황_충남_2021년 7월,"2021년 7월 충남 지역 개인/기업별 카드 이용현황
"
38638,[NH농협카드] 일자별 소비현황_제주_2021년 7월,"2021년 7월 제주 지역 개인/기업별 카드 이용현황
"
38637,[NH농협카드] 일자별 소비현황_전북_2021년 7월,"2021년 7월 전북 지역 개인/기업별 카드 이용현황
"
38636,[NH농협카드] 일자별 소비현황_전남_2021년 7월,"2021년 7월 전남 지역 개인/기업별 카드 이용현황
"
38635,[NH농협카드] 일자별 소비현황_인천_2021년 7월,"2021년 7월 인천 지역 개인/기업별 카드 이용현황
"
38634,[NH농협카드] 일자별 소비현황_울산_2021년 7월,"2021년 7월 울산 지역 개인/기업별 카드 이용현황
"
38632,[NH농협카드] 일자별 소비현황_세종_2021년 7월,"2021년 7월 세종 지역 개인/기업별 카드 이용현황
"
38631,[NH농협카드] 일자별 소비현황_서울_2021년 7월,"2021년 7월 서울 지역 개인/기업별 카드 이용현황
"
38630,[NH농협카드] 일자별 소비현황_부산_2021년 7월,"2021년 7월 부산 지역 개인/기업별 카드 이용현황
"
38629,[NH농협카드] 일자별 소비현황_대전_2021년 7월,"2021년 7월 대전 지역 개인/기업별 카드 이용현황
"
38628,[NH농협카드] 일자별 소비현황_대구_2021년 7월,"2021년 7월 대구 지역 개인/기업별 카드 이용현황
"
38627,[NH농협카드] 일자별 소비현황_광주_2021년 7월,"2021년 7월 광주 지역 개인/기업별 카드 이용현황
"
38626,[NH농협카드] 일자별 소비현황_경북_2021년 7월,"2021년 7월 경북 지역 개인/기업별 카드 이용현황
"
38625,[NH농협카드] 일자별 소비현황_경남_2021년 7월,"2021년 7월 경남 지역 개인/기업별 카드 이용현황
"
38624,[NH농협카드] 일자별 소비현황_경기_2021년 7월,"2021년 7월 경기 지역 개인/기업별 카드 이용현황
"
38623,[NH농협카드] 일자별 소비현황_강원_2021년 7월,"2021년 7월 강원 지역 개인/기업별 카드 이용현황
"
38619,[NH농협카드] 일자별 소비현황_충북_2021년 8월,"2021년 8월 충북 지역 개인/기업별 카드 이용현황
"
38617,[NH농협카드] 일자별 소비현황_충남_2021년 8월,"2021년 8월 충남 지역 개인/기업별 카드 이용현황
"
38616,[NH농협카드] 일자별 소비현황_제주_2021년 8월,"2021년 8월 제주 지역 개인/기업별 카드 이용현황
"
38615,[NH농협카드] 일자별 소비현황_전북_2021년 8월,"2021년 8월 전북 지역 개인/기업별 카드 이용현황
"
38614,[NH농협카드] 일자별 소비현황_전남_2021년 8월,"2021년 8월 전남 지역 개인/기업별 카드 이용현황
"
38613,[NH농협카드] 일자별 소비현황_인천_2021년 8월,"2021년 8월 인천 지역 개인/기업별 카드 이용현황
"
38612,[NH농협카드] 일자별 소비현황_울산_2021년 8월,"2021년 8월 울산 지역 개인/기업별 카드 이용현황
"
38611,[NH농협카드] 일자별 소비현황_세종_2021년 8월,"2021년 8월 세종 지역 개인/기업별 카드 이용현황
"
38610,[NH농협카드] 일자별 소비현황_서울_2021년 8월,"2021년 8월 서울 지역 개인/기업별 카드 이용현황
"
38608,[NH농협카드] 일자별 소비현황_부산_2021년 8월,"2021년 8월 부산 지역 개인/기업별 카드 이용현황
"
38607,[NH농협카드] 일자별 소비현황_대전_2021년 8월,"2021년 8월 대전 지역 개인/기업별 카드 이용현황
"
38606,[NH농협카드] 일자별 소비현황_대구_2021년 8월,"2021년 8월 대구 지역 개인/기업별 카드 이용현황
"
38605,[NH농협카드] 일자별 소비현황_광주_2021년 8월,"2021년 8월 광주 지역 개인/기업별 카드 이용현황
"
38604,[NH농협카드] 일자별 소비현황_경북_2021년 8월,"2021년 8월 경북 지역 개인/기업별 카드 이용현황
"
38603,[NH농협카드] 일자별 소비현황_경남_2021년 8월,"2021년 8월 경남 지역 개인/기업별 카드 이용현황
"
38602,[NH농협카드] 일자별 소비현황_경기_2021년 8월,"2021년 8월 경기 지역 개인/기업별 카드 이용현황
"
38601,[NH농협카드] 일자별 소비현황_강원_2021년 8월,"2021년 8월 강원 지역 개인/기업별 카드 이용현황
"
38600,[NH농협카드] 일자별 소비현황_충북_2021년 9월,"2021년 9월 충북 지역 개인/기업별 카드 이용현황
"
38599,[NH농협카드] 일자별 소비현황_충남_2021년 9월,"2021년 9월 충남 지역 개인/기업별 카드 이용현황
"
38597,[NH농협카드] 일자별 소비현황_제주_2021년 9월,"2021년 9월 제주 지역 개인/기업별 카드 이용현황
"
38596,[NH농협카드] 일자별 소비현황_전북_2021년 9월,"2021년 9월 전북 지역 개인/기업별 카드 이용현황
"
38595,[NH농협카드] 일자별 소비현황_전남_2021년 9월,"2021년 9월 전남 지역 개인/기업별 카드 이용현황
"
38594,[NH농협카드] 일자별 소비현황_인천_2021년 9월,"2021년 9월 인천 지역 개인/기업별 카드 이용현황
"
38593,[NH농협카드] 일자별 소비현황_울산_2021년 9월,"2021년 9월 울산 지역 개인/기업별 카드 이용현황
"
38592,[NH농협카드] 일자별 소비현황_세종_2021년 9월,"2021년 9월 세종 지역 개인/기업별 카드 이용현황
"
38591,[NH농협카드] 일자별 소비현황_서울_2021년 9월,"2021년 9월 서울 지역 개인/기업별 카드 이용현황
"
38590,[NH농협카드] 일자별 소비현황_부산_2021년 9월,"2021년 9월 부산 지역 개인/기업별 카드 이용현황
"
38589,[NH농협카드] 일자별 소비현황_대전_2021년 9월,"2021년 9월 대전 지역 개인/기업별 카드 이용현황
"
38588,[NH농협카드] 일자별 소비현황_대구_2021년 9월,"2021년 9월 대구 지역 개인/기업별 카드 이용현황
"
38587,[NH농협카드] 일자별 소비현황_광주_2021년 9월,"2021년 9월 광주 지역 개인/기업별 카드 이용현황
"
38586,[NH농협카드] 일자별 소비현황_경북_2021년 9월,"2021년 9월 경북 지역 개인/기업별 카드 이용현황
"
38585,[NH농협카드] 일자별 소비현황_경남_2021년 9월,"2021년 9월 경남 지역 개인/기업별 카드 이용현황
"
38584,[NH농협카드] 일자별 소비현황_경기_2021년 9월,"2021년 9월 경기 지역 개인/기업별 카드 이용현황
"
38583,[NH농협카드] 일자별 소비현황_강원_2021년 9월,"2021년 9월 강원 지역 개인/기업별 카드 이용현황
"
38582,[NH농협카드] 일자별 소비현황_충북_2021년 10월,"2021년 10월 충북 지역 개인/기업별 카드 이용현황
"
38581,[NH농협카드] 일자별 소비현황_충남_2021년 10월,"2021년 10월 충남 지역 개인/기업별 카드 이용현황
"
38580,[NH농협카드] 일자별 소비현황_제주_2021년 10월,"2021년 10월 제주 지역 개인/기업별 카드 이용현황
"
38579,[NH농협카드] 일자별 소비현황_전북_2021년 10월,"2021년 10월 전북 지역 개인/기업별 카드 이용현황
"
38578,[NH농협카드] 일자별 소비현황_전남_2021년 10월,"2021년 10월 전남 지역 개인/기업별 카드 이용현황
"
38577,[NH농협카드] 일자별 소비현황_인천_2021년 10월,"2021년 10월 인천 지역 개인/기업별 카드 이용현황
"
38576,[NH농협카드] 일자별 소비현황_울산_2021년 10월,"2021년 10월 울산 지역 개인/기업별 카드 이용현황
"
38575,[NH농협카드] 일자별 소비현황_세종_2021년 10월,"2021년 10월 세종 지역 개인/기업별 카드 이용현황
"
38574,[NH농협카드] 일자별 소비현황_서울_2021년 10월,"2021년 10월 서울 지역 개인/기업별 카드 이용현황
"
38573,[NH농협카드] 일자별 소비현황_부산_2021년 10월,"2021년 10월 부산 지역 개인/기업별 카드 이용현황
"
38572,[NH농협카드] 일자별 소비현황_대전_2021년 10월,"2021년 10월 대전 지역 개인/기업별 카드 이용현황
"
38571,[NH농협카드] 일자별 소비현황_대구_2021년 10월,"2021년 10월 대구 지역 개인/기업별 카드 이용현황
"
38570,[NH농협카드] 일자별 소비현황_광주_2021년 10월,"2021년 10월 광주 지역 개인/기업별 카드 이용현황
"
38569,[NH농협카드] 일자별 소비현황_경북_2021년 10월,"2021년 10월 경북 지역 개인/기업별 카드 이용현황
"
38568,[NH농협카드] 일자별 소비현황_경남_2021년 10월,"2021년 10월 경남 지역 개인/기업별 카드 이용현황
"
38567,[NH농협카드] 일자별 소비현황_경기_2021년 10월,"2021년 10월 경기 지역 개인/기업별 카드 이용현황
"
38566,[NH농협카드] 일자별 소비현황_강원_2021년 10월,"2021년 10월 강원 지역 개인/기업별 카드 이용현황
"
38565,[NH농협카드] 일자별 소비현황_충북_2021년 11월,"2021년 11월 충북 지역 개인/기업별 카드 이용현황
"
38564,[NH농협카드] 일자별 소비현황_충남_2021년 11월,"2021년 11월 충남 지역 개인/기업별 카드 이용현황
"
38563,[NH농협카드] 일자별 소비현황_제주_2021년 11월,"2021년 11월 제주 지역 개인/기업별 카드 이용현황
"
38562,[NH농협카드] 일자별 소비현황_전북_2021년 11월,"2021년 11월 전북 지역 개인/기업별 카드 이용현황
"
38561,[NH농협카드] 일자별 소비현황_전남_2021년 11월,"2021년 11월 전남 지역 개인/기업별 카드 이용현황
"
38560,[NH농협카드] 일자별 소비현황_인천_2021년 11월,"2021년 11월 인천 지역 개인/기업별 카드 이용현황
"
38559,[NH농협카드] 일자별 소비현황_울산_2021년 11월,"2021년 11월 울산 지역 개인/기업별 카드 이용현황
"
38558,[NH농협카드] 일자별 소비현황_세종_2021년 11월,"2021년 11월 세종 지역 개인/기업별 카드 이용현황
"
38557,[NH농협카드] 일자별 소비현황_서울_2021년 11월,"2021년 11월 서울 지역 개인/기업별 카드 이용현황
"
38556,[NH농협카드] 일자별 소비현황_부산_2021년 11월,"2021년 11월 부산 지역 개인/기업별 카드 이용현황
"
38555,[NH농협카드] 일자별 소비현황_대전_2021년 11월,"2021년 11월 대전 지역 개인/기업별 카드 이용현황
"
38554,[NH농협카드] 일자별 소비현황_대구_2021년 11월,"2021년 11월 대구 지역 개인/기업별 카드 이용현황
"
38553,[NH농협카드] 일자별 소비현황_광주_2021년 11월,"2021년 11월 광주 지역 개인/기업별 카드 이용현황
"
38552,[NH농협카드] 일자별 소비현황_경북_2021년 11월,"2021년 11월 경북 지역 개인/기업별 카드 이용현황
"
38551,[NH농협카드] 일자별 소비현황_경남_2021년 11월,"2021년 11월 경남 지역 개인/기업별 카드 이용현황
"
38550,[NH농협카드] 일자별 소비현황_경기_2021년 11월,"2021년 11월 경기 지역 개인/기업별 카드 이용현황
"
38549,[NH농협카드] 일자별 소비현황_강원_2021년 11월,"2021년 11월 강원 지역 개인/기업별 카드 이용현황
"
38545,[NH농협카드] 일자별 소비현황_충북_2021년 12월,"2021년 12월 충북 지역 개인/기업별 카드 이용현황
"
38544,[NH농협카드] 일자별 소비현황_충남_2021년 12월,"2021년 12월 충남 지역 개인/기업별 카드 이용현황
"
38543,[NH농협카드] 일자별 소비현황_제주_2021년 12월,"2021년 12월 제주 지역 개인/기업별 카드 이용현황
"
38542,[NH농협카드] 일자별 소비현황_전북_2021년 12월,"2021년 12월 전북 지역 개인/기업별 카드 이용현황
"
38541,[NH농협카드] 일자별 소비현황_전남_2021년 12월,"2021년 12월 전남 지역 개인/기업별 카드 이용현황
"
38540,[NH농협카드] 일자별 소비현황_인천_2021년 12월,"2021년 12월 인천 지역 개인/기업별 카드 이용현황
"
38539,[NH농협카드] 일자별 소비현황_울산_2021년 12월,"2021년 12월 울산 지역 개인/기업별 카드 이용현황
"
38538,[NH농협카드] 일자별 소비현황_세종_2021년 12월,"2021년 12월 세종 지역 개인/기업별 카드 이용현황
"
38537,[NH농협카드] 일자별 소비현황_서울_2021년 12월,"2021년 12월 서울 지역 개인/기업별 카드 이용현황
"
38536,[NH농협카드] 일자별 소비현황_부산_2021년 12월,"2021년 12월 부산 지역 개인/기업별 카드 이용현황
"
38535,[NH농협카드] 일자별 소비현황_대전_2021년 12월,"2021년 12월 대전 지역 개인/기업별 카드 이용현황
"
38534,[NH농협카드] 일자별 소비현황_대구_2021년 12월,"2021년 12월 대구 지역 개인/기업별 카드 이용현황
"
38533,[NH농협카드] 일자별 소비현황_광주_2021년 12월,"2021년 12월 광주 지역 개인/기업별 카드 이용현황
"
38532,[NH농협카드] 일자별 소비현황_경북_2021년 12월,"2021년 12월 경북 지역 개인/기업별 카드 이용현황
"
38531,[NH농협카드] 일자별 소비현황_경남_2021년 12월,"2021년 12월 경남 지역 개인/기업별 카드 이용현황
"
38530,[NH농협카드] 일자별 소비현황_경기_2021년 12월,"2021년 12월 경기 지역 개인/기업별 카드 이용현황
"
38529,[NH농협카드] 일자별 소비현황_강원_2021년 12월,"2021년 12월 강원 지역 개인/기업별 카드 이용현황
"
38527,[NH농협카드] 일자별 소비현황_충북_2022년 1월,"2022년 1월 충북 지역 개인/기업별 카드 이용현황
"
38526,[NH농협카드] 일자별 소비현황_충남_2022년 1월,"2022년 1월 충남 지역 개인/기업별 카드 이용현황
"
38525,[NH농협카드] 일자별 소비현황_제주_2022년 1월,"2022년 1월 제주 지역 개인/기업별 카드 이용현황
"
38524,[NH농협카드] 일자별 소비현황_전북_2022년 1월,"2022년 1월 전북 지역 개인/기업별 카드 이용현황
"
38523,[NH농협카드] 일자별 소비현황_전남_2022년 1월,"2022년 1월 전남 지역 개인/기업별 카드 이용현황
"
38522,[NH농협카드] 일자별 소비현황_인천_2022년 1월,"2022년 1월 인천 지역 개인/기업별 카드 이용현황
"
38521,[NH농협카드] 일자별 소비현황_울산_2022년 1월,"2022년 1월 울산 지역 개인/기업별 카드 이용현황
"
38520,[NH농협카드] 일자별 소비현황_세종_2022년 1월,"2022년 1월 세종 지역 개인/기업별 카드 이용현황
"
38519,[NH농협카드] 일자별 소비현황_서울_2022년 1월,"2022년 1월 서울 지역 개인/기업별 카드 이용현황
"
38518,[NH농협카드] 일자별 소비현황_부산_2022년 1월,"2022년 1월 부산 지역 개인/기업별 카드 이용현황
"
38517,[NH농협카드] 일자별 소비현황_대전_2022년 1월,"2022년 1월 대전 지역 개인/기업별 카드 이용현황
"
38516,[NH농협카드] 일자별 소비현황_대구_2022년 1월,"2022년 1월 대구 지역 개인/기업별 카드 이용현황
"
38515,[NH농협카드] 일자별 소비현황_광주_2022년 1월,"2022년 1월 광주 지역 개인/기업별 카드 이용현황
"
38514,[NH농협카드] 일자별 소비현황_경북_2022년 1월,"2022년 1월 경북 지역 개인/기업별 카드 이용현황
"
38513,[NH농협카드] 일자별 소비현황_경남_2022년 1월,"2022년 1월 경남 지역 개인/기업별 카드 이용현황
"
38512,[NH농협카드] 일자별 소비현황_경기_2022년 1월,"2022년 1월 경기 지역 개인/기업별 카드 이용현황
"
38511,[NH농협카드] 일자별 소비현황_강원_2022년 1월,"2022년 1월 강원 지역 개인/기업별 카드 이용현황
"
38510,[NH농협카드] 일자별 소비현황_충북_2022년 2월,"2022년 2월 충북 지역 개인/기업별 카드 이용현황
"
38509,[NH농협카드] 일자별 소비현황_충남_2022년 2월,"2022년 2월 충남 지역 개인/기업별 카드 이용현황
"
38508,[NH농협카드] 일자별 소비현황_제주_2022년 2월,"2022년 2월 제주 지역 개인/기업별 카드 이용현황
"
38507,[NH농협카드] 일자별 소비현황_전북_2022년 2월,"2022년 2월 전북 지역 개인/기업별 카드 이용현황
"
38506,[NH농협카드] 일자별 소비현황_전남_2022년 2월,"2022년 2월 전남 지역 개인/기업별 카드 이용현황
"
38505,[NH농협카드] 일자별 소비현황_인천_2022년 2월,"2022년 2월 인천 지역 개인/기업별 카드 이용현황
"
38504,[NH농협카드] 일자별 소비현황_울산_2022년 2월,"2022년 2월 울산 지역 개인/기업별 카드 이용현황
"
38503,[NH농협카드] 일자별 소비현황_세종_2022년 2월,"2022년 2월 세종 지역 개인/기업별 카드 이용현황
"
38501,[NH농협카드] 일자별 소비현황_서울_2022년 2월,"2022년 2월 서울 지역 개인/기업별 카드 이용현황
"
38500,[NH농협카드] 일자별 소비현황_부산_2022년 2월,"2022년 2월 부산 지역 개인/기업별 카드 이용현황
"
38499,[NH농협카드] 일자별 소비현황_대전_2022년 2월,"2022년 2월 대전 지역 개인/기업별 카드 이용현황
"
38498,[NH농협카드] 일자별 소비현황_대구_2022년 2월,"2022년 2월 대구 지역 개인/기업별 카드 이용현황
"
38497,[NH농협카드] 일자별 소비현황_광주_2022년 2월,"2022년 2월 광주 지역 개인/기업별 카드 이용현황
"
38496,[NH농협카드] 일자별 소비현황_경북_2022년 2월,"2022년 2월 경북 지역 개인/기업별 카드 이용현황
"
38495,[NH농협카드] 일자별 소비현황_경남_2022년 2월,"2022년 2월 경남 지역 개인/기업별 카드 이용현황
"
38494,[NH농협카드] 일자별 소비현황_경기_2022년 2월,"2022년 2월 경기 지역 개인/기업별 카드 이용현황
"
38493,[NH농협카드] 일자별 소비현황_강원_2022년 2월,"2022년 2월 강원 지역 개인/기업별 카드 이용현황
"
38490,[NH농협카드] 일자별 소비현황_충북_2022년 3월,"2022년 3월 충북 지역 개인/기업별 카드 이용현황
"
38489,[NH농협카드] 일자별 소비현황_충남_2022년 3월,"2022년 3월 충남 지역 개인/기업별 카드 이용현황
"
38488,[NH농협카드] 일자별 소비현황_제주_2022년 3월,"2022년 3월 제주 지역 개인/기업별 카드 이용현황
"
38487,[NH농협카드] 일자별 소비현황_전북_2022년 3월,"2022년 3월 전북 지역 개인/기업별 카드 이용현황
"
38486,[NH농협카드] 일자별 소비현황_전남_2022년 3월,"2022년 3월 전남 지역 개인/기업별 카드 이용현황
"
38483,[NH농협카드] 일자별 소비현황_인천_2022년 3월,"2022년 3월 인천 지역 개인/기업별 카드 이용현황
"
38482,[NH농협카드] 일자별 소비현황_울산_2022년 3월,"2022년 3월 울산 지역 개인/기업별 카드 이용현황
"
38481,[NH농협카드] 일자별 소비현황_세종_2022년 3월,"2022년 3월 세종 지역 개인/기업별 카드 이용현황
"
38480,[NH농협카드] 일자별 소비현황_서울_2022년 3월,"2022년 3월 서울 지역 개인/기업별 카드 이용현황
"
38479,[NH농협카드] 일자별 소비현황_부산_2022년 3월,"2022년 3월 부산 지역 개인/기업별 카드 이용현황
"
38478,[NH농협카드] 일자별 소비현황_대전_2022년 3월,"2022년 3월 대전 지역 개인/기업별 카드 이용현황
"
38477,[NH농협카드] 일자별 소비현황_대구_2022년 3월,"2022년 3월 대구 지역 개인/기업별 카드 이용현황
"
38476,[NH농협카드] 일자별 소비현황_광주_2022년 3월,"2022년 3월 광주 지역 개인/기업별 카드 이용현황
"
38475,[NH농협카드] 일자별 소비현황_경북_2022년 3월,"2022년 3월 경북 지역 개인/기업별 카드 이용현황
"
38474,[NH농협카드] 일자별 소비현황_경남_2022년 3월,"2022년 3월 경남 지역 개인/기업별 카드 이용현황
"
38473,[NH농협카드] 일자별 소비현황_경기_2022년 3월,"2022년 3월 경기 지역 개인/기업별 카드 이용현황
"
38472,[NH농협카드] 일자별 소비현황_강원_2022년 3월,"2022년 3월 강원 지역 개인/기업별 카드 이용현황
"
38470,[NH농협카드] 일자별 소비현황_충북_2022년 4월,"2022년 4월 충북 지역 개인/기업별 카드 이용현황
"
38469,[NH농협카드] 일자별 소비현황_충남_2022년 4월,"2022년 4월 충남 지역 개인/기업별 카드 이용현황
"
38468,[NH농협카드] 일자별 소비현황_제주_2022년 4월,"2022년 4월 제주 지역 개인/기업별 카드 이용현황
"
38467,[NH농협카드] 일자별 소비현황_전북_2022년 4월,"2022년 4월 전북 지역 개인/기업별 카드 이용현황
"
38466,[NH농협카드] 일자별 소비현황_전남_2022년 4월,"2022년 4월 전남 지역 개인/기업별 카드 이용현황
"
38465,[NH농협카드] 일자별 소비현황_인천_2022년 4월,"2022년 4월 인천 지역 개인/기업별 카드 이용현황
"
38464,[NH농협카드] 일자별 소비현황_울산_2022년 4월,"2022년 4월 울산 지역 개인/기업별 카드 이용현황
"
38463,[NH농협카드] 일자별 소비현황_세종_2022년 4월,"2022년 4월 세종 지역 개인/기업별 카드 이용현황
"
38462,[NH농협카드] 일자별 소비현황_서울_2022년 4월,"2022년 4월 서울 지역 개인/기업별 카드 이용현황
"
38461,[NH농협카드] 일자별 소비현황_부산_2022년 4월,"2022년 4월 부산 지역 개인/기업별 카드 이용현황
"
38460,[NH농협카드] 일자별 소비현황_대전_2022년 4월,"2022년 4월 대전 지역 개인/기업별 카드 이용현황
"
38459,[NH농협카드] 일자별 소비현황_대구_2022년 4월,"2022년 4월 대구 지역 개인/기업별 카드 이용현황
"
38458,[NH농협카드] 일자별 소비현황_광주_2022년 4월,"2022년 4월 광주 지역 개인/기업별 카드 이용현황
"
38457,[NH농협카드] 일자별 소비현황_경북_2022년 4월,"2022년 4월 경북 지역 개인/기업별 카드 이용현황
"
38456,[NH농협카드] 일자별 소비현황_경남_2022년 4월,"2022년 4월 경남 지역 개인/기업별 카드 이용현황
"
38455,[NH농협카드] 일자별 소비현황_경기_2022년 4월,"2022년 4월 경기 지역 개인/기업별 카드 이용현황
"
38454,[NH농협카드] 일자별 소비현황_강원_2022년 4월,"2022년 4월 강원 지역 개인/기업별 카드 이용현황
"
38453,[NH농협카드] 일자별 소비현황_충북_2022년 5월,"2022년 5월 충북 지역 개인/기업별 카드 이용현황
"
38452,[NH농협카드] 일자별 소비현황_충남_2022년 5월,"2022년 5월 충남 지역 개인/기업별 카드 이용현황
"
38451,[NH농협카드] 일자별 소비현황_제주_2022년 5월,"2022년 5월 제주 지역 개인/기업별 카드 이용현황
"
38450,[NH농협카드] 일자별 소비현황_전북_2022년 5월,"2022년 5월 전북 지역 개인/기업별 카드 이용현황
"
38449,[NH농협카드] 일자별 소비현황_전남_2022년 5월,"2022년 5월 전남 지역 개인/기업별 카드 이용현황
"
38448,[NH농협카드] 일자별 소비현황_인천_2022년 5월,"2022년 5월 인천 지역 개인/기업별 카드 이용현황
"
38447,[NH농협카드] 일자별 소비현황_울산_2022년 5월,"2022년 5월 울산 지역 개인/기업별 카드 이용현황
"
38446,[NH농협카드] 일자별 소비현황_세종_2022년 5월,"2022년 5월 세종 지역 개인/기업별 카드 이용현황
"
38445,[NH농협카드] 일자별 소비현황_서울_2022년 5월,"2022년 5월 서울 지역 개인/기업별 카드 이용현황
"
38444,[NH농협카드] 일자별 소비현황_부산_2022년 5월,"2022년 5월 부산 지역 개인/기업별 카드 이용현황
"
38443,[NH농협카드] 일자별 소비현황_대전_2022년 5월,"2022년 5월 대전 지역 개인/기업별 카드 이용현황
"
38442,[NH농협카드] 일자별 소비현황_대구_2022년 5월,"2022년 5월 대구 지역 개인/기업별 카드 이용현황
"
38441,[NH농협카드] 일자별 소비현황_광주_2022년 5월,"2022년 5월 광주 지역 개인/기업별 카드 이용현황
"
38439,[NH농협카드] 일자별 소비현황_경북_2022년 5월,"2022년 5월 경북 지역 개인/기업별 카드 이용현황
"
38438,[NH농협카드] 일자별 소비현황_경남_2022년 5월,"2022년 5월 경남 지역 개인/기업별 카드 이용현황
"
38437,[NH농협카드] 일자별 소비현황_경기_2022년 5월,"2022년 5월 경기 지역 개인/기업별 카드 이용현황
"
38436,[NH농협카드] 일자별 소비현황_강원_2022년 5월,"2022년 5월 강원 지역 개인/기업별 카드 이용현황
"
38435,[NH농협카드] 일자별 소비현황_충북_2022년 6월,"2022년 6월 충북 지역 개인/기업별 카드 이용현황
"
38434,[NH농협카드] 일자별 소비현황_충남_2022년 6월,"2022년 6월 충남 지역 개인/기업별 카드 이용현황
"
38433,[NH농협카드] 일자별 소비현황_제주_2022년 6월,"2022년 6월 제주 지역 개인/기업별 카드 이용현황
"
38432,[NH농협카드] 일자별 소비현황_전북_2022년 6월,"2022년 6월 전북 지역 개인/기업별 카드 이용현황
"
38430,[NH농협카드] 일자별 소비현황_전남_2022년 6월,"2022년 6월 전남 지역 개인/기업별 카드 이용현황
"
38429,[NH농협카드] 일자별 소비현황_인천_2022년 6월,"2022년 6월 인천 지역 개인/기업별 카드 이용현황
"
38428,[NH농협카드] 일자별 소비현황_울산_2022년 6월,"2022년 6월 울산 지역 개인/기업별 카드 이용현황
"
38427,[NH농협카드] 일자별 소비현황_세종_2022년 6월,"2022년 6월 세종 지역 개인/기업별 카드 이용현황
"
38426,[NH농협카드] 일자별 소비현황_서울_2022년 6월,"2022년 6월 서울 지역 개인/기업별 카드 이용현황
"
38425,[NH농협카드] 일자별 소비현황_부산_2022년 6월,"2022년 6월 부산 지역 개인/기업별 카드 이용현황
"
38424,[NH농협카드] 일자별 소비현황_대전_2022년 6월,"2022년 6월 대전 지역 개인/기업별 카드 이용현황
"
38423,[NH농협카드] 일자별 소비현황_대구_2022년 6월,"2022년 6월 대구 지역 개인/기업별 카드 이용현황
"
38422,[NH농협카드] 일자별 소비현황_광주_2022년 6월,"2022년 6월 광주 지역 개인/기업별 카드 이용현황
"
38421,[NH농협카드] 일자별 소비현황_경북_2022년 6월,"2022년 6월 경북 지역 개인/기업별 카드 이용현황
"
38420,[NH농협카드] 일자별 소비현황_경남_2022년 6월,"2022년 6월 경남 지역 개인/기업별 카드 이용현황
"
38419,[NH농협카드] 일자별 소비현황_경기_2022년 6월,"2022년 6월 경기 지역 개인/기업별 카드 이용현황
"
38417,[NH농협카드] 일자별 소비현황_강원_2022년 6월,"2022년 6월 강원 지역 개인/기업별 카드 이용현황
"
38416,[NH농협카드] 일자별 소비현황_충북_2022년 7월,"2022년 7월 충북 지역 개인/기업별 카드 이용현황
"
38415,[NH농협카드] 일자별 소비현황_충남_2022년 7월,"2022년 7월 충남 지역 개인/기업별 카드 이용현황
"
38414,[NH농협카드] 일자별 소비현황_제주_2022년 7월,"2022년 7월 제주 지역 개인/기업별 카드 이용현황
"
38413,[NH농협카드] 일자별 소비현황_전북_2022년 7월,"2022년 7월 전북 지역 개인/기업별 카드 이용현황
"
38412,[NH농협카드] 일자별 소비현황_전남_2022년 7월,"2022년 7월 전남 지역 개인/기업별 카드 이용현황
"
38411,[NH농협카드] 일자별 소비현황_인천_2022년 7월,"2022년 7월 인천 지역 개인/기업별 카드 이용현황
"
38409,[NH농협카드] 일자별 소비현황_울산_2022년 7월,"2022년 7월 울산 지역 개인/기업별 카드 이용현황
"
38408,[NH농협카드] 일자별 소비현황_세종_2022년 7월,"2022년 7월 세종 지역 개인/기업별 카드 이용현황
"
38407,[NH농협카드] 일자별 소비현황_서울_2022년 7월,"2022년 7월 서울 지역 개인/기업별 카드 이용현황
"
38406,[NH농협카드] 일자별 소비현황_부산_2022년 7월,"2022년 7월 부산 지역 개인/기업별 카드 이용현황
"
38405,[NH농협카드] 일자별 소비현황_대전_2022년 7월,"2022년 7월 대전 지역 개인/기업별 카드 이용현황
"
38404,[NH농협카드] 일자별 소비현황_대구_2022년 7월,"2022년 7월 대구 지역 개인/기업별 카드 이용현황
"
38403,[NH농협카드] 일자별 소비현황_광주_2022년 7월,"2022년 7월 광주 지역 개인/기업별 카드 이용현황
"
38402,[NH농협카드] 일자별 소비현황_경북_2022년 7월,"2022년 7월 경북 지역 개인/기업별 카드 이용현황
"
38401,[NH농협카드] 일자별 소비현황_경남_2022년 7월,"2022년 7월 경남 지역 개인/기업별 카드 이용현황
"
38400,[NH농협카드] 일자별 소비현황_경기_2022년 7월,"2022년 7월 경기 지역 개인/기업별 카드 이용현황
"
38399,[NH농협카드] 일자별 소비현황_강원_2022년 7월,"2022년 7월 강원 지역 개인/기업별 카드 이용현황
"
38398,[NH농협카드] 일자별 소비현황_충북_2022년 8월,"2022년 8월 충북 지역 개인/기업별 카드 이용현황
"
38397,[NH농협카드] 일자별 소비현황_충남_2022년 8월,"2022년 8월 충남 지역 개인/기업별 카드 이용현황
"
38396,[NH농협카드] 일자별 소비현황_제주_2022년 8월,"2022년 8월 제주 지역 개인/기업별 카드 이용현황
"
38395,[NH농협카드] 일자별 소비현황_전북_2022년 8월,"2022년 8월 전북 지역 개인/기업별 카드 이용현황
"
38394,[NH농협카드] 일자별 소비현황_전남_2022년 8월,"2022년 8월 전남 지역 개인/기업별 카드 이용현황
"
38393,[NH농협카드] 일자별 소비현황_인천_2022년 8월,"2022년 8월 인천 지역 개인/기업별 카드 이용현황
"
38392,[NH농협카드] 일자별 소비현황_울산_2022년 8월,"2022년 8월 울산 지역 개인/기업별 카드 이용현황
"
38390,[NH농협카드] 일자별 소비현황_세종_2022년 8월,"2022년 8월 세종 지역 개인/기업별 카드 이용현황
"
38389,[NH농협카드] 일자별 소비현황_서울_2022년 8월,"2022년 8월 서울 지역 개인/기업별 카드 이용현황
"
38388,[NH농협카드] 일자별 소비현황_부산_2022년 8월,"2022년 8월 부산 지역 개인/기업별 카드 이용현황
"
38387,[NH농협카드] 일자별 소비현황_대전_2022년 8월,"2022년 8월 대전 지역 개인/기업별 카드 이용현황
"
38386,[NH농협카드] 일자별 소비현황_대구_2022년 8월,"2022년 8월 대구 지역 개인/기업별 카드 이용현황
"
38385,[NH농협카드] 일자별 소비현황_광주_2022년 8월,"2022년 8월 광주 지역 개인/기업별 카드 이용현황
"
38384,[NH농협카드] 일자별 소비현황_경북_2022년 8월,"2022년 8월 경북 지역 개인/기업별 카드 이용현황
"
38383,[NH농협카드] 일자별 소비현황_경남_2022년 8월,"2022년 8월 경남 지역 개인/기업별 카드 이용현황
"
38382,[NH농협카드] 일자별 소비현황_경기_2022년 8월,"2022년 8월 경기 지역 개인/기업별 카드 이용현황
"
38381,[NH농협카드] 일자별 소비현황_강원_2022년 8월,"2022년 8월 강원 지역 개인/기업별 카드 이용현황
"
38379,[NH농협카드] 일자별 소비현황_충북_2022년 9월,"2022년 9월 충북 지역 개인/기업별 카드 이용현황
"
38378,[NH농협카드] 일자별 소비현황_충남_2022년 9월,"2022년 9월 충남 지역 개인/기업별 카드 이용현황
"
38377,[NH농협카드] 일자별 소비현황_제주_2022년 9월,"2022년 9월 제주 지역 개인/기업별 카드 이용현황
"
38376,[NH농협카드] 일자별 소비현황_전북_2022년 9월,"2022년 9월 전북 지역 개인/기업별 카드 이용현황
"
38375,[NH농협카드] 일자별 소비현황_전남_2022년 9월,"2022년 9월 전남 지역 개인/기업별 카드 이용현황
"
38373,[NH농협카드] 일자별 소비현황_인천_2022년 9월,"2022년 9월 인천 지역 개인/기업별 카드 이용현황
"
38372,[NH농협카드] 일자별 소비현황_울산_2022년 9월,"2022년 9월 울산 지역 개인/기업별 카드 이용현황
"
38371,[NH농협카드] 일자별 소비현황_서울_2022년 9월,"2022년 9월 서울 지역 개인/기업별 카드 이용현황
"
38370,[NH농협카드] 일자별 소비현황_부산_2022년 9월,"2022년 9월 부산 지역 개인/기업별 카드 이용현황
"
38369,[NH농협카드] 일자별 소비현황_대전_2022년 9월,"2022년 9월 대전 지역 개인/기업별 카드 이용현황
"
38368,[NH농협카드] 일자별 소비현황_대구_2022년 9월,"2022년 9월 대구 지역 개인/기업별 카드 이용현황
"
38367,[NH농협카드] 일자별 소비현황_광주_2022년 9월,"2022년 9월 광주 지역 개인/기업별 카드 이용현황
"
38366,[NH농협카드] 일자별 소비현황_경북_2022년 9월,"2022년 9월 경북 지역 개인/기업별 카드 이용현황
"
38365,[NH농협카드] 일자별 소비현황_경남_2022년 9월,"2022년 9월 경남 지역 개인/기업별 카드 이용현황
"
38364,[NH농협카드] 일자별 소비현황_경기_2022년 9월,"2022년 9월 경기 지역 개인/기업별 카드 이용현황
"
38363,[NH농협카드] 일자별 소비현황_강원_2022년 9월,"2022년 9월 강원 지역 개인/기업별 카드 이용현황
"
38362,[NH농협카드] 일자별 소비현황_충북_2022년 10월,"2022년 10월 충북 지역 개인/기업별 카드 이용현황
"
38361,[NH농협카드] 일자별 소비현황_충남_2022년 10월,"2022년 10월 충남 지역 개인/기업별 카드 이용현황
"
38360,[NH농협카드] 일자별 소비현황_제주_2022년 10월,"2022년 10월 제주 지역 개인/기업별 카드 이용현황
"
38359,[NH농협카드] 일자별 소비현황_전북_2022년 10월,"2022년 10월 전북 지역 개인/기업별 카드 이용현황
"
38358,[NH농협카드] 일자별 소비현황_전남_2022년 10월,"2022년 10월 전남 지역 개인/기업별 카드 이용현황
"
38357,[NH농협카드] 일자별 소비현황_인천_2022년 10월,"2022년 10월 인천 지역 개인/기업별 카드 이용현황
"
38356,[NH농협카드] 일자별 소비현황_울산_2022년 10월,"2022년 10월 울산 지역 개인/기업별 카드 이용현황
"
38355,[NH농협카드] 일자별 소비현황_세종_2022년 10월,"2022년 10월 세종 지역 개인/기업별 카드 이용현황
"
38354,[NH농협카드] 일자별 소비현황_서울_2022년 10월,"2022년 10월 서울 지역 개인/기업별 카드 이용현황
"
38353,[NH농협카드] 일자별 소비현황_부산_2022년 10월,"2022년 10월 부산 지역 개인/기업별 카드 이용현황
"
38352,[NH농협카드] 일자별 소비현황_대전_2022년 10월,"2022년 10월 대전 지역 개인/기업별 카드 이용현황
"
38351,[NH농협카드] 일자별 소비현황_대구_2022년 10월,"2022년 10월 대구 지역 개인/기업별 카드 이용현황
"
38350,[NH농협카드] 일자별 소비현황_광주_2022년 10월,"2022년 10월 광주 지역 개인/기업별 카드 이용현황
"
38349,[NH농협카드] 일자별 소비현황_경북_2022년 10월,"2022년 10월 경북 지역 개인/기업별 카드 이용현황
"
38348,[NH농협카드] 일자별 소비현황_경남_2022년 10월,"2022년 10월 경남 지역 개인/기업별 카드 이용현황
"
38347,[NH농협카드] 일자별 소비현황_경기_2022년 10월,"2022년 10월 경기 지역 개인/기업별 카드 이용현황
"
38346,[NH농협카드] 일자별 소비현황_강원_2022년 10월,"2022년 10월 강원 지역 개인/기업별 카드 이용현황
"
38345,[NH농협카드] 일자별 소비현황_충북_2022년 11월,"2022년 11월 충북 지역 개인/기업별 카드 이용현황
"
38344,[NH농협카드] 일자별 소비현황_충남_2022년 11월,"2022년 11월 충남 지역 개인/기업별 카드 이용현황
"
38343,[NH농협카드] 일자별 소비현황_제주_2022년 11월,"2022년 11월 제주 지역 개인/기업별 카드 이용현황
"
38342,[NH농협카드] 일자별 소비현황_전북_2022년 11월,"2022년 11월 전북 지역 개인/기업별 카드 이용현황
"
38341,[NH농협카드] 일자별 소비현황_전남_2022년 11월,"2022년 11월 전남 지역 개인/기업별 카드 이용현황
"
38340,[NH농협카드] 일자별 소비현황_인천_2022년 11월,"2022년 11월 인천 지역 개인/기업별 카드 이용현황
"
38339,[NH농협카드] 일자별 소비현황_울산_2022년 11월,"2022년 11월 울산 지역 개인/기업별 카드 이용현황
"
38338,[NH농협카드] 일자별 소비현황_세종_2022년 11월,"2022년 11월 세종 지역 개인/기업별 카드 이용현황
"
38337,[NH농협카드] 일자별 소비현황_서울_2022년 11월,"2022년 11월 서울 지역 개인/기업별 카드 이용현황
"
38336,[NH농협카드] 일자별 소비현황_부산_2022년 11월,"2022년 11월 부산 지역 개인/기업별 카드 이용현황
"
38335,[NH농협카드] 일자별 소비현황_대전_2022년 11월,"2022년 11월 대전 지역 개인/기업별 카드 이용현황
"
38334,[NH농협카드] 일자별 소비현황_대구_2022년 11월,"2022년 11월 대구 지역 개인/기업별 카드 이용현황
"
38333,[NH농협카드] 일자별 소비현황_광주_2022년 11월,"2022년 11월 광주 지역 개인/기업별 카드 이용현황
"
38332,[NH농협카드] 일자별 소비현황_경북_2022년 11월,"2022년 11월 경북 지역 개인/기업별 카드 이용현황
"
38331,[NH농협카드] 일자별 소비현황_경남_2022년 11월,"2022년 11월 경남 지역 개인/기업별 카드 이용현황
"
38330,[NH농협카드] 일자별 소비현황_경기_2022년 11월,"2022년 11월 경기 지역 개인/기업별 카드 이용현황
"
38329,[NH농협카드] 일자별 소비현황_강원_2022년 11월,"2022년 11월 강원 지역 개인/기업별 카드 이용현황
"
38327,[NH농협카드] 일자별 소비현황_충북_2022년 12월,"2022년 12월 충북 지역 개인/기업별 카드 이용현황
"
38326,[NH농협카드] 일자별 소비현황_충남_2022년 12월,"2022년 12월 충남 지역 개인/기업별 카드 이용현황
"
38325,[NH농협카드] 일자별 소비현황_제주_2022년 12월,"2022년 12월 제주 지역 개인/기업별 카드 이용현황
"
38324,[NH농협카드] 일자별 소비현황_전북_2022년 12월,"2022년 12월 전북 지역 개인/기업별 카드 이용현황
"
38323,[NH농협카드] 일자별 소비현황_전남_2022년 12월,"2022년 12월 전남 지역 개인/기업별 카드 이용현황
"
38322,[NH농협카드] 일자별 소비현황_인천_2022년 12월,"2022년 12월 인천 지역 개인/기업별 카드 이용현황
"
38321,[NH농협카드] 일자별 소비현황_울산_2022년 12월,"2022년 12월 울산 지역 개인/기업별 카드 이용현황
"
38320,[NH농협카드] 일자별 소비현황_세종_2022년 12월,"2022년 12월 세종 지역 개인/기업별 카드 이용현황
"
38319,[NH농협카드] 일자별 소비현황_서울_2022년 12월,"2022년 12월 서울 지역 개인/기업별 카드 이용현황
"
38318,[NH농협카드] 일자별 소비현황_부산_2022년 12월,"2022년 12월 부산 지역 개인/기업별 카드 이용현황
"
38317,[NH농협카드] 일자별 소비현황_대전_2022년 12월,"2022년 12월 대전 지역 개인/기업별 카드 이용현황
"
38315,[NH농협카드] 일자별 소비현황_대구_2022년 12월,"2022년 12월 대구 지역 개인/기업별 카드 이용현황
"
38314,[NH농협카드] 일자별 소비현황_광주_2022년 12월,"2022년 12월 광주 지역 개인/기업별 카드 이용현황
"
38313,[NH농협카드] 일자별 소비현황_경북_2022년 12월,"2022년 12월 경북 지역 개인/기업별 카드 이용현황
"
38311,[NH농협카드] 일자별 소비현황_경남_2022년 12월,"2022년 12월 경남 지역 개인/기업별 카드 이용현황
"
38310,[NH농협카드] 일자별 소비현황_경기_2022년 12월,"2022년 12월 경기 지역 개인/기업별 카드 이용현황
"
38309,[NH농협카드] 일자별 소비현황_강원_2022년 12월,"2022년 12월 강원 지역 개인/기업별 카드 이용현황
"
38306,[NH농협카드] 2023년 7월 성별/연령별 업종별 소비현황_10대 이하 남성,"10대 이하 남성고객의 거주지별 이용업종별 소비현황 데이터
"
38305,[NH농협카드] 2023년 7월 성별/연령별 업종별 소비현황_10대 이하 여성,"10대 이하 여성고객의 거주지별 이용업종별 소비현황 데이터
"
38304,[NH농협카드] 2023년 7월 성별/연령별 업종별 소비현황_20대 남성,"20대 남성고객의 거주지별 이용업종별 소비현황 데이터
"
38303,[NH농협카드] 2023년 7월 성별/연령별 업종별 소비현황_20대 여성,"20대 여성고객의 거주지별 이용업종별 소비현황 데이터
"
38302,[NH농협카드] 2023년 7월 성별/연령별 업종별 소비현황_30대 남성,"30대 남성고객의 거주지별 이용업종별 소비현황 데이터
"
38301,[NH농협카드] 2023년 7월 성별/연령별 업종별 소비현황_30대 여성,"30대 여성고객의 거주지별 이용업종별 소비현황 데이터
"
38300,[NH농협카드] 2023년 7월 성별/연령별 업종별 소비현황_40대 남성,"40대 남성고객의 거주지별 이용업종별 소비현황 데이터
"
38299,[NH농협카드] 2023년 7월 성별/연령별 업종별 소비현황_40대 여성,"40대 여성고객의 거주지별 이용업종별 소비현황 데이터
"
38298,[NH농협카드] 2023년 7월 성별/연령별 업종별 소비현황_50대 남성,"50대 남성고객의 거주지별 이용업종별 소비현황 데이터
"
38297,[NH농협카드] 2023년 7월 성별/연령별 업종별 소비현황_50대 여성,"50대 여성고객의 거주지별 이용업종별 소비현황 데이터
"
38296,[NH농협카드] 2023년 7월 성별/연령별 업종별 소비현황_60대 이상 남성,"60대 이상 남성고객의 거주지별 이용업종별 소비현황 데이터
"
38295,[NH농협카드] 2023년 7월 성별/연령별 업종별 소비현황_60대 이상 여성,"60대 이상 여성고객의 거주지별 이용업종별 소비현황 데이터
"
38272,[2023-12호] NH트렌드+ 패스트푸드 편,NH트렌드+는 NH농협은행의 데이터를 통해 사회 이슈와 트렌드를 알아보는 리포트입니다.
38243,[NH농협카드] 2023년 7월 시도별 업종별 소비현황_제주,"제주 거주고객의 고객 속성별, 시간대 및 이용업종별 소비현황 데이터
"
38242,[NH농협카드] 2023년 7월 시도별 업종별 소비현황_경남,"경남 거주고객의 고객 속성별, 시간대 및 이용업종별 소비현황 데이터
"
38241,[NH농협카드] 2023년 7월 시도별 업종별 소비현황_경북,"경북 거주고객의 고객 속성별, 시간대 및 이용업종별 소비현황 데이터
"
38240,[NH농협카드] 2023년 7월 시도별 업종별 소비현황_전남,"전남 거주고객의 고객 속성별, 시간대 및 이용업종별 소비현황 데이터
"
38239,[NH농협카드] 2023년 7월 시도별 업종별 소비현황_전북,"전북 거주고객의 고객 속성별, 시간대 및 이용업종별 소비현황 데이터
"
38238,[NH농협카드] 2023년 7월 시도별 업종별 소비현황_충남,"충남 거주고객의 고객 속성별, 시간대 및 이용업종별 소비현황 데이터
"
38237,[NH농협카드] 2023년 7월 시도별 업종별 소비현황_충북,"충북 거주고객의 고객 속성별, 시간대 및 이용업종별 소비현황 데이터
"
38236,[NH농협카드] 2023년 7월 시도별 업종별 소비현황_강원,"강원 거주고객의 고객 속성별, 시간대 및 이용업종별 소비현황 데이터
"
38235,[NH농협카드] 2023년 7월 시도별 업종별 소비현황_경기,"경기 거주고객의 고객 속성별, 시간대 및 이용업종별 소비현황 데이터
"
38234,[NH농협카드] 2023년 7월 시도별 업종별 소비현황_세종,"세종 거주고객의 고객 속성별, 시간대 및 이용업종별 소비현황 데이터
"
38233,[NH농협카드] 2023년 7월 시도별 업종별 소비현황_울산,"울산 거주고객의 고객 속성별, 시간대 및 이용업종별 소비현황 데이터
"
38232,[NH농협카드] 2023년 7월 시도별 업종별 소비현황_대전,"대전 거주고객의 고객 속성별, 시간대 및 이용업종별 소비현황 데이터
"
38231,[NH농협카드] 2023년 7월 시도별 업종별 소비현황_광주,"광주 거주고객의 고객 속성별, 시간대 및 이용업종별 소비현황 데이터
"
38230,[NH농협카드] 2023년 7월 시도별 업종별 소비현황_인천,"인천 거주고객의 고객 속성별, 시간대 및 이용업종별 소비현황 데이터
"
38229,[NH농협카드] 2023년 7월 시도별 업종별 소비현황_대구,"대구 거주고객의 고객 속성별, 시간대 및 이용업종별 소비현황 데이터
"
38228,[NH농협카드] 2023년 7월 시도별 업종별 소비현황_부산,"부산 거주고객의 고객 속성별, 시간대 및 이용업종별 소비현황 데이터
"
38227,[NH농협카드] 2023년 7월 시도별 업종별 소비현황_서울,"서울 거주고객의 고객 속성별, 시간대 및 이용업종별 소비현황 데이터
"
38226,[NH농협카드] 2월 세부 업종별 카드 이용건수 트렌드 (2019년 2월 ~ 2023년 2월),"2월의 세부 업종별 카드이용건수 추이를 분석할 수 있는 데이터
"
38225,[NH농협카드] 2월 세부 업종별 카드 이용금액 트렌드 (2019년 2월 ~ 2023년 2월),"2월의 세부 업종별 카드이용금액 추이를 분석할 수 있는 데이터
"
38223,[NH농협카드] 2월 시도별 업종별 카드 이용건수 트렌드 (2019년 2월 ~ 2023년 2월),"2월의 시도별 업종별 카드이용건수 추이를 분석할 수 있는 데이터
"
38222,[NH농협카드] 2월 시도별 업종별 카드 이용금액 트렌드 (2019년 2월 ~ 2023년 2월),"2월의 시도별 업종별 카드이용금액 추이를 분석할 수 있는 데이터

"
38221,[NH농협카드] 업종별 카드이용현황_2023년 2월,"2023년 2월의 업종별 카드 이용현황
"
38220,[NH농협카드] 업종별 카드이용현황_2022년 2월,"2022년 2월의 업종별 카드 이용현황
"
38219,[NH농협카드] 업종별 카드이용현황_2021년 2월,"2021년 2월의 업종별 카드 이용현황
"
38218,[NH농협카드] 업종별 카드이용현황_2020년 2월,"2020년 2월의 업종별 카드 이용현황
"
38216,[NH농협카드] 업종별 카드이용현황_2019년 2월,"2019년 2월의 업종별 카드 이용현황
"
38215,[NH농협카드] 시도별 업종별 카드이용현황_2023년 2월,"2023년 2월의 시도별 업종별 카드 이용현황
"
38214,[NH농협카드] 시도별 업종별 카드이용현황_2022년 2월,"2022년 2월의 시도별 업종별 카드 이용현황
"
38213,[NH농협카드] 시도별 업종별 카드이용현황_2021년 2월,"2021년 2월의 시도별 업종별 카드 이용현황
"
38212,[NH농협카드] 시도별 업종별 카드이용현황_2020년 2월,"2020년 2월의 시도별 업종별 카드 이용현황
"
38211,[NH농협카드] 시도별 업종별 카드이용현황_2019년 2월,"2019년 2월의 시도별 업종별 카드 이용현황
"
38200,[NH농협카드] 일자별 소비현황_충북_2023년 1월,"2023년 1월 충북 지역 개인/기업별 카드 이용현황
"
38199,[NH농협카드] 일자별 소비현황_충남_2023년 1월,"2023년 1월 충남 지역 개인/기업별 카드 이용현황
"
38198,[NH농협카드] 일자별 소비현황_제주_2023년 1월,"2023년 1월 제주 지역 개인/기업별 카드 이용현황
"
38197,[NH농협카드] 일자별 소비현황_전북_2023년 1월,"2023년 1월 전북 지역 개인/기업별 카드 이용현황
"
38196,[NH농협카드] 일자별 소비현황_전남_2023년 1월,"2023년 1월 전남 지역 개인/기업별 카드 이용현황
"
38195,[NH농협카드] 일자별 소비현황_인천_2023년 1월,"2023년 1월 인천 지역 개인/기업별 카드 이용현황
"
38194,[NH농협카드] 일자별 소비현황_울산_2023년 1월,"2023년 1월 울산 지역 개인/기업별 카드 이용현황
"
38193,[NH농협카드] 일자별 소비현황_세종_2023년 1월,"2023년 1월 세종 지역 개인/기업별 카드 이용현황
"
38192,[NH농협카드] 일자별 소비현황_서울_2023년 1월,"2023년 1월 서울 지역 개인/기업별 카드 이용현황
"
38191,[NH농협카드] 일자별 소비현황_부산_2023년 1월,"2023년 1월 부산 지역 개인/기업별 카드 이용현황
"
38190,[NH농협카드] 일자별 소비현황_대전_2023년 1월,"2023년 1월 대전 지역 개인/기업별 카드 이용현황
"
38189,[NH농협카드] 일자별 소비현황_대구_2023년 1월,"2023년 1월 대구 지역 개인/기업별 카드 이용현황
"
38188,[NH농협카드] 일자별 소비현황_광주_2023년 1월,"2023년 1월 광주 지역 개인/기업별 카드 이용현황
"
38187,[NH농협카드] 일자별 소비현황_경북_2023년 1월,"2023년 1월 경북 지역 개인/기업별 카드 이용현황
"
38186,[NH농협카드] 일자별 소비현황_경남_2023년 1월,"2023년 1월 경남 지역 개인/기업별 카드 이용현황
"
38185,[NH농협카드] 일자별 소비현황_경기_2023년 1월,"2023년 1월 경기 지역 개인/기업별 카드 이용현황
"
38184,[NH농협카드] 일자별 소비현황_강원_2023년 1월,"2023년 1월 강원 지역 개인/기업별 카드 이용현황
"
38183,[NH농협카드] 일자별 소비현황_충북_2023년 2월,"2023년 2월 충북 지역 개인/기업별 카드 이용현황
"
38182,[NH농협카드] 일자별 소비현황_충남_2023년 2월,"2023년 2월 충남 지역 개인/기업별 카드 이용현황
"
38181,[NH농협카드] 일자별 소비현황_제주_2023년 2월,"2023년 2월 제주 지역 개인/기업별 카드 이용현황
"
38179,[NH농협카드] 일자별 소비현황_전북_2023년 2월,"2023년 2월 전북 지역 개인/기업별 카드 이용현황
"
38178,[NH농협카드] 일자별 소비현황_전남_2023년 2월,"2023년 2월 전남 지역 개인/기업별 카드 이용현황
"
38177,[NH농협카드] 일자별 소비현황_인천_2023년 2월,"2023년 2월 인천 지역 개인/기업별 카드 이용현황
"
38176,[NH농협카드] 일자별 소비현황_울산_2023년 2월,"2023년 2월 울산 지역 개인/기업별 카드 이용현황
"
38175,[NH농협카드] 일자별 소비현황_세종_2023년 2월,"2023년 2월 세종 지역 개인/기업별 카드 이용현황
"
38174,[NH농협카드] 일자별 소비현황_서울_2023년 2월,"2023년 2월 서울 지역 개인/기업별 카드 이용현황
"
38173,[NH농협카드] 일자별 소비현황_부산_2023년 2월,"2023년 2월 부산 지역 개인/기업별 카드 이용현황
"
38172,[NH농협카드] 일자별 소비현황_대전_2023년 2월,"2023년 2월 대전 지역 개인/기업별 카드 이용현황
"
38171,[NH농협카드] 일자별 소비현황_대구_2023년 2월,"2023년 2월 대구 지역 개인/기업별 카드 이용현황
"
38170,[NH농협카드] 일자별 소비현황_광주_2023년 2월,"2023년 2월 광주 지역 개인/기업별 카드 이용현황
"
38169,[NH농협카드] 일자별 소비현황_경북_2023년 2월,"2023년 2월 경북 지역 개인/기업별 카드 이용현황
"
38168,[NH농협카드] 일자별 소비현황_경남_2023년 2월,"2023년 2월 경남 지역 개인/기업별 카드 이용현황
"
38167,[NH농협카드] 일자별 소비현황_경기_2023년 2월,"2023년 2월 경기 지역 개인/기업별 카드 이용현황
"
38166,[NH농협카드] 일자별 소비현황_강원_2023년 2월,"2023년 2월 강원 지역 개인/기업별 카드 이용현황
"
38164,[NH농협카드] 일자별 소비현황_충북_2023년 3월,"2023년 3월 충북 지역 개인/기업별 카드 이용현황
"
38163,[NH농협카드] 일자별 소비현황_충남_2023년 3월,"2023년 3월 충남 지역 개인/기업별 카드 이용현황
"
38162,[NH농협카드] 일자별 소비현황_제주_2023년 3월,"2023년 3월 제주 지역 개인/기업별 카드 이용현황
"
38161,[NH농협카드] 일자별 소비현황_전북_2023년 3월,"2023년 3월 전북 지역 개인/기업별 카드 이용현황
"
38160,[NH농협카드] 일자별 소비현황_전남_2023년 3월,"2023년 3월 전남 지역 개인/기업별 카드 이용현황
"
38159,[NH농협카드] 일자별 소비현황_인천_2023년 3월,"2023년 3월 인천 지역 개인/기업별 카드 이용현황
"
38158,[NH농협카드] 일자별 소비현황_울산_2023년 3월,"2023년 3월 울산 지역 개인/기업별 카드 이용현황
"
38157,[NH농협카드] 일자별 소비현황_세종_2023년 3월,"2023년 3월 세종 지역 개인/기업별 카드 이용현황
"
38156,[NH농협카드] 일자별 소비현황_서울_2023년 3월,"2023년 3월 서울 지역 개인/기업별 카드 이용현황
"
38154,[NH농협카드] 일자별 소비현황_부산_2023년 3월,"2023년 3월 부산 지역 개인/기업별 카드 이용현황
"
38153,[NH농협카드] 일자별 소비현황_대전_2023년 3월,"2023년 3월 대전 지역 개인/기업별 카드 이용현황
"
38152,[NH농협카드] 일자별 소비현황_대구_2023년 3월,"2023년 3월 대구 지역 개인/기업별 카드 이용현황
"
38151,[NH농협카드] 일자별 소비현황_광주_2023년 3월,"2023년 3월 광주 지역 개인/기업별 카드 이용현황
"
38150,[NH농협카드] 일자별 소비현황_경북_2023년 3월,"2023년 3월 경북 지역 개인/기업별 카드 이용현황
"
38149,[NH농협카드] 일자별 소비현황_경남_2023년 3월,"2023년 3월 경남 지역 개인/기업별 카드 이용현황
"
38148,[NH농협카드] 일자별 소비현황_경기_2023년 3월,"2023년 3월 경기 지역 개인/기업별 카드 이용현황
"
38147,[NH농협카드] 일자별 소비현황_강원_2023년 3월,"2023년 3월 강원 지역 개인/기업별 카드 이용현황
"
38146,[NH농협카드] 일자별 소비현황_충북_2023년 4월,"2023년 4월 충북 지역 개인/기업별 카드 이용현황
"
38145,[NH농협카드] 일자별 소비현황_충남_2023년 4월,"2023년 4월 충남 지역 개인/기업별 카드 이용현황
"
38144,[NH농협카드] 일자별 소비현황_제주_2023년 4월,"2023년 4월 제주 지역 개인/기업별 카드 이용현황
"
38143,[NH농협카드] 일자별 소비현황_전북_2023년 4월,"2023년 4월 전북 지역 개인/기업별 카드 이용현황
"
38141,[NH농협카드] 일자별 소비현황_전남_2023년 4월,"2023년 4월 전남 지역 개인/기업별 카드 이용현황
"
38140,[NH농협카드] 일자별 소비현황_인천_2023년 4월,"2023년 4월 인천 지역 개인/기업별 카드 이용현황
"
38139,[NH농협카드] 일자별 소비현황_울산_2023년 4월,"2023년 4월 울산 지역 개인/기업별 카드 이용현황
"
38138,[NH농협카드] 일자별 소비현황_세종_2023년 4월,"2023년 4월 세종 지역 개인/기업별 카드 이용현황
"
38137,[NH농협카드] 일자별 소비현황_서울_2023년 4월,"2023년 4월 서울 지역 개인/기업별 카드 이용현황
"
38136,[NH농협카드] 일자별 소비현황_부산_2023년 4월,"2023년 4월 부산 지역 개인/기업별 카드 이용현황
"
38135,[NH농협카드] 일자별 소비현황_대전_2023년 4월,"2023년 4월 대전 지역 개인/기업별 카드 이용현황
"
38134,[NH농협카드] 일자별 소비현황_대구_2023년 4월,"2023년 4월 대구 지역 개인/기업별 카드 이용현황
"
38133,[NH농협카드] 일자별 소비현황_광주_2023년 4월,"2023년 4월 광주 지역 개인/기업별 카드 이용현황
"
38132,[NH농협카드] 일자별 소비현황_경북_2023년 4월,"2023년 4월 경북 지역 개인/기업별 카드 이용현황
"
38131,[NH농협카드] 일자별 소비현황_경남_2023년 4월,"2023년 4월 경남 지역 개인/기업별 카드 이용현황
"
38130,[NH농협카드] 일자별 소비현황_경기_2023년 4월,"2023년 4월 경기 지역 개인/기업별 카드 이용현황
"
38129,[NH농협카드] 일자별 소비현황_강원_2023년 4월,"2023년 4월 강원 지역 개인/기업별 카드 이용현황
"
38114,(NH멤버스 유통데이터) 성별 연령별 지역별 젓갈액젓상품 매출데이터,(NH멤버스 유통데이터) 성별 연령별 지역별 젓갈액젓상품 매출데이터
38113,(NH멤버스 유통데이터) 성별 연령별 지역별 담배상품 매출데이터,(NH멤버스 유통데이터) 성별 연령별 지역별 담배상품 매출데이터
38112,(NH멤버스 유통데이터) 성별 연령별 지역별 밀가루상품 매출데이터,(NH멤버스 유통데이터) 성별 연령별 지역별 밀가루상품 매출데이터
38111,(NH멤버스 유통데이터) 성별 연령별 지역별 와인상품 매출데이터,(NH멤버스 유통데이터) 성별 연령별 지역별 와인상품 매출데이터
38110,(NH멤버스 유통데이터) 성별 연령별 지역별 생수상품 매출데이터,(NH멤버스 유통데이터) 성별 연령별 지역별 생수상품 매출데이터
38109,(NH멤버스 유통데이터) 성별 연령별 지역별 베이컨류상품 매출데이터,(NH멤버스 유통데이터) 성별 연령별 지역별 베이컨류상품 매출데이터
38107,(NH멤버스 유통데이터) 성별 연령별 지역별 조미료상품 매출데이터,(NH멤버스 유통데이터) 성별 연령별 지역별 조미료상품 매출데이터
38106,(NH멤버스 유통데이터) 성별 연령별 지역별 아이스크림상품 매출데이터,(NH멤버스 유통데이터) 성별 연령별 지역별 아이스크림상품 매출데이터
38105,(NH멤버스 유통데이터) 성별 연령별 지역별 버터 치즈류상품 매출데이터,(NH멤버스 유통데이터) 성별 연령별 지역별 버터 치즈류상품 매출데이터
38104,(NH멤버스 유통데이터) 성별 연령별 지역별 쨈상품 매출데이터,(NH멤버스 유통데이터) 성별 연령별 지역별 쨈상품 매출데이터
38098,[NH농협카드] 일자별 소비현황_충북_2023년 5월,"2023년 5월 충북 지역 개인/기업별 카드 이용현황
"
38097,[NH농협카드] 일자별 소비현황_충남_2023년 5월,"2023년 5월 충남 지역 개인/기업별 카드 이용현황
"
38096,[NH농협카드] 일자별 소비현황_제주_2023년 5월,"2023년 5월 제주 지역 개인/기업별 카드 이용현황
"
38095,[NH농협카드] 일자별 소비현황_전북_2023년 5월,"2023년 5월 전북 지역 개인/기업별 카드 이용현황
"
38094,[NH농협카드] 일자별 소비현황_전남_2023년 5월,"2023년 5월 전남 지역 개인/기업별 카드 이용현황
"
38093,[NH농협카드] 일자별 소비현황_인천_2023년 5월,"2023년 5월 인천 지역 개인/기업별 카드 이용현황
"
38092,[NH농협카드] 일자별 소비현황_울산_2023년 5월,"2023년 5월 울산 지역 개인/기업별 카드 이용현황
"
38091,[NH농협카드] 일자별 소비현황_세종_2023년 5월,"2023년 5월 세종 지역 개인/기업별 카드 이용현황
"
38090,[NH농협카드] 일자별 소비현황_서울_2023년 5월,"2023년 5월 서울 지역 개인/기업별 카드 이용현황
"
38089,[NH농협카드] 일자별 소비현황_부산_2023년 5월,"2023년 5월 부산 지역 개인/기업별 카드 이용현황
"
38088,[NH농협카드] 일자별 소비현황_대전_2023년 5월,"2023년 5월 대전 지역 개인/기업별 카드 이용현황
"
38087,[NH농협카드] 일자별 소비현황_대구_2023년 5월,"2023년 5월 대구 지역 개인/기업별 카드 이용현황
"
38086,[NH농협카드] 일자별 소비현황_광주_2023년 5월,"2023년 5월 광주 지역 개인/기업별 카드 이용현황
"
38085,[NH농협카드] 일자별 소비현황_경북_2023년 5월,"2023년 5월 경북 지역 개인/기업별 카드 이용현황
"
38084,[NH농협카드] 일자별 소비현황_경남_2023년 5월,"2023년 5월 경남 지역 개인/기업별 카드 이용현황
"
38083,[NH농협카드] 일자별 소비현황_경기_2023년 5월,"2023년 5월 경기 지역 개인/기업별 카드 이용현황
"
38082,[NH농협카드] 일자별 소비현황_강원_2023년 5월,"2023년 5월 강원 지역 개인/기업별 카드 이용현황
"
38081,[NH농협카드] 일자별 소비현황_2023년 5월,"2023년 5월 개인/기업별 카드 이용현황
"
38080,"202308 연령대별 선호카테고리 TOP10","편의점 이용 고객의 연령대/성별에 따른 선호 데이터 제공
- 연령대별 편의점 선호 카테고리를 파악하여 타겟대상에 따른 마케팅 수단으로 활용가능
- 카테고리의 선호대상을 확인하여 상품개발시 활용가능"
38079,"202308 유통소비플랫폼 상품분류체계에 따른 매출구성비",GS25의 상품매출을 유통소비플랫폼의 상품분류체계를 적용하여 매출 집계 데이터로 어느 카테고리가 상대적으로 매출이 우수한지 확인할 수 있으며  카테고리의 월별 트랜드를 확인 할 수 있는 데이터임
38078,"202308 지역별 상품분류별 요일별 매출구성비","-. GS25 상품카테고리의 요일별 매출 구성비를 지역별로 분석이 가능 
 -. 법정동단위 지역을 구분하여 지역별 상품팔림새의 비교분석이 가능하고 팔림새의 그룹핑을 통해서 유사상권의 특성파악이 가능"
38077,"202308 지역별 상품분류별 시간대별_매출구성비","-. GS25 상품카테고리의 시간대별 매출 구성비를 지역별로 분석 가능한 월 집계 데이터 
-. 법정동단위 지역을 구분하여 지역별 상품팔림새의 비교분석이 가능하고 팔림새의 그룹핑을 통해서 유사상권의 특성파악이 가능"
38076,"202308 GS25 상품카테고리 별 지역별 강세 분석","전국 시/군/구 단위로 편의점의 상품 매출 비율을 통계하여 제공
각 지역의 상품 판매 평균과 전국 평균을 상품별로 비교하여 각 지역의 편의점 선호 상품을 제공함"
38075,"202308 지역별 상품분류별 매출구성비",GS25편의점의 상품카테고리별 매출 비중을 지역별로 차이가 있는지 비교분석 할 수 있는 월 집계 데이터로 지역별 선호 상품 카테고리를 확인 할 수 있음
38074,"202308 상품분류 지역별 매출구성비",GS25 상품카테고리별 지역별 매출구성비 월 집계 데이터로 지역별로 상품카테고리의 선호도를 차이를 확인 할 수 있는 데이터임
38073,"202308 상품분류 요일별 매출구성비",GS25 상품카테고리별 요일별 매출구성비 월 집계 데이터로 어느 카테고리의 요일별로 매출이 우수한지 등 요일 트랜드를 확인할 수 있음
38072,"202308 상품분류 시간대별 매출구성비",GS25 상품카테고리별 시간대별 매출구성비 월 집계 데이터로 어느 카테고리가 시간대별로 매출이 우수한지 확인할 수 있음
38071,"202308 지역별 GS25점포 매출분포","-. 전국 시/군/구 단위로 편의점 점포 매출수준을 통계하여 제공 
-. 각 지역의 점포별 매출수준을 그룹화하여 해당그룹에 어느정도의 점포가 포함되어 있는지를 수치화 하여 제공 "
38070,"202308 상품분류 매출구성비",GS25의 상품카테고리별 매출구성비 월 집계데이터로 어느 카테고리가 상대적으로 매출이 우수한지 확인할 수 있으며  카테고리의 월별 트랜드를 확인 할 수 있는 데이터임
38069,"202308 상품분류 구매횟수별 고객구성비",GS25 상품카테고리별 연령대 및 성별의 구매횟수별  월 집계 구성비 데이터로  연령대별로 어느 카테고리 상품을 상대적으로 구매 횟수가 높은지 확인 할 수 있는 데이터임
38068,"202308 상품분류 구매수량별 고객구성비",GS25 상품카테고리별 연령대 및 성별의 구매수량별  월 집계 구성비 데이터로  연령대별로 어느 카테고리 상품을 상대적으로 많이구매하는 지 확인 할 수 있는 데이터임
38067,"202308 상품분류별 고객군별 평균구매횟수",GS25 상품카테고리별 연령대 및 성별의 월평균 구매횟수 분석자료로 성별로 어느 카테고리상품을 자주 구매하는지  또는 연령대별로 어느 카테고리 상품을 상대적으로 자주 구매하는 지 확인 할 수 있는 데이터임
38066,"202307 연령대별 선호카테고리 TOP10","편의점 이용 고객의 연령대/성별에 따른 선호 데이터 제공
- 연령대별 편의점 선호 카테고리를 파악하여 타겟대상에 따른 마케팅 수단으로 활용가능
- 카테고리의 선호대상을 확인하여 상품개발시 활용가능"
38065,"202307 유통소비플랫폼 상품분류체계에 따른 매출구성비",GS25의 상품매출을 유통소비플랫폼의 상품분류체계를 적용하여 매출 집계 데이터로 어느 카테고리가 상대적으로 매출이 우수한지 확인할 수 있으며  카테고리의 월별 트랜드를 확인 할 수 있는 데이터임
38064,"202307 지역별 상품분류별 요일별 매출구성비","-. GS25 상품카테고리의 요일별 매출 구성비를 지역별로 분석이 가능 
 -. 법정동단위 지역을 구분하여 지역별 상품팔림새의 비교분석이 가능하고 팔림새의 그룹핑을 통해서 유사상권의 특성파악이 가능"
38063,"202307 지역별 상품분류별 시간대별_매출구성비","-. GS25 상품카테고리의 시간대별 매출 구성비를 지역별로 분석 가능한 월 집계 데이터 
-. 법정동단위 지역을 구분하여 지역별 상품팔림새의 비교분석이 가능하고 팔림새의 그룹핑을 통해서 유사상권의 특성파악이 가능"
38062,"202307 GS25 상품카테고리 별 지역별 강세 분석","전국 시/군/구 단위로 편의점의 상품 매출 비율을 통계하여 제공
각 지역의 상품 판매 평균과 전국 평균을 상품별로 비교하여 각 지역의 편의점 선호 상품을 제공함"
38061,"202307 지역별 상품분류별 매출구성비",GS25편의점의 상품카테고리별 매출 비중을 지역별로 차이가 있는지 비교분석 할 수 있는 월 집계 데이터로 지역별 선호 상품 카테고리를 확인 할 수 있음
38060,"202307 상품분류 지역별 매출구성비",GS25 상품카테고리별 지역별 매출구성비 월 집계 데이터로 지역별로 상품카테고리의 선호도를 차이를 확인 할 수 있는 데이터임
38059,"202307 상품분류 요일별 매출구성비",GS25 상품카테고리별 요일별 매출구성비 월 집계 데이터로 어느 카테고리의 요일별로 매출이 우수한지 등 요일 트랜드를 확인할 수 있음
38058,"202307 상품분류 시간대별 매출구성비",GS25 상품카테고리별 시간대별 매출구성비 월 집계 데이터로 어느 카테고리가 시간대별로 매출이 우수한지 확인할 수 있음
38057,"202307 지역별 GS25점포 매출분포","-. 전국 시/군/구 단위로 편의점 점포 매출수준을 통계하여 제공 
-. 각 지역의 점포별 매출수준을 그룹화하여 해당그룹에 어느정도의 점포가 포함되어 있는지를 수치화 하여 제공 "
38056,"202307 상품분류 매출구성비",GS25의 상품카테고리별 매출구성비 월 집계데이터로 어느 카테고리가 상대적으로 매출이 우수한지 확인할 수 있으며  카테고리의 월별 트랜드를 확인 할 수 있는 데이터임
38055,"202307 상품분류 구매횟수별 고객구성비",GS25 상품카테고리별 연령대 및 성별의 구매횟수별  월 집계 구성비 데이터로  연령대별로 어느 카테고리 상품을 상대적으로 구매 횟수가 높은지 확인 할 수 있는 데이터임
38054,"202307 상품분류 구매수량별 고객구성비",GS25 상품카테고리별 연령대 및 성별의 구매수량별  월 집계 구성비 데이터로  연령대별로 어느 카테고리 상품을 상대적으로 많이구매하는 지 확인 할 수 있는 데이터임
38053,"202307 상품분류별 고객군별 평균구매횟수",GS25 상품카테고리별 연령대 및 성별의 월평균 구매횟수 분석자료로 성별로 어느 카테고리상품을 자주 구매하는지  또는 연령대별로 어느 카테고리 상품을 상대적으로 자주 구매하는 지 확인 할 수 있는 데이터임
38017,[2023-11호] NH트렌드+ 아이스크림 편,NH트렌드+는 NH농협은행의 데이터를 통해 사회 이슈와 트렌드를 알아보는 리포트입니다. 
37974,[NH농협카드] 소득구간별 업종별 소비현황_202307_월소득 400만원대 60대이상 여성,"월소득 400만원대 60대이상 여성의 시간대별, 주중/주말별, 거주지별, 소비 업종 및 지역별 카드 이용 현황을 분석할 수 있는 데이터
"
37973,[NH농협카드] 소득구간별 업종별 소비현황_202307_월소득 400만원대 60대이상 남성,"월소득 400만원대 60대이상 남성의 시간대별, 주중/주말별, 거주지별, 소비 업종 및 지역별 카드 이용 현황을 분석할 수 있는 데이터
"
37972,[NH농협카드] 소득구간별 업종별 소비현황_202307_월소득 400만원대 50대 여성,"월소득 400만원대 50대 여성의 시간대별, 주중/주말별, 거주지별, 소비 업종 및 지역별 카드 이용 현황을 분석할 수 있는 데이터
"
37971,[NH농협카드] 소득구간별 업종별 소비현황_202307_월소득 400만원대 50대 남성,"월소득 400만원대 50대 남성의 시간대별, 주중/주말별, 거주지별, 소비 업종 및 지역별 카드 이용 현황을 분석할 수 있는 데이터
"
37970,[NH농협카드] 소득구간별 업종별 소비현황_202307_월소득 400만원대 40대 여성,"월소득 400만원대 40대 여성의 시간대별, 주중/주말별, 거주지별, 소비 업종 및 지역별 카드 이용 현황을 분석할 수 있는 데이터
"
37969,[NH농협카드] 소득구간별 업종별 소비현황_202307_월소득 400만원대 40대 남성,"월소득 400만원대 40대 남성의 시간대별, 주중/주말별, 거주지별, 소비 업종 및 지역별 카드 이용 현황을 분석할 수 있는 데이터
"
37968,[NH농협카드] 소득구간별 업종별 소비현황_202307_월소득 400만원대 30대 여성,"월소득 400만원대 30대 여성의 시간대별, 주중/주말별, 거주지별, 소비 업종 및 지역별 카드 이용 현황을 분석할 수 있는 데이터
"
37967,[NH농협카드] 소득구간별 업종별 소비현황_202307_월소득 400만원대 30대 남성,"월소득 400만원대 30대 남성의 시간대별, 주중/주말별, 거주지별, 소비 업종 및 지역별 카드 이용 현황을 분석할 수 있는 데이터
"
37966,[NH농협카드] 소득구간별 업종별 소비현황_202307_월소득 400만원대 20대 여성,"월소득 400만원대 20대 여성의 시간대별, 주중/주말별, 거주지별, 소비 업종 및 지역별 카드 이용 현황을 분석할 수 있는 데이터
"
37965,[NH농협카드] 소득구간별 업종별 소비현황_202307_월소득 400만원대 20대 남성,"월소득 400만원대 20대 남성의 시간대별, 주중/주말별, 거주지별, 소비 업종 및 지역별 카드 이용 현황을 분석할 수 있는 데이터
"
37964,[NH농협카드] 소득구간별 업종별 소비현황_202307_월소득 300만원대 60대이상 여성,"월소득 300만원대 60대이상 여성의 시간대별, 주중/주말별, 거주지별, 소비 업종 및 지역별 카드 이용 현황을 분석할 수 있는 데이터
"
37963,[NH농협카드] 소득구간별 업종별 소비현황_202307_월소득 300만원대 60대이상 남성,"월소득 300만원대 60대이상 남성의 시간대별, 주중/주말별, 거주지별, 소비 업종 및 지역별 카드 이용 현황을 분석할 수 있는 데이터
"
37962,[NH농협카드] 소득구간별 업종별 소비현황_202307_월소득 300만원대 50대 여성,"월소득 300만원대 50대 여성의 시간대별, 주중/주말별, 거주지별, 소비 업종 및 지역별 카드 이용 현황을 분석할 수 있는 데이터
"
37961,[NH농협카드] 소득구간별 업종별 소비현황_202307_월소득 300만원대 50대 남성,"월소득 300만원대 50대 남성의 시간대별, 주중/주말별, 거주지별, 소비 업종 및 지역별 카드 이용 현황을 분석할 수 있는 데이터
"
37960,[NH농협카드] 소득구간별 업종별 소비현황_202307_월소득 300만원대 40대 여성,"월소득 300만원대 40대 여성의 시간대별, 주중/주말별, 거주지별, 소비 업종 및 지역별 카드 이용 현황을 분석할 수 있는 데이터
"
37958,[NH농협카드] 소득구간별 업종별 소비현황_202307_월소득 300만원대 40대 남성,"월소득 300만원대 40대 남성의 시간대별, 주중/주말별, 거주지별, 소비 업종 및 지역별 카드 이용 현황을 분석할 수 있는 데이터
"
37957,[NH농협카드] 소득구간별 업종별 소비현황_202307_월소득 300만원대 30대 여성,"월소득 300만원대 30대 여성의 시간대별, 주중/주말별, 거주지별, 소비 업종 및 지역별 카드 이용 현황을 분석할 수 있는 데이터
"
37956,[NH농협카드] 소득구간별 업종별 소비현황_202307_월소득 300만원대 30대 남성,"월소득 300만원대 30대 남성의 시간대별, 주중/주말별, 거주지별, 소비 업종 및 지역별 카드 이용 현황을 분석할 수 있는 데이터
"
37955,[NH농협카드] 소득구간별 업종별 소비현황_202307_월소득 300만원대 20대 여성,"월소득 300만원대 20대 여성의 시간대별, 주중/주말별, 거주지별, 소비 업종 및 지역별 카드 이용 현황을 분석할 수 있는 데이터
"
37954,[NH농협카드] 소득구간별 업종별 소비현황_202307_월소득 300만원대 20대 남성,"월소득 300만원대 20대 남성의 시간대별, 주중/주말별, 거주지별, 소비 업종 및 지역별 카드 이용 현황을 분석할 수 있는 데이터
"
37953,[NH농협카드] 소득구간별 업종별 소비현황_202307_월소득 200만원대 60대이상 여성,"월소득 200만원대 60대이상 여성의 시간대별, 주중/주말별, 거주지별, 소비 업종 및 지역별 카드 이용 현황을 분석할 수 있는 데이터
"
37952,[NH농협카드] 소득구간별 업종별 소비현황_202307_월소득 200만원대 60대이상 남성,"월소득 200만원대 60대이상 남성의 시간대별, 주중/주말별, 거주지별, 소비 업종 및 지역별 카드 이용 현황을 분석할 수 있는 데이터
"
37950,[NH농협카드] 소득구간별 업종별 소비현황_202307_월소득 200만원대 50대 여성,"월소득 200만원대 50대 여성의 시간대별, 주중/주말별, 거주지별, 소비 업종 및 지역별 카드 이용 현황을 분석할 수 있는 데이터
"
37946,[NH농협카드] 소득구간별 업종별 소비현황_202307_월소득 200만원대 50대 남성,"월소득 200만원대 50대 남성의 시간대별, 주중/주말별, 거주지별, 소비 업종 및 지역별 카드 이용 현황을 분석할 수 있는 데이터
"
37944,[NH농협카드] 소득구간별 업종별 소비현황_202307_월소득 200만원대 40대 여성,"월소득 200만원대 40대 여성의 시간대별, 주중/주말별, 거주지별, 소비 업종 및 지역별 카드 이용 현황을 분석할 수 있는 데이터
"
37943,[NH농협카드] 소득구간별 업종별 소비현황_202307_월소득 200만원대 40대 남성,"월소득 200만원대 40대 남성의 시간대별, 주중/주말별, 거주지별, 소비 업종 및 지역별 카드 이용 현황을 분석할 수 있는 데이터
"
37942,[NH농협카드] 소득구간별 업종별 소비현황_202307_월소득 200만원대 30대 여성,"월소득 200만원대 30대 여성의 시간대별, 주중/주말별, 거주지별, 소비 업종 및 지역별 카드 이용 현황을 분석할 수 있는 데이터
"
37941,[NH농협카드] 소득구간별 업종별 소비현황_202307_월소득 200만원대 30대 남성,"월소득 200만원대 30대 남성의 시간대별, 주중/주말별, 거주지별, 소비 업종 및 지역별 카드 이용 현황을 분석할 수 있는 데이터
"
37940,[NH농협카드] 소득구간별 업종별 소비현황_202307_월소득 200만원대 20대 여성,"월소득 200만원대 20대 여성의 시간대별, 주중/주말별, 거주지별, 소비 업종 및 지역별 카드 이용 현황을 분석할 수 있는 데이터
"
37939,[NH농협카드] 소득구간별 업종별 소비현황_202307_월소득 200만원대 20대 남성,"월소득 200만원대 20대 남성의 시간대별, 주중/주말별, 거주지별, 소비 업종 및 지역별 카드 이용 현황을 분석할 수 있는 데이터
"
37938,[NH농협카드] 소득구간별 업종별 소비현황_202307_월소득 100만원대 60대이상 여성,"월소득 100만원대 60대이상 여성의 시간대별, 주중/주말별, 거주지별, 소비 업종 및 지역별 카드 이용 현황을 분석할 수 있는 데이터
"
37936,[NH농협카드] 소득구간별 업종별 소비현황_202307_월소득 100만원대 60대이상 남성,"월소득 100만원대 60대이상 남성의 시간대별, 주중/주말별, 거주지별, 소비 업종 및 지역별 카드 이용 현황을 분석할 수 있는 데이터
"
37935,[NH농협카드] 소득구간별 업종별 소비현황_202307_월소득 100만원대 50대 여성,"월소득 100만원대 50대 여성의 시간대별, 주중/주말별, 거주지별, 소비 업종 및 지역별 카드 이용 현황을 분석할 수 있는 데이터
"
37934,[NH농협카드] 소득구간별 업종별 소비현황_202307_월소득 100만원대 50대 남성,"월소득 100만원대 50대 남성의 시간대별, 주중/주말별, 거주지별, 소비 업종 및 지역별 카드 이용 현황을 분석할 수 있는 데이터
"
37933,[NH농협카드] 소득구간별 업종별 소비현황_202307_월소득 100만원대 40대 여성,"월소득 100만원대 40대 여성의 시간대별, 주중/주말별, 거주지별, 소비 업종 및 지역별 카드 이용 현황을 분석할 수 있는 데이터
"
37931,[NH농협카드] 소득구간별 업종별 소비현황_202307_월소득 100만원대 40대 남성,"월소득 100만원대 40대 남성의 시간대별, 주중/주말별, 거주지별, 소비 업종 및 지역별 카드 이용 현황을 분석할 수 있는 데이터
"
37930,[NH농협카드] 소득구간별 업종별 소비현황_202307_월소득 100만원대 30대 여성,"월소득 100만원대 30대 여성의 시간대별, 주중/주말별, 거주지별, 소비 업종 및 지역별 카드 이용 현황을 분석할 수 있는 데이터
"
37929,[NH농협카드] 소득구간별 업종별 소비현황_202307_월소득 100만원대 30대 남성,"월소득 100만원대 30대 남성의 시간대별, 주중/주말별, 거주지별, 소비 업종 및 지역별 카드 이용 현황을 분석할 수 있는 데이터
"
37928,[NH농협카드] 소득구간별 업종별 소비현황_202307_월소득 100만원대 20대 여성,"월소득 100만원대 20대 여성의 시간대별, 주중/주말별, 거주지별, 소비 업종 및 지역별 카드 이용 현황을 분석할 수 있는 데이터
"
37927,[NH농협카드] 소득구간별 업종별 소비현황_202307_월소득 100만원대 20대 남성,"월소득 100만원대 20대 남성의 시간대별, 주중/주말별, 거주지별, 소비 업종 및 지역별 카드 이용 현황을 분석할 수 있는 데이터
"
37918,"2023년 7월 울산,양산 지역 기업 DB 데이터","2023년 7월 울산, 양산 지역 기업 DB 데이터"
37917,"2023년 7월 울산 현시점 공실 정보","2023년 7월 울산 현시점 공실 정보 "
37916,[NH농협카드] 1월 세부 업종별 카드 이용건수 트렌드 (2019년 1월 ~ 2023년 1월),"1월의 세부 업종별 카드이용건수 추이를 분석할 수 있는 데이터
"
37915,[NH농협카드] 1월 세부 업종별 카드 이용금액 트렌드 (2019년 1월 ~ 2023년 1월),"1월의 세부 업종별 카드이용금액 추이를 분석할 수 있는 데이터
"
37914,[NH농협카드] 1월 시도별 업종별 카드 이용건수 트렌드 (2019년 1월 ~ 2023년 1월),"1월의 시도별 업종별 카드이용건수 추이를 분석할 수 있는 데이터
"
37913,[NH농협카드] 1월 시도별 업종별 카드 이용금액 트렌드 (2019년 1월 ~ 2023년 1월),"1월의 시도별 업종별 카드이용금액 추이를 분석할 수 있는 데이터
"
37912,[NH농협카드] 업종별 카드이용현황_2023년 1월,"2023년 1월의 업종별 카드 이용현황
"
37911,[NH농협카드] 업종별 카드이용현황_2022년 1월,"2022년 1월의 업종별 카드 이용현황
"
37910,[NH농협카드] 업종별 카드이용현황_2021년 1월,"2021년 1월의 업종별 카드 이용현황
"
37909,[NH농협카드] 업종별 카드이용현황_2020년 1월,"2020년 1월의 업종별 카드 이용현황
"
37908,[NH농협카드] 업종별 카드이용현황_2019년 1월,"2019년 1월의 업종별 카드 이용현황
"
37907,[NH농협카드] 시도별 업종별 카드이용현황_2023년 1월,"2023년 1월의 시도별 업종별 카드 이용현황
"
37906,[NH농협카드] 시도별 업종별 카드이용현황_2022년 1월,"2022년 1월의 시도별 업종별 카드 이용현황
"
37905,[NH농협카드] 시도별 업종별 카드이용현황_2021년 1월,"2021년 1월의 시도별 업종별 카드 이용현황
"
37904,[NH농협카드] 시도별 업종별 카드이용현황_2020년 1월,"2020년 1월의 시도별 업종별 카드 이용현황
"
37903,[NH농협카드] 시도별 업종별 카드이용현황_2019년 1월,"2019년 1월의 시도별 업종별 카드 이용현황
"
37902,부산 경제 상황 진단용 데이터(2023.07),부산 경제 상황 진단을 위한 맞춤형 지표 정보 (2023.07)
37875,"202307 전국 행정동단위 SOHO 데이터",본 데이터는 KCB가 각 금융사들로부터 매일 수집하는 최신 금융 데이터를 공간 단위로 재가공해 월별로 제공하고 있습니다.
37874,"202307 전국 시군구단위 SOHO 데이터",본 데이터는 KCB가 각 금융사들로부터 매일 수집하는 최신 금융 데이터를 공간 단위로 재가공해 월별로 제공하고 있습니다.
37873,"202307 전국 시도단위 SOHO 데이터",본 데이터는 KCB가 각 금융사들로부터 매일 수집하는 최신 금융 데이터를 공간 단위로 재가공해 월별로 제공하고 있습니다.
37872,"202307 전국 행정동단위 하이엔드 데이터",본 데이터는 KCB가 각 금융사들로부터 매일 수집하는 최신 금융 데이터를 공간 단위로 재가공해 월별로 제공하고 있습니다.
37871,"202307 전국 시군구단위 하이엔드 데이터",본 데이터는 KCB가 각 금융사들로부터 매일 수집하는 최신 금융 데이터를 공간 단위로 재가공해 월별로 제공하고 있습니다.
37870,"202307 전국 시도단위 하이엔드 데이터",본 데이터는 KCB가 각 금융사들로부터 매일 수집하는 최신 금융 데이터를 공간 단위로 재가공해 월별로 제공하고 있습니다.
37869,"202307 전국 행정동단위 자산평가 데이터",본 데이터는 KCB가 각 금융사들로부터 매일 수집하는 최신 금융 데이터를 공간 단위로 재가공해 월별로 제공하고 있습니다.
37868,"202307 전국 시군구단위 자산평가 데이터",본 데이터는 KCB가 각 금융사들로부터 매일 수집하는 최신 금융 데이터를 공간 단위로 재가공해 월별로 제공하고 있습니다.
37867,"202307 전국 시도단위 자산평가 데이터",본 데이터는 KCB가 각 금융사들로부터 매일 수집하는 최신 금융 데이터를 공간 단위로 재가공해 월별로 제공하고 있습니다.
37865,"202307 전국 행정동단위 예금여력 데이터",본 데이터는 KCB가 각 금융사들로부터 매일 수집하는 최신 금융 데이터를 공간 단위로 재가공해 월별로 제공하고 있습니다.
37864,"202307 전국 시군구단위 예금여력 데이터",본 데이터는 KCB가 각 금융사들로부터 매일 수집하는 최신 금융 데이터를 공간 단위로 재가공해 월별로 제공하고 있습니다.
37863,"202307 전국 시도단위 예금여력 데이터",본 데이터는 KCB가 각 금융사들로부터 매일 수집하는 최신 금융 데이터를 공간 단위로 재가공해 월별로 제공하고 있습니다.
37862,"202307 전국 행정동단위 연체정보 데이터",본 데이터는 KCB가 각 금융사들로부터 매일 수집하는 최신 금융 데이터를 공간 단위로 재가공해 월별로 제공하고 있습니다.
37861,"202307 전국 시군구단위 연체정보 데이터",본 데이터는 KCB가 각 금융사들로부터 매일 수집하는 최신 금융 데이터를 공간 단위로 재가공해 월별로 제공하고 있습니다.
37860,"202307 전국 시도단위 연체정보 데이터",본 데이터는 KCB가 각 금융사들로부터 매일 수집하는 최신 금융 데이터를 공간 단위로 재가공해 월별로 제공하고 있습니다.
37859,"202307 전국 행정동단위 대출정보 데이터",본 데이터는 KCB가 각 금융사들로부터 매일 수집하는 최신 금융 데이터를 공간 단위로 재가공해 월별로 제공하고 있습니다.
37858,"202307 전국 시군구단위 대출정보 데이터",본 데이터는 KCB가 각 금융사들로부터 매일 수집하는 최신 금융 데이터를 공간 단위로 재가공해 월별로 제공하고 있습니다.
37857,"202307 전국 시도단위 대출정보 데이터",본 데이터는 KCB가 각 금융사들로부터 매일 수집하는 최신 금융 데이터를 공간 단위로 재가공해 월별로 제공하고 있습니다.
37856,"202307 전국 행정동단위 소비정보 데이터",본 데이터는 KCB가 각 금융사들로부터 매일 수집하는 최신 금융 데이터를 공간 단위로 재가공해 월별로 제공하고 있습니다.
37855,"202307 전국 시군구단위 소비정보 데이터",본 데이터는 KCB가 각 금융사들로부터 매일 수집하는 최신 금융 데이터를 공간 단위로 재가공해 월별로 제공하고 있습니다.
37854,"202307 전국 시도단위 소비정보 데이터",본 데이터는 KCB가 각 금융사들로부터 매일 수집하는 최신 금융 데이터를 공간 단위로 재가공해 월별로 제공하고 있습니다.
37853,"202307 전국 행정동단위 소득정보 데이터",본 데이터는 KCB가 각 금융사들로부터 매일 수집하는 최신 금융 데이터를 공간 단위로 재가공해 월별로 제공하고 있습니다.
37852,"202307 전국 시군구단위 소득정보 데이터",본 데이터는 KCB가 각 금융사들로부터 매일 수집하는 최신 금융 데이터를 공간 단위로 재가공해 월별로 제공하고 있습니다.
37851,"202307 전국 시도단위 소득정보 데이터",본 데이터는 KCB가 각 금융사들로부터 매일 수집하는 최신 금융 데이터를 공간 단위로 재가공해 월별로 제공하고 있습니다.
37831,맞춤형 고객의 이용정보 및 관심사 분석,맞춤형 정의 고객의 이용정보 및 관심사
37830,외국인 관광객 지역별 X 업종별 X 국적별 소비정보,전국 지역별 외국인 관광객 국적별 소비정보 제공
37829,브랜드별 경쟁분석정보 ,자사 및 경쟁 브랜드별 경쟁분석 정보 제공
37828,지역별 X 업종별 상권분석,전국 지역별 및 업종별 추정매출 및 소비자정보 제공
37827,지역별 X 업종별 매장 정보,"특정업종 및 지역별 매장단위 기본정보(주소 등) 및 월별 추정매출, 방문고객정보 제공"
37826,일단위 F&amp;B 음식 업종 신규해지 매장정보,일별 카드사에 신규 혹은 해지 등록된 F&amp;B매장 단위 기본정보 제공
37825,기업별 맞춤형 데이터 분석 및 리포트 제공,기업별 목적에 맞는 데이터 분석 및 리포트 제공이 가능합니다.
37823,서베이 진행 및 마케팅 대행,"고객사의 의견을 최대한 반영하여 설문조사 및 마케팅 진행이 가능합니다.
"
37822,공공기관 대상 공공 정책 분석 지원,공공정책 분석 지원
37821,기업 의사 결정 지원 및 트렌드 리포트 제공, 기업 의사 결정 지원 및 트렌드 리포트 제공
37818,[NH농협카드] 온라인 업종별 소비 트렌드_2023년 7월_#40 기프티콘,"기프티콘을 구입하거나 선물한 고객의 속성 및 소비현황 데이터 
"
37817,[NH농협카드] 온라인 업종별 소비 트렌드_2023년 7월_#39 후원금,"온라인으로 후원금을 납입한 고객의 속성 및 소비현황 데이터 
"
37816,[NH농협카드] 온라인 업종별 소비 트렌드_2023년 7월_#38 꽃배달,"온라인 꽃배달 서비스를 이용한 고객의 속성 및 소비현황 데이터 
"
37815,[NH농협카드] 온라인 업종별 소비 트렌드_2023년 7월_#37 외국어,"온라인으로 외국어 교육 컨텐츠를 구매한 고객의 속성 및 소비현황 데이터 
"
37814,[NH농협카드] 온라인 업종별 소비 트렌드_2023년 7월_#36 육아,"온라인으로 육아 관련 용품이나 서비스를 이용한 고객의 속성 및 소비현황 데이터 
"
37813,[NH농협카드] 온라인 업종별 소비 트렌드_2023년 7월_#35 공연,"온라인 공연 예매 서비스 이용 고객의 속성 및 소비현황 데이터 
"
37812,[NH농협카드] 온라인 업종별 소비 트렌드_2023년 7월_#34 웹툰,"인터넷 웹툰 구매 고객의 속성 및 소비현황 데이터 
"
37811,[NH농협카드] 온라인 업종별 소비 트렌드_2023년 7월_#33 도서,"온라인 도서 관련 서비스 이용 고객의 속성 및 소비현황 데이터 
"
37810,[NH농협카드] 온라인 업종별 소비 트렌드_2023년 7월_#32 음악,"음원 스트리밍 등 음악 관련 온라인 서비스 이용 고객의 속성 및 소비현황 데이터 
"
37809,[NH농협카드] 온라인 업종별 소비 트렌드_2023년 7월_#31 OTT,"OTT 서비스 이용 고객의 속성 및 소비현황 데이터 
"
37808,[NH농협카드] 온라인 업종별 소비 트렌드_2023년 7월_#30 영화,"온라인 영화 예매 등 서비스 이용 고객의 속성 및 소비현황 데이터 
"
37807,[NH농협카드] 온라인 업종별 소비 트렌드_2023년 7월_#29 보험,"온라인 보험 가입 고객의 속성 및 소비현황 데이터 
"
37806,[NH농협카드] 온라인 업종별 소비 트렌드_2023년 7월_#28 홈서비스,"홈서비스 온라인 이용 고객의 속성 및 소비현황 데이터 
"
37805,[NH농협카드] 온라인 업종별 소비 트렌드_2023년 7월_#27 인테리어,"온라인으로 인테리어 관련 구매를 한 고객의 속성 및 소비현황 데이터 
"
37804,[NH농협카드] 온라인 업종별 소비 트렌드_2023년 7월_#26 가전,"가전제품을 온라인에서 구매한 고객의 속성 및 소비현황 데이터 
"
37803,[NH농협카드] 온라인 업종별 소비 트렌드_2023년 7월_#25 홈쇼핑,"온라인 홈쇼핑 이용 고객의 속성 및 소비현황 데이터 
"
37802,[NH농협카드] 온라인 업종별 소비 트렌드_2023년 7월_#24 온라인 마트,"온라인을 통해 마트를 이용한 고객의 속성 및 소비현황 데이터 
"
37801,[NH농협카드] 온라인 업종별 소비 트렌드_2023년 7월_#23 모바일 어플리케이션,"모바일 기기에서 어플리케이션을 결제한 고객의 속성 및 소비현황 데이터 
"
37800,[NH농협카드] 온라인 업종별 소비 트렌드_2023년 7월_#22 휴대폰 액세서리,"온라인으로 휴대폰 액세서리을 구매한 고객의 속성 및 소비현황 데이터 
"
37799,[NH농협카드] 온라인 업종별 소비 트렌드_2023년 7월_#21 대리운전,"온라인을 통해 대리운전 서비스를 이용한 고객의 속성 및 소비현황 데이터 
"
37798,[NH농협카드] 온라인 업종별 소비 트렌드_2023년 7월_#20 스포츠용품,"온라인으로 스포츠용품을 구매한 고객의 속성 및 소비현황 데이터 
"
37797,[NH농협카드] 온라인 업종별 소비 트렌드_2023년 7월_#19 패션,"온라인으로 패션 상품을 구매한 고객의 속성 및 소비현황 데이터 
"
37796,[NH농협카드] 온라인 업종별 소비 트렌드_2023년 7월_#18 화장품,"온라인으로 화장품을 구매한 고객의 속성 및 소비현황 데이터 
"
37795,[NH농협카드] 온라인 업종별 소비 트렌드_2023년 7월_#17 해외직구,"해외 직구 이용 고객의 속성 및 소비현황 데이터 
"
37794,[NH농협카드] 온라인 업종별 소비 트렌드_2023년 7월_#16 면세점,"온라인 면세점 이용 고객의 속성 및 소비현황 데이터 
"
37793,[NH농협카드] 온라인 업종별 소비 트렌드_2023년 7월_#15 소셜/오픈마켓,"온라인 소셜, 오픈마켓 사이트 이용 고객의 속성 및 소비현황 데이터 
"
37792,[NH농협카드] 온라인 업종별 소비 트렌드_2023년 7월_#14 중고마켓,"온라인 중고마켓 이용 고객의 속성 및 소비현황 데이터 
"
37791,[NH농협카드] 온라인 업종별 소비 트렌드_2023년 7월_#13 게임,"온라인 게임사이트 결제 고객의 속성 및 소비현황 데이터 
"
37790,[NH농협카드] 온라인 업종별 소비 트렌드_2023년 7월_#12 반려동물,"온라인을 통해 반려동물 관련 용품, 푸드, 미용 등을 구매한 고객의 속성 및 소비현황 데이터 
"
37789,[NH농협카드] 온라인 업종별 소비 트렌드_2023년 7월_#11 전기차 충전,"전기차 충전결제 데이터을 통해 살펴보는 전기차 이용고객 속성 및 소비현황 데이터 
"
37788,[NH농협카드] 온라인 업종별 소비 트렌드_2023년 7월_#10 자전거,"온라인으로 자전거나 자전거 용품을 구입하신 고객들의 속성 및 소비현황 데이터 
"
37787,[NH농협카드] 온라인 업종별 소비 트렌드_2023년 7월_#9 낚시,"낚시 관련 용품 온라인 구매고객 속성 및 소비현황 데이터 
"
37786,[NH농협카드] 온라인 업종별 소비 트렌드_2023년 7월_#8 골프,"골프 관련 상품 온라인 구매고객 속성 및 소비현황 데이터 
"
37785,[NH농협카드] 온라인 업종별 소비 트렌드_2023년 7월_#7 공유서비스 (자동차),"공유 자동차 서비스 이용고객 속성 및 소비현황 데이터 
"
37784,[NH농협카드] 온라인 업종별 소비 트렌드_2023년 7월_#6 공유서비스 (자전거/킥보드),"자전거, 킥보드 등 공유서비스 이용고객 속성 및 소비현황 데이터 
"
37783,[NH농협카드] 온라인 업종별 소비 트렌드_2023년 7월_#5 커피,"커피 업체 앱 등 커피 관련 온라인 서비스 이용고객 속성 및 소비현황 데이터 
"
37782,[NH농협카드] 온라인 업종별 소비 트렌드_2023년 7월_#4 외식배달,"온라인 외식 배달 서비스 이용고객 속성 및 소비현황 데이터 
"
37781,[NH농협카드] 온라인 업종별 소비 트렌드_2023년 7월_#3 간편식/식자재,"간편식 및 식자재 온라인 구매고객 속성 및 소비현황 데이터 
"
37780,[2023-10호] NH트렌드+ 펫 상품 편,NH트렌드+는 NH농협은행의 데이터를 통해 사회 이슈와 트렌드를 알아보는 리포트입니다.
37779,[NH농협카드] 온라인 업종별 소비 트렌드_2023년 7월_#2 새벽배송,"새벽배송 온라인 이용고객 속성 및 소비현황 데이터 
"
37778,[NH농협카드] 온라인 업종별 소비 트렌드_2023년 7월_#1 명품,"명품 관련 업종 온라인 구매고객 속성 및 소비현황 데이터 
"
37776,[NH농협카드] 12월 세부 업종별 카드 이용건수 트렌드 (2018년 12월 ~ 2022년 12월),"12월의 세부 업종별 카드이용건수 추이를 분석할 수 있는 데이터
"
37775,[NH농협카드] 12월 세부 업종별 카드 이용금액 트렌드 (2018년 12월 ~ 2022년 12월),"12월의 세부 업종별 카드이용금액 추이를 분석할 수 있는 데이터
"
37774,[NH농협카드] 12월 시도별 업종별 카드 이용건수 트렌드 (2018년 12월 ~ 2022년 12월),"12월의 시도별 업종별 카드이용건수 추이를 분석할 수 있는 데이터
"
37773,[NH농협카드] 12월 시도별 업종별 카드 이용금액 트렌드 (2018년 12월 ~ 2022년 12월),"12월의 시도별 업종별 카드이용금액 추이를 분석할 수 있는 데이터
"
37772,[NH농협카드] 업종별 카드이용현황_2022년 12월,"2022년 12월의 업종별 카드 이용현황
"
37771,[NH농협카드] 업종별 카드이용현황_2021년 12월,"2021년 12월의 업종별 카드 이용현황
"
37770,[NH농협카드] 업종별 카드이용현황_2020년 12월,"2020년 12월의 업종별 카드 이용현황
"
37769,[NH농협카드] 업종별 카드이용현황_2019년 12월,"2019년 12월의 업종별 카드 이용현황
"
37768,[NH농협카드] 업종별 카드이용현황_2018년 12월,"2018년 12월의 업종별 카드 이용현황
"
37767,[NH농협카드] 시도별 업종별 카드이용현황_2022년 12월,"2022년 12월의 시도별 업종별 카드 이용현황
"
37766,[NH농협카드] 시도별 업종별 카드이용현황_2021년 12월,"2021년 12월의 시도별 업종별 카드 이용현황
"
37765,[NH농협카드] 시도별 업종별 카드이용현황_2020년 12월,"2020년 12월의 시도별 업종별 카드 이용현황
"
37764,[NH농협카드] 시도별 업종별 카드이용현황_2019년 12월,"2019년 12월의 시도별 업종별 카드 이용현황
"
37763,[NH농협카드] 시도별 업종별 카드이용현황_2018년 12월,"2018년 12월의 시도별 업종별 카드 이용현황
"
37762,[NH농협카드] 11월 세부 업종별 카드 이용건수 트렌드 (2018년 11월 ~ 2022년 11월),"11월의 세부 업종별 카드이용건수 추이를 분석할 수 있는 데이터
"
37761,[NH농협카드] 11월 세부 업종별 카드 이용금액 트렌드 (2018년 11월 ~ 2022년 11월),"11월의 세부 업종별 카드이용금액 추이를 분석할 수 있는 데이터
"
37760,[NH농협카드] 11월 시도별 업종별 카드 이용건수 트렌드 (2018년 11월 ~ 2022년 11월),"11월의 시도별 업종별 카드이용건수 추이를 분석할 수 있는 데이터
"
37759,[NH농협카드] 11월 시도별 업종별 카드 이용금액 트렌드 (2018년 11월 ~ 2022년 11월),"11월의 시도별 업종별 카드이용금액 추이를 분석할 수 있는 데이터
"
37758,[NH농협카드] 업종별 카드이용현황_2022년 11월,"2022년 11월의 업종별 카드 이용현황
"
37757,[NH농협카드] 업종별 카드이용현황_2021년 11월,"2021년 11월의 업종별 카드 이용현황
"
37756,[NH농협카드] 업종별 카드이용현황_2020년 11월,"2020년 11월의 업종별 카드 이용현황
"
37755,[NH농협카드] 업종별 카드이용현황_2019년 11월,"2019년 11월의 업종별 카드 이용현황
"
37754,[NH농협카드] 업종별 카드이용현황_2018년 11월,"2018년 11월의 업종별 카드 이용현황

"
37753,[NH농협카드] 시도별 업종별 카드이용현황_2022년 11월,"2022년 11월의 시도별 업종별 카드 이용현황
"
37752,[NH농협카드] 시도별 업종별 카드이용현황_2021년 11월,"2021년 11월의 시도별 업종별 카드 이용현황
"
37751,[NH농협카드] 시도별 업종별 카드이용현황_2020년 11월,"2020년 11월의 시도별 업종별 카드 이용현황
"
37750,[NH농협카드] 시도별 업종별 카드이용현황_2019년 11월,"2019년 11월의 시도별 업종별 카드 이용현황
"
37749,[NH농협카드] 시도별 업종별 카드이용현황_2018년 11월,"2018년 11월의 시도별 업종별 카드 이용현황
"
37746,[Academy용][SKT]경기도 유동인구 (19년도 1분기),"2019년 1분기 경기도 전지역 유동인구 (행정동단위) 
[구매가능 고객]교육기관(초/중/고/대학) or 교육기관에 소속된 개인(교직원, 학생) (단, 대학내 산학협력단 제외)"
37745,[Academy용][SKT]인천광역시 유동인구 (19년도 1분기),"2019년 1분기 인천광역시 전지역 유동인구 (행정동단위) 
[구매가능 고객]교육기관(초/중/고/대학) or 교육기관에 소속된 개인(교직원, 학생) (단, 대학내 산학협력단 제외)"
37696,[2023-09호] NH트렌드+ 콜라(제로) 편,NH트렌드+는 NH농협은행의 데이터를 통해 사회 이슈와 트렌드를 알아보는 리포트입니다.
37693,[Academy용][SKT] 서울특별시 유동인구 (19년도 1분기),"2019년 1분기 (1월~3월) 서울특별시 전지역 유동인구 (행정동단위) 
[구매가능 고객]교육기관(초/중/고/대학) or 교육기관에 소속된 개인(교직원, 학생) (단, 대학내 산학협력단 제외)"
37688,[Academy용][SKT]울산광역시 유동인구 (22년도),"2021년 울산광역시 전지역 유동인구 (행정동단위) 
[구매가능 고객]교육기관(초/중/고/대학) or 교육기관에 소속된 개인(교직원, 학생) (단, 대학내 산학협력단 제외)"
37687,[Academy용][SKT]울산광역시 유동인구 (21년도),"2021년 울산광역시 전지역 유동인구 (행정동단위) 
[구매가능 고객]교육기관(초/중/고/대학) or 교육기관에 소속된 개인(교직원, 학생) (단, 대학내 산학협력단 제외)"
37686,[Academy용][SKT]울산광역시  유동인구 (20년도),"2020년 울산광역시 전지역 유동인구 (행정동단위) 
[구매가능 고객]교육기관(초/중/고/대학) or 교육기관에 소속된 개인(교직원, 학생) (단, 대학내 산학협력단 제외)"
37685,[Academy용][SKT]울산광역시 유동인구 (19년도),"2019년 울산광역시 전지역 유동인구 (행정동단위) 
[구매가능 고객]교육기관(초/중/고/대학) or 교육기관에 소속된 개인(교직원, 학생) (단, 대학내 산학협력단 제외)"
37684,[Academy용][SKT]광주광역시 유동인구 (22년도),"2022년 광주광역시 전지역 유동인구 (행정동단위) 
[구매가능 고객]교육기관(초/중/고/대학) or 교육기관에 소속된 개인(교직원, 학생) (단, 대학내 산학협력단 제외)"
37683,[Academy용][SKT]광주광역시 유동인구 (21년도),"2021년 광주광역시 전지역 유동인구 (행정동단위) 
[구매가능 고객]교육기관(초/중/고/대학) or 교육기관에 소속된 개인(교직원, 학생) (단, 대학내 산학협력단 제외)"
37682,[Academy용][SKT]광주광역시 유동인구 (20년도),"2020년 광주광역시 전지역 유동인구 (행정동단위) 
[구매가능 고객]교육기관(초/중/고/대학) or 교육기관에 소속된 개인(교직원, 학생) (단, 대학내 산학협력단 제외)"
37681,[Academy용][SKT]광주광역시 유동인구 (19년도),"2019년 광주광역시 전지역 유동인구 (행정동단위) 
[구매가능 고객]교육기관(초/중/고/대학) or 교육기관에 소속된 개인(교직원, 학생) (단, 대학내 산학협력단 제외)"
37680,[Academy용][SKT]대전광역시 유동인구 (22년도),"2022년 대전광역시 전지역 유동인구 (행정동단위) 
[구매가능 고객]교육기관(초/중/고/대학) or 교육기관에 소속된 개인(교직원, 학생) (단, 대학내 산학협력단 제외)"
37678,[Academy용][SKT]대전광역시 유동인구 (21년도),"2021년 대전광역시 전지역 유동인구 (행정동단위) 
[구매가능 고객]교육기관(초/중/고/대학) or 교육기관에 소속된 개인(교직원, 학생) (단, 대학내 산학협력단 제외)"
37677,[Academy용][SKT]대전광역시 유동인구 (20년도),"2020년 대전광역시 전지역 유동인구 (행정동단위) 
[구매가능 고객]교육기관(초/중/고/대학) or 교육기관에 소속된 개인(교직원, 학생) (단, 대학내 산학협력단 제외)"
37676,[Academy용][SKT]대전광역시 유동인구 (19년도),"2019년 대전광역시 전지역 유동인구 (행정동단위) 
[구매가능 고객]교육기관(초/중/고/대학) or 교육기관에 소속된 개인(교직원, 학생) (단, 대학내 산학협력단 제외)"
37675,[Academy용][SKT]대구광역시 유동인구 (22년도),"2022년 서울특별시 전지역 유동인구 (행정동단위) 
[구매가능 고객]교육기관(초/중/고/대학) or 교육기관에 소속된 개인(교직원, 학생) (단, 대학내 산학협력단 제외)"
37674,[Academy용][SKT]대구광역시 유동인구 (21년도),"2021년 대구광역시 전지역 유동인구 (행정동단위) 
[구매가능 고객]교육기관(초/중/고/대학) or 교육기관에 소속된 개인(교직원, 학생) (단, 대학내 산학협력단 제외)"
37673,[Academy용][SKT]대구광역시 유동인구 (20년도),"2020년 대구광역시 전지역 유동인구 (행정동단위) 
[구매가능 고객]교육기관(초/중/고/대학) or 교육기관에 소속된 개인(교직원, 학생) (단, 대학내 산학협력단 제외)"
37672,[Academy용][SKT]대구광역시 유동인구 (19년도),"2019년 대구광역시 전지역 유동인구 (행정동단위) 
[구매가능 고객]교육기관(초/중/고/대학) or 교육기관에 소속된 개인(교직원, 학생) (단, 대학내 산학협력단 제외)"
37671,[Academy용][SKT]부산광역시 유동인구 (22년도),"2022년 부산광역시 전지역 유동인구 (행정동단위) 
[구매가능 고객]교육기관(초/중/고/대학) or 교육기관에 소속된 개인(교직원, 학생) (단, 대학내 산학협력단 제외)"
37670,[Academy용][SKT]부산광역시 유동인구 (21년도),"2021년 부산광역시 전지역 유동인구 (행정동단위) 
[구매가능 고객]교육기관(초/중/고/대학) or 교육기관에 소속된 개인(교직원, 학생) (단, 대학내 산학협력단 제외)"
37669,[Academy용][SKT]부산광역시 유동인구 (20년도),"2020년 부산광역시 전지역 유동인구 (행정동단위) 
[구매가능 고객]교육기관(초/중/고/대학) or 교육기관에 소속된 개인(교직원, 학생) (단, 대학내 산학협력단 제외)"
37668,[Academy용][SKT]부산광역시 유동인구 (19년도),"2019년 부산광역시 전지역 유동인구 (행정동단위) 
[구매가능 고객]교육기관(초/중/고/대학) or 교육기관에 소속된 개인(교직원, 학생) (단, 대학내 산학협력단 제외)"
37664,[Academy용][SKT]인천광역시 유동인구 (22년도),"2022년 인천광역시 전지역 유동인구 (행정동단위) 
[구매가능 고객]교육기관(초/중/고/대학) or 교육기관에 소속된 개인(교직원, 학생) (단, 대학내 산학협력단 제외)"
37663,[Academy용][SKT]인천광역시 유동인구 (21년도),"2021년 인천광역시 전지역 유동인구 (행정동단위) 
[구매가능 고객]교육기관(초/중/고/대학) or 교육기관에 소속된 개인(교직원, 학생) (단, 대학내 산학협력단 제외)"
37662,[Academy용][SKT]인천광역시 유동인구 (20년도),"2020년 인천광역시 전지역 유동인구 (행정동단위) 
[구매가능 고객]교육기관(초/중/고/대학) or 교육기관에 소속된 개인(교직원, 학생) (단, 대학내 산학협력단 제외)"
37661,[Academy용][SKT]인천광역시 유동인구 (19년도),"2019년 인천광역시 전지역 유동인구 (행정동단위) 
[구매가능 고객]교육기관(초/중/고/대학) or 교육기관에 소속된 개인(교직원, 학생) (단, 대학내 산학협력단 제외)"
37660,[Academy용][SKT]경기도 유동인구 (22년도),"2022년 경기도 전지역 유동인구 (행정동단위) 
[구매가능 고객]교육기관(초/중/고/대학) or 교육기관에 소속된 개인(교직원, 학생) (단, 대학내 산학협력단 제외)"
37659,[Academy용][SKT]경기도 유동인구 (21년도),"2021년 경기도 전지역 유동인구 (행정동단위) 
[구매가능 고객]교육기관(초/중/고/대학) or 교육기관에 소속된 개인(교직원, 학생) (단, 대학내 산학협력단 제외)"
37658,[Academy용][SKT]경기도 유동인구 (20년도),"2020년 경기도 전지역 유동인구 (행정동단위) 
[구매가능 고객]교육기관(초/중/고/대학) or 교육기관에 소속된 개인(교직원, 학생) (단, 대학내 산학협력단 제외)"
37657,"2023년 6월 울산,양산 지역 기업 DB 데이터 ","2023년 6월 울산, 양산 지역 기업 DB 데이터 "
37656,[Academy용][SKT]경기도 유동인구 (19년도),"2019년 경기도 전지역 유동인구 (행정동단위) 
[구매가능 고객]교육기관(초/중/고/대학) or 교육기관에 소속된 개인(교직원, 학생) (단, 대학내 산학협력단 제외)"
37655,"2023년 6월 울산 현시점 공실 정보 ","2023년 6월 울산 현시점 공실 정보 "
37654,[Academy용][SKT]서울특별시 유동인구 (22년도),"2022년 서울특별시 전지역 유동인구 (행정동단위) 
[구매가능 고객]교육기관(초/중/고/대학) or 교육기관에 소속된 개인(교직원, 학생) (단, 대학내 산학협력단 제외)"
37653,[Academy용][SKT]서울특별시 유동인구 (21년도),"2021년 서울특별시 전지역 유동인구 (행정동단위) 
[구매가능 고객]교육기관(초/중/고/대학) or 교육기관에 소속된 개인(교직원, 학생) (단, 대학내 산학협력단 제외)"
37652,[Academy용][SKT]서울특별시 유동인구 (20년도),"2020년 서울특별시 전지역 유동인구 (행정동단위) 
[구매가능 고객]교육기관(초/중/고/대학) or 교육기관에 소속된 개인(교직원, 학생) (단, 대학내 산학협력단 제외)"
37651,[Academy용][SKT]서울특별시 유동인구 (19년도),"2019년 서울특별시 전지역 유동인구 (행정동단위) 
[구매가능 고객]교육기관(초/중/고/대학) or 교육기관에 소속된 개인(교직원, 학생) (단, 대학내 산학협력단 제외)"
37648,"2022년 고객과금정보 - 산업 현황 ","유형별, 업종별, 과금량(사용량)정보 "
37647,"2022년 고객과금정보 - 일반 현황","유형별, 업종별, 과금량(사용량)정보"
37646,"2022년 고객과금정보 - 주택 현황","유형별, 업종별, 과금량(사용량) 정보 "
37627,[샘플] 국가첨단전략기술 - 반도체편,"국가첨단전략기술 반도체 특허 데이터(서지사항 74개), 특허로 바로가기 및 패밀리정보가 담긴 웹버전 제공"
37626,[RAW DATA] 국가첨단전략기술 - 반도체편,"국가첨단전략기술 반도체 특허 데이터(서지사항 74개), 특허로 바로가기 및 패밀리정보가 담긴 웹버전 제공"
37625,[샘플] 국가첨단전략기술 - 디스플레이편,"국가첨단전략기술 디스플레이 특허 데이터(서지사항 74개), 특허로 바로가기 및 패밀리정보가 담긴 웹버전 제공"
37624,[RAW DATA] 국가첨단전략기술 - 디스플레이편,"국가첨단전략기술 디스플레이 특허 데이터(서지사항 74개), 특허로 바로가기 및 패밀리정보가 담긴 웹버전 제공"
37623,[샘플] 국가첨단전략기술 - 바이오편,"국가첨단전략기술 바이오 특허 데이터(서지사항 74개), 특허로 바로가기 및 패밀리정보가 담긴 웹버전 제공"
37622,[RAW DATA] 국가첨단전략기술 - 바이오편,"국가첨단전략기술 바이오 특허 데이터(서지사항 74개), 특허로 바로가기 및 패밀리정보가 담긴 웹버전 제공"
37605,[샘플] 국가첨단전략기술 - 이차전지편,"국가첨단전략기술 이차전지 특허 데이터(서지사항 74개), 특허로 바로가기 및 패밀리정보가 담긴 웹버전 제공"
37600,[RAW DATA] 국가첨단전략기술 - 이차전지편,"국가첨단전략기술 이차전지 특허 데이터(서지사항 74개), 특허로 바로가기 및 패밀리정보가 담긴 웹버전 제공"
37598,부산 경제상황 진단용 월정기 데이터 (2023.06),부산 경제 상황 진단을 위한 맞춤형 지표 정보 (2023.06)
37596,"202306 전국 행정동단위 SOHO 데이터",본 데이터는 KCB가 각 금융사들로부터 매일 수집하는 최신 금융 데이터를 공간 단위로 재가공해 월별로 제공하고 있습니다.
37595,"202306 전국 시군구단위 SOHO 데이터",본 데이터는 KCB가 각 금융사들로부터 매일 수집하는 최신 금융 데이터를 공간 단위로 재가공해 월별로 제공하고 있습니다.
37594,"202306 전국 시도단위 SOHO 데이터",본 데이터는 KCB가 각 금융사들로부터 매일 수집하는 최신 금융 데이터를 공간 단위로 재가공해 월별로 제공하고 있습니다.
37593,"202306 전국 행정동단위 하이엔드 데이터",본 데이터는 KCB가 각 금융사들로부터 매일 수집하는 최신 금융 데이터를 공간 단위로 재가공해 월별로 제공하고 있습니다.
37592,"202306 전국 시군구단위 하이엔드 데이터",본 데이터는 KCB가 각 금융사들로부터 매일 수집하는 최신 금융 데이터를 공간 단위로 재가공해 월별로 제공하고 있습니다.
37591,"202306 전국 시도단위 하이엔드 데이터",본 데이터는 KCB가 각 금융사들로부터 매일 수집하는 최신 금융 데이터를 공간 단위로 재가공해 월별로 제공하고 있습니다.
37590,"202306 전국 행정동단위 자산평가 데이터",본 데이터는 KCB가 각 금융사들로부터 매일 수집하는 최신 금융 데이터를 공간 단위로 재가공해 월별로 제공하고 있습니다.
37589,"202306 전국 시군구단위 자산평가 데이터",본 데이터는 KCB가 각 금융사들로부터 매일 수집하는 최신 금융 데이터를 공간 단위로 재가공해 월별로 제공하고 있습니다.
37588,"202306 전국 시도단위 자산평가 데이터",본 데이터는 KCB가 각 금융사들로부터 매일 수집하는 최신 금융 데이터를 공간 단위로 재가공해 월별로 제공하고 있습니다.
37587,"202306 전국 행정동단위 예금여력 데이터",본 데이터는 KCB가 각 금융사들로부터 매일 수집하는 최신 금융 데이터를 공간 단위로 재가공해 월별로 제공하고 있습니다.
37586,"202306 전국 시군구단위 예금여력 데이터",본 데이터는 KCB가 각 금융사들로부터 매일 수집하는 최신 금융 데이터를 공간 단위로 재가공해 월별로 제공하고 있습니다.
37585,"202306 전국 시도단위 예금여력 데이터",본 데이터는 KCB가 각 금융사들로부터 매일 수집하는 최신 금융 데이터를 공간 단위로 재가공해 월별로 제공하고 있습니다.
37584,"202306 전국 행정동단위 연체정보 데이터",본 데이터는 KCB가 각 금융사들로부터 매일 수집하는 최신 금융 데이터를 공간 단위로 재가공해 월별로 제공하고 있습니다.
37583,"202306 전국 시군구단위 연체정보 데이터",본 데이터는 KCB가 각 금융사들로부터 매일 수집하는 최신 금융 데이터를 공간 단위로 재가공해 월별로 제공하고 있습니다.
37582,"202306 전국 시도단위 연체정보 데이터",본 데이터는 KCB가 각 금융사들로부터 매일 수집하는 최신 금융 데이터를 공간 단위로 재가공해 월별로 제공하고 있습니다.
37581,"202306 전국 행정동단위 대출정보 데이터",본 데이터는 KCB가 각 금융사들로부터 매일 수집하는 최신 금융 데이터를 공간 단위로 재가공해 월별로 제공하고 있습니다.
37580,"202306 전국 시군구단위 대출정보 데이터",본 데이터는 KCB가 각 금융사들로부터 매일 수집하는 최신 금융 데이터를 공간 단위로 재가공해 월별로 제공하고 있습니다.
37579,"202306 전국 시도단위 대출정보 데이터",본 데이터는 KCB가 각 금융사들로부터 매일 수집하는 최신 금융 데이터를 공간 단위로 재가공해 월별로 제공하고 있습니다.
37578,"202306 전국 행정동단위 소비정보 데이터",본 데이터는 KCB가 각 금융사들로부터 매일 수집하는 최신 금융 데이터를 공간 단위로 재가공해 월별로 제공하고 있습니다.
37577,"202306 전국 시군구단위 소비정보 데이터",본 데이터는 KCB가 각 금융사들로부터 매일 수집하는 최신 금융 데이터를 공간 단위로 재가공해 월별로 제공하고 있습니다.
37576,"202306 전국 시도단위 소비정보 데이터",본 데이터는 KCB가 각 금융사들로부터 매일 수집하는 최신 금융 데이터를 공간 단위로 재가공해 월별로 제공하고 있습니다.
37575,"202306 전국 행정동단위 소득정보 데이터",본 데이터는 KCB가 각 금융사들로부터 매일 수집하는 최신 금융 데이터를 공간 단위로 재가공해 월별로 제공하고 있습니다.
37574,"202306 전국 시군구단위 소득정보 데이터",본 데이터는 KCB가 각 금융사들로부터 매일 수집하는 최신 금융 데이터를 공간 단위로 재가공해 월별로 제공하고 있습니다.
37573,"202306 전국 시도단위 소득정보 데이터",본 데이터는 KCB가 각 금융사들로부터 매일 수집하는 최신 금융 데이터를 공간 단위로 재가공해 월별로 제공하고 있습니다.
37523,[2023-08호] NH트렌드+ 기저귀편,NH트렌드+는 NH농협은행의 데이터를 통해 사회 이슈와 트렌드를 알아보는 리포트입니다.
37475,가명정보 결합을 통한 수제맥주 시장 분석 보고서,한국지능정보사회진흥원(NIA) 2022년 가명정보 활용 지원 사업을 통해 진행된 가명정보 결합데이터를 활용한 분석 예시 입니다. 
37457,품목정보DB(시각화 서비스 구현용)*,국내 기업이 보유한 품목정보 데이터(관련 시각화 서비스 구현용 데이터넷)
37456,품목정보DB(시각화 서비스 구현용),국내 기업이 보유한 품목정보 데이터(관련 시각화 서비스 구현용 데이터넷)
37455,직접생산확인기업 인증*,직접생산확인기업 인증
37454,직접생산확인기업 인증,국내 기업의 직접생산확인 인증 정보
37453,기업부설연구소 인증*,국내 기업의 기업부설연구소 인증 정보
37452,기업부설연구소 인증,국내 기업의 기업부설연구소 인증 정보
37451,법인회생/파산 정보*,"2017년 이후 대법원 법인회생 및 파산 공고게시판에 공고된 정보"
37450,법인회생/파산 정보,"2017년 이후 대법원 법인회생 및 파산 공고게시판에 공고된 정보"
37449,외부감사대상기업 감사의견*,금융감독원 DART에 공시된 외부감사대상기업의 감사의견 정보
37448,외부감사대상기업 감사의견,금융감독원 DART에 공시된 외부감사대상기업의 감사의견 정보
37447,지역/산업별 홈페이지 URL*,지역 및 산업별 기업의 홈페이지 URL 정보
37446,지역/산업별 홈페이지 URL,지역 및 산업별 기업의 홈페이지 URL 정보
37445,외국인투자기업정보*,외국인투자촉진법에 근거하여 등록된 외국인 투자기업의 정보(산업통상자원부 공개 정보)
37444,외국인투자기업정보,외국인투자촉진법에 근거하여 등록된 외국인 투자기업의 정보(산업통상자원부 공개 정보)
37396,[NH농협카드] 10월 세부 업종별 카드 이용건수 트렌드 (2018년 10월 ~ 2022년 10월),"NH농협카드, 업종, 10월, 추세, 소비, 트렌드
"
37395,[NH농협카드] 10월 세부 업종별 카드 이용금액 트렌드 (2018년 10월 ~ 2022년 10월),"10월의 세부 업종별 카드이용금액 추이를 분석할 수 있는 데이터
"
37394,[NH농협카드] 10월 시도별 업종별 카드 이용건수 트렌드 (2018년 10월 ~ 2022년 10월),"10월의 시도별 업종별 카드이용건수 추이를 분석할 수 있는 데이터
"
37393,[NH농협카드] 10월 시도별 업종별 카드 이용금액 트렌드 (2018년 10월 ~ 2022년 10월),"10월의 시도별 업종별 카드이용금액 추이를 분석할 수 있는 데이터
"
37392,[NH농협카드] 업종별 카드이용현황_2022년 10월,"2022년 10월의 업종별 카드 이용현황
"
37391,[NH농협카드] 업종별 카드이용현황_2021년 10월,"2021년 10월의 업종별 카드 이용현황
"
37390,[NH농협카드] 업종별 카드이용현황_2020년 10월,"2020년 10월의 업종별 카드 이용현황
"
37389,[NH농협카드] 업종별 카드이용현황_2019년 10월,"2019년 10월의 업종별 카드 이용현황
"
37388,[NH농협카드] 업종별 카드이용현황_2018년 10월,"2018년 10월의 업종별 카드 이용현황
"
37387,[NH농협카드] 시도별 업종별 카드이용현황_2022년 10월,"2022년 10월의 시도별 업종별 카드 이용현황
"
37386,[NH농협카드] 시도별 업종별 카드이용현황_2021년 10월,"2021년 10월의 시도별 업종별 카드 이용현황
"
37385,[NH농협카드] 시도별 업종별 카드이용현황_2020년 10월,"2020년 10월의 시도별 업종별 카드 이용현황
"
37384,[NH농협카드] 시도별 업종별 카드이용현황_2019년 10월,"2019년 10월의 시도별 업종별 카드 이용현황
"
37383,[NH농협카드] 시도별 업종별 카드이용현황_2018년 10월,"2018년 10월의 시도별 업종별 카드 이용현황
"
37364,[NH농협카드] 업종별 월별 소비 트렌드_202305_기부금,"기부금 업종의 월별, 지역(시/군/구)별 소비 트렌드를 분석할 수 있는 데이터
"
37363,[NH농협카드] 업종별 월별 소비 트렌드_202305_철학관,"철학관 업종의 월별, 지역(시/군/구)별 소비 트렌드를 분석할 수 있는 데이터
"
37362,[NH농협카드] 업종별 월별 소비 트렌드_202305_일반음식점,"일반음식점 업종의 월별, 지역(시/군/구)별 소비 트렌드를 분석할 수 있는 데이터
"
37361,[NH농협카드] 업종별 월별 소비 트렌드_202305_학원서비스,"학원서비스 업종의 월별, 지역(시/군/구)별 소비 트렌드를 분석할 수 있는 데이터
"
37360,[NH농협카드] 업종별 월별 소비 트렌드_202305_자전거판매점,"자전거판매점 업종의 월별, 지역(시/군/구)별 소비 트렌드를 분석할 수 있는 데이터
"
37359,[NH농협카드] 업종별 월별 소비 트렌드_202305_오토바이판매점,"오토바이판매점 업종의 월별, 지역(시/군/구)별 소비 트렌드를 분석할 수 있는 데이터
"
37358,[NH농협카드] 업종별 월별 소비 트렌드_202305_건강식품점,"건강식품점 업종의 월별, 지역(시/군/구)별 소비 트렌드를 분석할 수 있는 데이터
"
37357,[NH농협카드] 업종별 월별 소비 트렌드_202305_수입자동차판매점,"수입자동차판매점 업종의 월별, 지역(시/군/구)별 소비 트렌드를 분석할 수 있는 데이터
"
37356,[NH농협카드] 업종별 월별 소비 트렌드_202305_주얼리판매점,"주얼리판매점 업종의 월별, 지역(시/군/구)별 소비 트렌드를 분석할 수 있는 데이터
"
37355,[NH농협카드] 업종별 월별 소비 트렌드_202305_렌트카,"렌트카 업종의 월별, 지역(시/군/구)별 소비 트렌드를 분석할 수 있는 데이터
"
37354,[NH농협카드] 업종별 월별 소비 트렌드_202305_가발전문점,"가발전문점 업종의 월별, 지역(시/군/구)별 소비 트렌드를 분석할 수 있는 데이터
"
37353,[NH농협카드] 업종별 월별 소비 트렌드_202305_인테리어,"인테리어 업종의 월별, 지역(시/군/구)별 소비 트렌드를 분석할 수 있는 데이터
"
37352,[NH농협카드] 업종별 월별 소비 트렌드_202305_웨딩서비스,"웨딩서비스 업종의 월별, 지역(시/군/구)별 소비 트렌드를 분석할 수 있는 데이터
"
37351,[NH농협카드] 업종별 월별 소비 트렌드_202305_의류,"의류 업종의 월별, 지역(시/군/구)별 소비 트렌드를 분석할 수 있는 데이터
"
37350,[NH농협카드] 업종별 월별 소비 트렌드_202305_보험,"보험 업종의 월별, 지역(시/군/구)별 소비 트렌드를 분석할 수 있는 데이터
"
37349,[NH농협카드] 업종별 월별 소비 트렌드_202305_레저스포츠,"레저스포츠 업종의 월별, 지역(시/군/구)별 소비 트렌드를 분석할 수 있는 데이터
"
37348,[NH농협카드] 업종별 월별 소비 트렌드_202305_여행서비스,"여행서비스 업종의 월별, 지역(시/군/구)별 소비 트렌드를 분석할 수 있는 데이터
"
37347,[NH농협카드] 업종별 월별 소비 트렌드_202305_영화관,"영화관 업종의 월별, 지역(시/군/구)별 소비 트렌드를 분석할 수 있는 데이터
"
37346,[NH농협카드] 업종별 월별 소비 트렌드_202305_테니스장,"테니스장 업종의 월별, 지역(시/군/구)별 소비 트렌드를 분석할 수 있는 데이터
"
37345,[NH농협카드] 업종별 월별 소비 트렌드_202305_골프서비스,"골프서비스 업종의 월별, 지역(시/군/구)별 소비 트렌드를 분석할 수 있는 데이터
"
37344,[NH농협카드] 업종별 월별 소비 트렌드_202305_동물병원,"동물병원 업종의 월별, 지역(시/군/구)별 소비 트렌드를 분석할 수 있는 데이터
"
37343,[NH농협카드] 업종별 월별 소비 트렌드_202305_미용서비스,"미용서비스 업종의 월별, 지역(시/군/구)별 소비 트렌드를 분석할 수 있는 데이터
"
37342,[NH농협카드] 업종별 월별 소비 트렌드_202305_서점,"서점 업종의 월별, 지역(시/군/구)별 소비 트렌드를 분석할 수 있는 데이터
"
37341,[NH농협카드] 업종별 월별 소비 트렌드_202305_주류판매점,"주류판매점 업종의 월별, 지역(시/군/구)별 소비 트렌드를 분석할 수 있는 데이터
"
37340,[NH농협카드] 업종별 월별 소비 트렌드_202305_백화점,"백화점 업종의 월별, 지역(시/군/구)별 소비 트렌드를 분석할 수 있는 데이터
"
37339,[NH농협카드] 업종별 월별 소비 트렌드_202305_대형마트,"대형마트 업종의 월별, 지역(시/군/구)별 소비 트렌드를 분석할 수 있는 데이터
"
37338,[NH농협카드] 업종별 월별 소비 트렌드_202305_면세점,"면세점 업종의 월별, 지역(시/군/구)별 소비 트렌드를 분석할 수 있는 데이터
"
37337,[NH농협카드] 업종별 월별 소비 트렌드_202305_편의점,"편의점 업종의 월별, 지역(시/군/구)별 소비 트렌드를 분석할 수 있는 데이터
"
37316,[2023-07호] NH트렌드+ 우유 편,NH트렌드+는 NH농협은행의 데이터를 통해 사회 이슈와 트렌드를 알아보는 리포트입니다. 
37259,"202305 전국 직장인 점심식대 금액 평균",식신E식권을 이용하는 직장인들의 대도시별 점심 식대 소비 통계 데이터 입니다. 대도시별 직장인들의 점심 식대 사용 금액을 대략적으로 비교할 수 있습니다.
37258,직장인 점심 식대 소비 통계,"식신E식권을 이용하는 직장인들의 점심 식대 소비 통계 데이터입니다. 구별, 음식 카테고리별, 삼식별(조식, 점심, 저녁 등) 평균 이용 횟수를 확인할 수 있습니다. "
37257,"202305 맛집별 조회 통계",식신에 등록되어 있는 음식점의 사용자 조회 데이터로 인기 매장과 인기 음식 카테고리 정보를 볼 수 있습니다. 
37256,"202305 음식 메뉴 및 가격 정보",식신이 수집한 전국 음식점 POI의 메뉴판을 기반으로 한 메뉴별 가격 정보 데이터입니다.
37255,큐레이션 푸드 매거진 컨텐츠,대한민국 NO.1 맛집 서비스 식신이 주제별로 선정한 맛집을 소개하는 기획기사형 매거진 데이터입니다.
37254,식신 사용자 음식점 평가 후기,"식신 사용자가 음식점을 직접 방문해 보고 경험한 맛, 서비스 등 음식점에 대한 평가를 모은 리뷰 데이터입니다."
37253,전국 음식점 이미지,"대한민국 No.1 맛집 서비스 식신이 자체 촬영하거나, 식신 사용자가 업로드한 음식점 이미지 데이터입니다. "
37252,전국 핫플레이스 권역 정보 (폴리곤),전국 인기 지역(핫플레이스)을 권역별로 설정한 좌표 데이터입니다.
37251,"202305 전국 일반 맛집 정보",대한민국 NO.1 맛집 서비스 식신이 수집한 전국에 위치한 일반 음식점 POI 데이터입니다.
37250,"202305 전국 인기 맛집 정보",대한민국 NO.1 맛집 서비스 식신이 수집하고 관리하는 국내 인기 맛집 (핫플레이스) POI 데이터입니다.
37249,"202305 전국 BEST 맛집 정보",대한민국 NO.1 맛집 서비스 식신이 엄선한 전국 Best 맛집의 상세한 정보가 담긴 POI 데이터입니다.
37248,부산 경제상황 진단용 월정기 데이터 (2023.05),부산 경제 상황 진단을 위한 맞춤형 지표 정보 (2023.05)
37242,[모아보기] 23년 지역 주력산업 특허 데이터,"23년 지역 주력산업별 특허 데이터(서지사항 74개), 특허로 바로가기 및 패밀리정보가 담긴 웹버전 제공"
37240,"2023년 5월 울산 현시점 공실 정보 ","2023년 5월 울산 현시점 공실 정보 "
37239,"2023년 5월 울산,양산 지역 기업 DB 데이터","2023년 5월 울산, 양산 지역 기업 DB 데이터 "
37237,[샘플] 23년 지역 주력산업 특허 데이터 - 세종편,"23년 세종 지역 주력산업별 특허 데이터(서지사항 74개), 특허로 바로가기 및 패밀리정보가 담긴 웹버전 제공"
37232,[RAW DATA] 23년 지역 주력산업 특허 데이터 - 세종편,"23년 세종 지역 주력산업별 특허 데이터(서지사항 74개), 특허로 바로가기 및 패밀리정보가 담긴 웹버전 제공"
37229,[샘플] 23년 지역 주력산업 특허 데이터 - 대전편,"23년 대전 지역 주력산업별 특허 데이터(서지사항 74개), 특허로 바로가기 및 패밀리정보가 담긴 웹버전 제공"
37228,[RAW DATA] 23년 지역 주력산업 특허 데이터 - 대전편,"23년 대전 지역 주력산업별 특허 데이터(서지사항 74개), 특허로 바로가기 및 패밀리정보가 담긴 웹버전 제공"
37218,[샘플] 23년 지역 주력산업 특허 데이터 - 충청남도편,"23년 충남 지역 주력산업별 특허 데이터(서지사항 74개), 특허로 바로가기 및 패밀리정보가 담긴 웹버전 제공"
37217,[RAW DATA] 23년 지역 주력산업 특허 데이터 - 충청남도편,"23년 충남 지역 주력산업별 특허 데이터(서지사항 74개), 특허로 바로가기 및 패밀리정보가 담긴 웹버전 제공"
37216,[샘플] 23년 지역 주력산업 특허 데이터 - 충청북도편,"23년 충북 지역 주력산업별 특허 데이터(서지사항 74개), 특허로 바로가기 및 패밀리정보가 담긴 웹버전 제공
"
37215,[RAW DATA] 23년 지역 주력산업 특허 데이터 - 충청북도편,"23년 충북 지역 주력산업별 특허 데이터(서지사항 74개), 특허로 바로가기 및 패밀리정보가 담긴 웹버전 제공"
37212,[샘플] 23년 지역 주력산업 특허 데이터 - 부산편,"23년 부산 지역 주력산업별 특허 데이터(서지사항 74개), 특허로 바로가기 및 패밀리정보가 담긴 웹버전 제공"
37211,[RAW DATA] 23년 지역 주력산업 특허 데이터 - 부산편,"23년 부산 지역 주력산업별 특허 데이터(서지사항 74개), 특허로 바로가기 및 패밀리정보가 담긴 웹버전 제공"
37210,[샘플] 23년 지역 주력산업 특허 데이터 - 울산편,"23년 울산 지역 주력산업별 특허 데이터(서지사항 74개), 특허로 바로가기 및 패밀리정보가 담긴 웹버전 제공"
37209,[RAW DATA] 23년 지역 주력산업 특허 데이터 - 울산편,"23년 울산 지역 주력산업별 특허 데이터(서지사항 74개), 특허로 바로가기 및 패밀리정보가 담긴 웹버전 제공"
37208,[샘플] 23년 지역 주력산업 특허 데이터 - 대구편,"23년 대구 지역 주력산업별 특허 데이터(서지사항 74개), 특허로 바로가기 및 패밀리정보가 담긴 웹버전 제공"
37207,[RAW DATA] 23년 지역 주력산업 특허 데이터 - 대구편,"23년 대구 지역 주력산업별 특허 데이터(서지사항 74개), 특허로 바로가기 및 패밀리정보가 담긴 웹버전 제공"
37205,(NH멤버스 유통데이터) 성별 연령별 지역별 식용유상품 매출데이터,"NH멤버스 회원의 전국 하나로클럽, 하나로마트에서 발생한 품목별 매출 데이터"
37204,(NH멤버스 유통데이터) 성별 연령별 지역별 부침 튀김가루상품 매출데이터,"NH멤버스 회원의 전국 하나로클럽, 하나로마트에서 발생한 품목별 매출 데이터"
37203,(NH멤버스 유통데이터) 성별 연령별 지역별 소시지류상품 매출데이터,"NH멤버스 회원의 전국 하나로클럽, 하나로마트에서 발생한 품목별 매출 데이터"
37202,(NH멤버스 유통데이터) 성별 연령별 지역별 두부류상품 매출데이터,"NH멤버스 회원의 전국 하나로클럽, 하나로마트에서 발생한 품목별 매출 데이터"
37201,(NH멤버스 유통데이터) 성별 연령별 지역별 비스켓 쿠키상품 매출데이터,"NH멤버스 회원의 전국 하나로클럽, 하나로마트에서 발생한 품목별 매출 데이터"
37200,(NH멤버스 유통데이터) 성별 연령별 지역별 라면상품 매출데이터,"NH멤버스 회원의 전국 하나로클럽, 하나로마트에서 발생한 품목별 매출 데이터"
37199,(NH멤버스 유통데이터) 성별 연령별 지역별 맥주상품 매출데이터,"NH멤버스 회원의 전국 하나로클럽, 하나로마트에서 발생한 품목별 매출 데이터"
37198,(NH멤버스 유통데이터) 성별 연령별 지역별 소주상품 매출데이터,"NH멤버스 회원의 전국 하나로클럽, 하나로마트에서 발생한 품목별 매출 데이터"
37196,(NH멤버스 유통데이터) 성별 연령별 지역별 우유류 상품 매출데이터,"NH멤버스 회원의 전국 하나로클럽, 하나로마트에서 발생한 품목별 매출 데이터"
37195,(NH멤버스 유통데이터) 성별 연령별 지역별 커피상품 매출데이터 ,"NH멤버스 회원의 전국 하나로클럽, 하나로마트에서 발생한 품목별 매출 데이터"
37194,"202305 전국 행정동단위 SOHO 데이터",본 데이터는 KCB가 각 금융사들로부터 매일 수집하는 최신 금융 데이터를 공간 단위로 재가공해 월별로 제공하고 있습니다.
37193,"202305 전국 시군구단위 SOHO 데이터",본 데이터는 KCB가 각 금융사들로부터 매일 수집하는 최신 금융 데이터를 공간 단위로 재가공해 월별로 제공하고 있습니다.
37192,"202305 전국 시도단위 SOHO 데이터",본 데이터는 KCB가 각 금융사들로부터 매일 수집하는 최신 금융 데이터를 공간 단위로 재가공해 월별로 제공하고 있습니다.
37191,"202305 전국 행정동단위 하이엔드 데이터",본 데이터는 KCB가 각 금융사들로부터 매일 수집하는 최신 금융 데이터를 공간 단위로 재가공해 월별로 제공하고 있습니다.
37190,"202305 전국 시군구단위 하이엔드 데이터",본 데이터는 KCB가 각 금융사들로부터 매일 수집하는 최신 금융 데이터를 공간 단위로 재가공해 월별로 제공하고 있습니다.
37189,"202305 전국 시도단위 하이엔드 데이터",본 데이터는 KCB가 각 금융사들로부터 매일 수집하는 최신 금융 데이터를 공간 단위로 재가공해 월별로 제공하고 있습니다.
37188,"202305 전국 행정동단위 자산평가 데이터",본 데이터는 KCB가 각 금융사들로부터 매일 수집하는 최신 금융 데이터를 공간 단위로 재가공해 월별로 제공하고 있습니다.
37187,"202305 전국 시군구단위 자산평가 데이터",본 데이터는 KCB가 각 금융사들로부터 매일 수집하는 최신 금융 데이터를 공간 단위로 재가공해 월별로 제공하고 있습니다.
37186,"202305 전국 시도단위 자산평가 데이터",본 데이터는 KCB가 각 금융사들로부터 매일 수집하는 최신 금융 데이터를 공간 단위로 재가공해 월별로 제공하고 있습니다.
37185,"202305 전국 행정동단위 예금여력 데이터",본 데이터는 KCB가 각 금융사들로부터 매일 수집하는 최신 금융 데이터를 공간 단위로 재가공해 월별로 제공하고 있습니다.
37184,"202305 전국 시군구단위 예금여력 데이터",본 데이터는 KCB가 각 금융사들로부터 매일 수집하는 최신 금융 데이터를 공간 단위로 재가공해 월별로 제공하고 있습니다.
37183,"202305 전국 시도단위 예금여력 데이터",본 데이터는 KCB가 각 금융사들로부터 매일 수집하는 최신 금융 데이터를 공간 단위로 재가공해 월별로 제공하고 있습니다.
37182,"202305 전국 행정동단위 연체정보 데이터",본 데이터는 KCB가 각 금융사들로부터 매일 수집하는 최신 금융 데이터를 공간 단위로 재가공해 월별로 제공하고 있습니다.
37181,"202305 전국 시군구단위 연체정보 데이터",본 데이터는 KCB가 각 금융사들로부터 매일 수집하는 최신 금융 데이터를 공간 단위로 재가공해 월별로 제공하고 있습니다.
37180,"202305 전국 시도단위 연체정보 데이터",본 데이터는 KCB가 각 금융사들로부터 매일 수집하는 최신 금융 데이터를 공간 단위로 재가공해 월별로 제공하고 있습니다.
37179,"202305 전국 행정동단위 대출정보 데이터",본 데이터는 KCB가 각 금융사들로부터 매일 수집하는 최신 금융 데이터를 공간 단위로 재가공해 월별로 제공하고 있습니다.
37178,"202305 전국 시군구단위 대출정보 데이터",본 데이터는 KCB가 각 금융사들로부터 매일 수집하는 최신 금융 데이터를 공간 단위로 재가공해 월별로 제공하고 있습니다.
37177,"202305 전국 시도단위 대출정보 데이터",본 데이터는 KCB가 각 금융사들로부터 매일 수집하는 최신 금융 데이터를 공간 단위로 재가공해 월별로 제공하고 있습니다.
37176,[샘플] 23년 지역 주력산업 특허 데이터 - 강원도편,"23년 강원 지역 주력산업별 특허 데이터(서지사항 74개), 특허로 바로가기 및 패밀리정보가 담긴 웹버전 제공"
37175,[RAW DATA] 23년 지역 주력산업 특허 데이터 - 강원도편,"23년 강원 지역 주력산업별 특허 데이터(서지사항 74개), 특허로 바로가기 및 패밀리정보가 담긴 웹버전 제공"
37174,[NH농협카드] 9월 세부 업종별 카드 이용건수 트렌드 (2018년 9월 ~ 2022년 9월),"9월의 세부 업종별 카드이용건수 추이를 분석할 수 있는 데이터
"
37173,[NH농협카드] 9월 세부 업종별 카드 이용금액 트렌드 (2018년 9월 ~ 2022년 9월),"9월의 세부 업종별 카드이용금액 추이를 분석할 수 있는 데이터
"
37172,[NH농협카드] 9월 시도별 업종별 카드 이용건수 트렌드 (2018년 9월 ~ 2022년 9월),"9월의 시도별 업종별 카드이용건수 추이를 분석할 수 있는 데이터
"
37171,[NH농협카드] 9월 시도별 업종별 카드 이용금액 트렌드 (2018년 9월 ~ 2022년 9월),"9월의 시도별 업종별 카드이용금액 추이를 분석할 수 있는 데이터
"
37170,[NH농협카드] 업종별 카드이용현황_2022년 9월,"2022년 9월의 업종별 카드 이용현황
"
37169,[NH농협카드] 업종별 카드이용현황_2021년 9월,"2021년 9월의 업종별 카드 이용현황
"
37168,[NH농협카드] 업종별 카드이용현황_2020년 9월,"2020년 9월의 업종별 카드 이용현황
"
37167,[NH농협카드] 업종별 카드이용현황_2019년 9월,"2019년 9월의 업종별 카드 이용현황
"
37166,[NH농협카드] 업종별 카드이용현황_2018년 9월,"2018년 9월의 업종별 카드 이용현황
"
37165,[NH농협카드] 시도별 업종별 카드이용현황_2022년 9월,"2022년 9월의 시도별 업종별 카드 이용현황
"
37164,[NH농협카드] 시도별 업종별 카드이용현황_2021년 9월,"2021년 9월의 시도별 업종별 카드 이용현황
"
37163,[NH농협카드] 시도별 업종별 카드이용현황_2020년 9월,"2020년 9월의 시도별 업종별 카드 이용현황
"
37162,[NH농협카드] 시도별 업종별 카드이용현황_2019년 9월,"2019년 9월의 시도별 업종별 카드 이용현황

"
37161,[NH농협카드] 시도별 업종별 카드이용현황_2018년 9월,"2018년 9월의 시도별 업종별 카드 이용현황
"
37160,"202305 전국 행정동단위 소비정보 데이터",본 데이터는 KCB가 각 금융사들로부터 매일 수집하는 최신 금융 데이터를 공간 단위로 재가공해 월별로 제공하고 있습니다.
37159,"202305 전국 시군구단위 소비정보 데이터",본 데이터는 KCB가 각 금융사들로부터 매일 수집하는 최신 금융 데이터를 공간 단위로 재가공해 월별로 제공하고 있습니다.
37158,"202305 전국 시도단위 소비정보 데이터",본 데이터는 KCB가 각 금융사들로부터 매일 수집하는 최신 금융 데이터를 공간 단위로 재가공해 월별로 제공하고 있습니다.
37157,[NH농협카드] 2023년 5월 페르소나별 소비현황_농촌 지역 중장년층,"NH농협카드에서 개발한 고객 니즈 및 행동 특성 기반 Persona별로 소비현황을 분석할 수 있는 데이터
"
37156,[NH농협카드] 2023년 5월 페르소나별 소비현황_디지털 입문 중장년,"NH농협카드에서 개발한 고객 니즈 및 행동 특성 기반 Persona별로 소비현황을 분석할 수 있는 데이터
"
37155,[NH농협카드] 2023년 5월 페르소나별 소비현황_고소득 직장맘,"NH농협카드에서 개발한 고객 니즈 및 행동 특성 기반 Persona별로 소비현황을 분석할 수 있는 데이터
"
37154,[NH농협카드] 2023년 5월 페르소나별 소비현황_럭셔리 사모님,"NH농협카드에서 개발한 고객 니즈 및 행동 특성 기반 Persona별로 소비현황을 분석할 수 있는 데이터
"
37153,[NH농협카드] 2023년 5월 페르소나별 소비현황_자녀가 있는 밀레니얼 세대,"NH농협카드에서 개발한 고객 니즈 및 행동 특성 기반 Persona별로 소비현황을 분석할 수 있는 데이터
"
37152,"202305 전국 행정동단위 소득정보 데이터",본 데이터는 KCB가 각 금융사들로부터 매일 수집하는 최신 금융 데이터를 공간 단위로 재가공해 월별로 제공하고 있습니다.
37151,[NH농협카드] 2023년 5월 페르소나별 소비현황_DINK (Double Income No Kids) 족,"NH농협카드에서 개발한 고객 니즈 및 행동 특성 기반 Persona별로 소비현황을 분석할 수 있는 데이터
"
37150,[NH농협카드] 2023년 5월 페르소나별 소비현황_30대 1인 가구,"NH농협카드에서 개발한 고객 니즈 및 행동 특성 기반 Persona별로 소비현황을 분석할 수 있는 데이터
"
37149,[NH농협카드] 2023년 5월 페르소나별 소비현황_미혼 남성 그루밍족,"NH농협카드에서 개발한 고객 니즈 및 행동 특성 기반 Persona별로 소비현황을 분석할 수 있는 데이터
"
37148,[NH농협카드] 2023년 5월 페르소나별 소비현황_럭셔리 Z세대 여성,"NH농협카드에서 개발한 고객 니즈 및 행동 특성 기반 Persona별로 소비현황을 분석할 수 있는 데이터
"
37147,"202305 전국 시군구단위 소득정보 데이터",본 데이터는 KCB가 각 금융사들로부터 매일 수집하는 최신 금융 데이터를 공간 단위로 재가공해 월별로 제공하고 있습니다.
37146,"202305 전국 시도단위 소득정보 데이터",본 데이터는 KCB가 각 금융사들로부터 매일 수집하는 최신 금융 데이터를 공간 단위로 재가공해 월별로 제공하고 있습니다.
37145,[NH농협카드] 2023년 5월 페르소나별 소비현황_다양한 혜택 민감 대학생,"NH농협카드에서 개발한 고객 니즈 및 행동 특성 기반 Persona별로 소비현황을 분석할 수 있는 데이터
"
37144,[NH농협카드] 2023년 5월 페르소나별 소비현황_용돈 생활 청소년,"NH농협카드에서 개발한 고객 니즈 및 행동 특성 기반 Persona별로 소비현황을 분석할 수 있는 데이터
"
37143,[NH농협카드] 2023년 5월 페르소나별 소비현황_한번 쓴 카드는 오래 쓰는 의리파,"NH농협카드에서 개발한 고객 니즈 및 행동 특성 기반 Persona별로 소비현황을 분석할 수 있는 데이터
"
37142,[NH농협카드] 2023년 5월 페르소나별 소비현황_중장년 개인사업자,"NH농협카드에서 개발한 고객 니즈 및 행동 특성 기반 Persona별로 소비현황을 분석할 수 있는 데이터
"
37141,[NH농협카드] 2023년 5월 페르소나별 소비현황_밀레니얼 청년사업가,"NH농협카드에서 개발한 고객 니즈 및 행동 특성 기반 Persona별로 소비현황을 분석할 수 있는 데이터
"
37136,[2023-06호] NH트렌드+ 제과점 편,NH트렌드+는 NH농협은행의 데이터를 통해 사회 이슈와 트렌드를 알아보는 리포트입니다.
37131,[샘플] 23년 지역 주력산업 특허 데이터 - 경상남도편,"23년 경남 지역 주력산업별 특허 데이터(서지사항 74개), 특허로 바로가기 및 패밀리정보가 담긴 웹버전 제공"
37130,[RAW DATA] 23년 지역 주력산업 특허 데이터 - 경상남도편,"23년 경남 지역 주력산업별 특허 데이터(서지사항 74개), 특허로 바로가기 및 패밀리정보가 담긴 웹버전 제공"
37123,[샘플] 23년 지역 주력산업 특허 데이터 - 경상북도편,"23년 경상북도 지역 주력산업별 특허 데이터(서지사항 74개), 특허로 바로가기 및 패밀리정보가 담긴 웹버전 제공"
37122,[RAW DATA] 23년 지역 주력산업 특허 데이터 - 경상북도편,"23년 경북 지역 주력산업별 특허 데이터(서지사항 74개), 특허로 바로가기 및 패밀리정보가 담긴 웹버전 제공"
37121,[샘플] 23년 지역 주력산업 특허 데이터 - 전라북도편,"23년 전북 지역 주력산업별 특허 데이터(서지사항 74개), 특허로 바로가기 및 패밀리정보가 담긴 웹버전 제공"
37120,[RAW DATA] 23년 지역 주력산업 특허 데이터 - 전라북도편,"23년 전북 지역 주력산업별 특허 데이터(서지사항 74개), 특허로 바로가기 및 패밀리정보가 담긴 웹버전 제공"
37108,[샘플] 23년 지역 주력산업 특허 데이터 - 전라남도편,"23년 전남 지역 주력산업별 특허 데이터(서지사항 74개), 특허로 바로가기 및 패밀리정보가 담긴 웹버전 제공"
37107,[RAW DATA] 23년 지역 주력산업 특허 데이터 - 전라남도편,"23년 전남 지역 주력산업별 특허 데이터(서지사항 74개), 특허로 바로가기 및 패밀리정보가 담긴 웹버전 제공"
37087,[RAW DATA] 23년 지역 주력산업 특허 데이터 - 광주편,"23년 광주 지역 주력산업별 특허 데이터(서지사항 74개), 특허로 바로가기 및 패밀리정보가 담긴 웹버전 제공"
37086,[샘플] 23년 지역 주력산업 특허 데이터 - 광주편,"23년 광주 지역 주력산업별 특허 데이터(서지사항 74개), 특허로 바로가기 및 패밀리정보가 담긴 웹버전 제공"
37056,[Academy용][SKT]울산광역시 서비스인구 (존재인구) (2022년 4분기),"2022년 4분기 울산광역시 서비스인구 (=존재인구) 
[구매가능 고객]교육기관(초/중/고/대학) or 교육기관에 소속된 개인(교직원, 학생) (단, 대학내 산학협력단 제외)"
37055,[Academy용][SKT]울산광역시 서비스인구 (존재인구) (2022년 3분기),"2022년 3분기 울산광역시 존재인구 
[구매가능 고객]교육기관(초/중/고/대학) or 교육기관에 소속된 개인(교직원, 학생) (단, 대학내 산학협력단 제외)"
37054,[Academy용][SKT]울산광역시 서비스인구 (존재인구) (2022년 2분기),"2022년 2분기 울산광역시 존재인구 
[구매가능 고객]교육기관(초/중/고/대학) or 교육기관에 소속된 개인(교직원, 학생) (단, 대학내 산학협력단 제외)"
37053,[Academy용][SKT]울산광역시 서비스인구 (존재인구) (2022년 1분기),"2022년 1분기 울산광역시 존재인구 
[구매가능 고객]교육기관(초/중/고/대학) or 교육기관에 소속된 개인(교직원, 학생) (단, 대학내 산학협력단 제외)"
37052,[Academy용][SKT]울산광역시 서비스인구 (존재인구) (2021년 4분기),"2021년 4분기 울산광역시 서비스인구 (=존재인구) 
[구매가능 고객]교육기관(초/중/고/대학) or 교육기관에 소속된 개인(교직원, 학생) (단, 대학내 산학협력단 제외)"
37051,[Academy용][SKT]울산광역시 서비스인구 (존재인구) (2021년 3분기),"2021년 3분기 울산광역시 존재인구 
[구매가능 고객]교육기관(초/중/고/대학) or 교육기관에 소속된 개인(교직원, 학생) (단, 대학내 산학협력단 제외)"
37050,[Academy용][SKT]울산광역시 서비스인구 (존재인구) (2021년 2분기),"2021년 2분기 울산광역시 존재인구 
[구매가능 고객]교육기관(초/중/고/대학) or 교육기관에 소속된 개인(교직원, 학생) (단, 대학내 산학협력단 제외)"
37049,[Academy용][SKT]울산광역시 서비스인구 (존재인구) (2021년 1분기),"2021년 1분기 울산광역시 존재인구 
[구매가능 고객]교육기관(초/중/고/대학) or 교육기관에 소속된 개인(교직원, 학생) (단, 대학내 산학협력단 제외)"
37048,[Academy용][SKT]울산광역시 서비스인구 (존재인구) (2020년 4분기),"2020년 4분기 울산광역시 존재인구 
[구매가능 고객]교육기관(초/중/고/대학) or 교육기관에 소속된 개인(교직원, 학생) (단, 대학내 산학협력단 제외)"
37047,[Academy용][SKT]울산광역시 서비스인구(=존재인구) (2020년 3분기),"2020년 3분기 울산광역시 서비스인구(=존재인구) 
[구매가능 고객]교육기관(초/중/고/대학) or 교육기관에 소속된 개인(교직원, 학생) (단, 대학내 산학협력단 제외)"
37046,[Academy용][SKT]울산광역시 서비스인구 (존재인구) (2020년 2분기),"2020년 2분기 울산광역시 존재인구 
[구매가능 고객]교육기관(초/중/고/대학) or 교육기관에 소속된 개인(교직원, 학생) (단, 대학내 산학협력단 제외)"
37045,[Academy용][SKT]울산광역시 서비스인구 (존재인구) (2020년 1분기),"2020년 1분기 울산광역시 존재인구 
[구매가능 고객]교육기관(초/중/고/대학) or 교육기관에 소속된 개인(교직원, 학생) (단, 대학내 산학협력단 제외)"
37044,[Academy용][SKT]울산광역시 서비스인구 (존재인구) (2019년도),"2019년도 울산광역시 존재인구 
[구매가능 고객]교육기관(초/중/고/대학) or 교육기관에 소속된 개인(교직원, 학생) (단, 대학내 산학협력단 제외)"
37043,[Academy용][SKT]대구광역시 서비스인구 (존재인구) (2022년 4분기),"2022년 4분기 대구광역시 존재인구 
[구매가능 고객]교육기관(초/중/고/대학) or 교육기관에 소속된 개인(교직원, 학생) (단, 대학내 산학협력단 제외)"
37042,[Academy용][SKT]대구광역시 서비스인구 (존재인구) (2022년 3분기),"2022년 3분기 대구광역시 존재인구 
[구매가능 고객]교육기관(초/중/고/대학) or 교육기관에 소속된 개인(교직원, 학생) (단, 대학내 산학협력단 제외)"
37041,[NH농협카드] 2023년 4월 지역화폐 이용현황_홍천사랑,"NH농협카드에서 발급한 홍천사랑 체크카드로 충전&middot;결제된 지역화폐 이용 관련 데이터
"
37040,[Academy용][SKT]대구광역시 서비승인구(존재인구) (2022년 2분기),"2022년 2분기 대구광역시 서비스인구(=존재인구) 
[구매가능 고객]교육기관(초/중/고/대학) or 교육기관에 소속된 개인(교직원, 학생) (단, 대학내 산학협력단 제외)"
37039,[NH농협카드] 2023년 4월 지역화폐 이용현황_홍성사랑,"NH농협카드에서 발급한 홍성사랑 체크카드로 충전&middot;결제된 지역화폐 이용 관련 데이터
"
37038,[NH농협카드] 2023년 4월 지역화폐 이용현황_해남사랑,"NH농협카드에서 발급한 해남사랑 체크카드로 충전&middot;결제된 지역화폐 이용 관련 데이터
"
37037,[Academy용][SKT]대구광역시 서비스인구 (존재인구) (2022년 1분기),"2022년 1분기 대구광역시 존재인구 
[구매가능 고객]교육기관(초/중/고/대학) or 교육기관에 소속된 개인(교직원, 학생) (단, 대학내 산학협력단 제외)"
37036,[NH농협카드] 2023년 4월 지역화폐 이용현황_태안사랑,"NH농협카드에서 발급한 태안사랑 체크카드로 충전&middot;결제된 지역화폐 이용 관련 데이터
"
37035,[NH농협카드] 2023년 4월 지역화폐 이용현황_칠곡사랑,"NH농협카드에서 발급한 칠곡사랑 체크카드로 충전&middot;결제된 지역화폐 이용 관련 데이터
"
37034,[NH농협카드] 2023년 4월 지역화폐 이용현황_진천사랑,"NH농협카드에서 발급한 진천사랑 체크카드로 충전&middot;결제된 지역화폐 이용 관련 데이터
"
37033,[Academy용][SKT]대구광역시 서비스인구 (존재인구) (2021년 4분기),"2021년 4분기 대구광역시 존재인구 
[구매가능 고객]교육기관(초/중/고/대학) or 교육기관에 소속된 개인(교직원, 학생) (단, 대학내 산학협력단 제외)"
37032,[NH농협카드] 2023년 4월 지역화폐 이용현황_제천모아,"NH농협카드에서 발급한 제천모아 체크카드로 충전&middot;결제된 지역화폐 이용 관련 데이터
"
37031,[NH농협카드] 2023년 4월 지역화폐 이용현황_정읍정향누리,"NH농협카드에서 발급한 정읍정향누리 체크카드로 충전&middot;결제된 지역화폐 이용 관련 데이터
"
37030,[Academy용][SKT]대구광역시 서비스인구 (존재인구) (2021년 3분기),"2021년 3분기 대구광역시 존재인구 
[구매가능 고객]교육기관(초/중/고/대학) or 교육기관에 소속된 개인(교직원, 학생) (단, 대학내 산학협력단 제외)"
37029,[NH농협카드] 2023년 4월 지역화폐 이용현황_익산다이로움,"NH농협카드에서 발급한 익산다이로움 체크카드로 충전&middot;결제된 지역화폐 이용 관련 데이터
"
37028,[Academy용][SKT]대구광역시 서비스인구 (존재인구) (2021년 2분기),"2021년 2분기 대구광역시 존재인구 
[구매가능 고객]교육기관(초/중/고/대학) or 교육기관에 소속된 개인(교직원, 학생) (단, 대학내 산학협력단 제외)"
37027,[Academy용][SKT]대구광역시 서비스인구 (존재인구) (2021년 1분기),"2021년 1분기 대구광역시 존재인구 
[구매가능 고객]교육기관(초/중/고/대학) or 교육기관에 소속된 개인(교직원, 학생) (단, 대학내 산학협력단 제외)"
37026,[NH농협카드] 2023년 4월 지역화폐 이용현황_원주사랑,"NH농협카드에서 발급한 원주사랑 체크카드로 충전&middot;결제된 지역화폐 이용 관련 데이터
"
37025,[Academy용][SKT]대구광역시 서비스인구 (존재인구) (2020년 4분기),"2020년 4분기 대구광역시 존재인구 
[구매가능 고객]교육기관(초/중/고/대학) or 교육기관에 소속된 개인(교직원, 학생) (단, 대학내 산학협력단 제외)"
37024,[NH농협카드] 2023년 4월 지역화폐 이용현황_울산페이,"NH농협카드에서 발급한 울산페이 체크카드로 충전&middot;결제된 지역화폐 이용 관련 데이터
"
37023,[NH농협카드] 2023년 4월 지역화폐 이용현황_완도사랑,"NH농협카드에서 발급한 완도사랑 체크카드로 충전&middot;결제된 지역화폐 이용 관련 데이터
"
37022,[NH농협카드] 2023년 4월 지역화폐 이용현황_온통대전,"NH농협카드에서 발급한 온통대전 체크카드로 충전&middot;결제된 지역화폐 이용 관련 데이터
"
37021,[Academy용][SKT]대구광역시 서비스인구 (존재인구) (2020년 3분기),"2020년 3분기 대구광역시 존재인구 
[구매가능 고객]교육기관(초/중/고/대학) or 교육기관에 소속된 개인(교직원, 학생) (단, 대학내 산학협력단 제외)"
37020,[NH농협카드] 2023년 4월 지역화폐 이용현황_예산사랑,"NH농협카드에서 발급한 예산사랑 체크카드로 충전&middot;결제된 지역화폐 이용 관련 데이터
"
37019,[NH농협카드] 2023년 4월 지역화폐 이용현황_영천사랑,"NH농협카드에서 발급한 영천사랑 체크카드로 충전&middot;결제된 지역화폐 이용 관련 데이터
"
37018,[NH농협카드] 2023년 4월 지역화폐 이용현황_영주사랑,"NH농협카드에서 발급한 영주사랑 체크카드로 충전&middot;결제된 지역화폐 이용 관련 데이터
"
37017,[Academy용][SKT]대구광역시 서비스인구 (존재인구) (2020년 2분기),"2020년 2분기 대구광역시 존재인구 
[구매가능 고객]교육기관(초/중/고/대학) or 교육기관에 소속된 개인(교직원, 학생) (단, 대학내 산학협력단 제외)"
37016,[NH농협카드] 2023년 4월 지역화폐 이용현황_영암사랑,"NH농협카드에서 발급한 영암사랑 체크카드로 충전&middot;결제된 지역화폐 이용 관련 데이터
"
37015,[NH농협카드] 2023년 4월 지역화폐 이용현황_영동사랑,"NH농협카드에서 발급한 영동사랑 체크카드로 충전&middot;결제된 지역화폐 이용 관련 데이터
"
37014,[NH농협카드] 2023년 4월 지역화폐 이용현황_안동사랑,"NH농협카드에서 발급한 안동사랑 체크카드로 충전&middot;결제된 지역화폐 이용 관련 데이터
"
37013,[NH농협카드] 2023년 4월 지역화폐 이용현황_아산사랑,"NH농협카드에서 발급한 아산사랑 체크카드로 충전&middot;결제된 지역화폐 이용 관련 데이터
"
37012,[Academy용][SKT]대구광역시 서비스인구 (존재인구) (2020년 1분기),"2020년 1분기 대구광역시 존재인구 
[구매가능 고객]교육기관(초/중/고/대학) or 교육기관에 소속된 개인(교직원, 학생) (단, 대학내 산학협력단 제외)"
37011,[NH농협카드] 2023년 4월 지역화폐 이용현황_순천사랑,"NH농협카드에서 발급한 순천사랑 체크카드로 충전&middot;결제된 지역화폐 이용 관련 데이터
"
37010,[NH농협카드] 2023년 4월 지역화폐 이용현황_세종여민전,"NH농협카드에서 발급한 세종여민전 체크카드로 충전&middot;결제된 지역화폐 이용 관련 데이터
"
37009,[Academy용][SKT]대구광역시 서비스인구 (존재인구) (2019년도),"2019년도 대구광역시 서비스인구 (=존재인구) 
[구매가능 고객]교육기관(초/중/고/대학) or 교육기관에 소속된 개인(교직원, 학생) (단, 대학내 산학협력단 제외)"
37008,[NH농협카드] 2023년 4월 지역화폐 이용현황_성주사랑,"NH농협카드에서 발급한 성주사랑 체크카드로 충전&middot;결제된 지역화폐 이용 관련 데이터
"
37007,[NH농협카드] 2023년 4월 지역화폐 이용현황_섬섬여수페이,"NH농협카드에서 발급한 섬섬여수페이 체크카드로 충전&middot;결제된 지역화폐 이용 관련 데이터
"
37006,[NH농협카드] 2023년 4월 지역화폐 이용현황_서산사랑,"NH농협카드에서 발급한 서산사랑 체크카드로 충전&middot;결제된 지역화폐 이용 관련 데이터
"
37005,[NH농협카드] 2023년 4월 지역화폐 이용현황_상주화폐,"NH농협카드에서 발급한 상주화폐 체크카드로 충전&middot;결제된 지역화폐 이용 관련 데이터
"
37004,[NH농협카드] 2023년 4월 지역화폐 이용현황_부산동백전,"NH농협카드에서 발급한 부산동백전 체크카드로 충전&middot;결제된 지역화폐 이용 관련 데이터
"
37003,[Academy용][SKT]광주광역시 서비스인구(존재인구) (2022년 4분기),"2022년 4분기 광주광역시 서비스인구(=존재인구) 
[구매가능 고객]교육기관(초/중/고/대학) or 교육기관에 소속된 개인(교직원, 학생) (단, 대학내 산학협력단 제외)"
37002,[Academy용][SKT]광주광역시 서비스인구 (존재인구) (2022년 3분기),"2022년 3분기 광주광역시 존재인구 
[구매가능 고객]교육기관(초/중/고/대학) or 교육기관에 소속된 개인(교직원, 학생) (단, 대학내 산학협력단 제외)"
37001,[Academy용][SKT]광주광역시 서비스인구 (존재인구) (2022년 2분기),"2022년 2분기 광주광역시 존재인구 
[구매가능 고객]교육기관(초/중/고/대학) or 교육기관에 소속된 개인(교직원, 학생) (단, 대학내 산학협력단 제외)"
37000,[Academy용][SKT]광주광역시 서비스인구 (존재인구) (2022년 1분기),"2022년 1분기 광주광역시 존재인구 
[구매가능 고객]교육기관(초/중/고/대학) or 교육기관에 소속된 개인(교직원, 학생) (단, 대학내 산학협력단 제외)"
36999,[Academy용][SKT]광주광역시 존재인구 (2021년 4분기),"2021년 4분기 광주광역시 존재인구 
[구매가능 고객]교육기관(초/중/고/대학) or 교육기관에 소속된 개인(교직원, 학생) (단, 대학내 산학협력단 제외)"
36998,[Academy용][SKT]광주광역시 서비스인구 (존재인구) (2021년 3분기),"2021년 3분기 광주광역시 존재인구 
[구매가능 고객]교육기관(초/중/고/대학) or 교육기관에 소속된 개인(교직원, 학생) (단, 대학내 산학협력단 제외)"
36997,[Academy용][SKT]광주광역시 서비스인구 (존재인구) (2021년 2분기),"2021년 2분기 광주광역시 존재인구 
[구매가능 고객]교육기관(초/중/고/대학) or 교육기관에 소속된 개인(교직원, 학생) (단, 대학내 산학협력단 제외)"
36996,[NH농협카드] 2023년 4월 지역화폐 이용현황_보령사랑,"NH농협카드에서 발급한 보령사랑 체크카드로 충전&middot;결제된 지역화폐 이용 관련 데이터
"
36995,[Academy용][SKT]광주광역시 서비스인구 (존재인구) (2021년 1분기),"2021년 1분기 수도권(서울/경기/인천) 존재인구 
[구매가능 고객]교육기관(초/중/고/대학) or 교육기관에 소속된 개인(교직원, 학생) (단, 대학내 산학협력단 제외)"
36994,[Academy용][SKT]광주광역시 서비스인구 (존재인구) (2020년 4분기),"2020년 4분기 광주광역시 존재인구 
[구매가능 고객]교육기관(초/중/고/대학) or 교육기관에 소속된 개인(교직원, 학생) (단, 대학내 산학협력단 제외)"
36993,[Academy용][SKT]광주광역시 서비스인구 (존재인구) (2020년 3분기),"2020년 3분기 수도권(서울/경기/인천) 존재인구 
[구매가능 고객]교육기관(초/중/고/대학) or 교육기관에 소속된 개인(교직원, 학생) (단, 대학내 산학협력단 제외)"
36992,[Academy용][SKT]광주광역시 서비스인구 (존재인구) (2020년 2분기),"2020년 2분기 광주광역시 존재인구 
[구매가능 고객]교육기관(초/중/고/대학) or 교육기관에 소속된 개인(교직원, 학생) (단, 대학내 산학협력단 제외)"
36991,[2023-05호] NH트렌드+ 라면편,NH트렌드+는 NH농협은행의 데이터를 통해 사회 이슈와 트렌드를 알아보는 리포트입니다. 
36989,[Academy용][SKT]광주광역시 서비스인구 (존재인구) (2020년 1분기),"2020년 1분기 광주광역시 존재인구 
[구매가능 고객]교육기관(초/중/고/대학) or 교육기관에 소속된 개인(교직원, 학생) (단, 대학내 산학협력단 제외)"
36988,[Academy용][SKT]광주광역시 서비스인구 (존재인구) (2019년도),"2019년도 광주광역시 존재인구 
[구매가능 고객]교육기관(초/중/고/대학) or 교육기관에 소속된 개인(교직원, 학생) (단, 대학내 산학협력단 제외)"
36987,[Academy용][SKT]대전광역시 서비스인구(존재인구) (2022년 4분기),"2022년 4분기 대전광역시 서비스인구(=존재인구) 
[구매가능 고객]교육기관(초/중/고/대학) or 교육기관에 소속된 개인(교직원, 학생) (단, 대학내 산학협력단 제외)"
36986,[Academy용][SKT]대전광역시 서비스인구 (존재인구) (2022년 3분기),"2022년 3분기 대전광역시 존재인구 
[구매가능 고객]교육기관(초/중/고/대학) or 교육기관에 소속된 개인(교직원, 학생) (단, 대학내 산학협력단 제외)"
36985,[Academy용][SKT]대전광역시 존재인구 (2022년 2분기),"2022년 2분기 수도권(서울/경기/인천) 존재인구 
[구매가능 고객]교육기관(초/중/고/대학) or 교육기관에 소속된 개인(교직원, 학생) (단, 대학내 산학협력단 제외)"
36984,[Academy용][SKT]대전광역시 서비스(존재인구) (2022년 1분기),"2022년 1분기 수도권(서울/경기/인천) 존재인구 
[구매가능 고객]교육기관(초/중/고/대학) or 교육기관에 소속된 개인(교직원, 학생) (단, 대학내 산학협력단 제외)"
36983,[Academy용][SKT]대전광역시 서비스인구 (존재인구) (2021년 4분기),"2021년 4분기 대전광역시 존재인구 
[구매가능 고객]교육기관(초/중/고/대학) or 교육기관에 소속된 개인(교직원, 학생) (단, 대학내 산학협력단 제외)"
36982,[Academy용][SKT]대전광역시 서비스인구 (존재인구) (2021년 3분기),"2021년 3분기 대전광역시 존재인구 
[구매가능 고객]교육기관(초/중/고/대학) or 교육기관에 소속된 개인(교직원, 학생) (단, 대학내 산학협력단 제외)"
36981,[Academy용][SKT]대전광역시 서비스인구 (존재인구) (2021년 2분기),"2021년 2분기 대전광역시 존재인구 
[구매가능 고객]교육기관(초/중/고/대학) or 교육기관에 소속된 개인(교직원, 학생) (단, 대학내 산학협력단 제외)"
36980,[Academy용][SKT]대전광역시 서비스인구 (존재인구) (2021년 1분기),"2021년 1분기 대전광역시 존재인구 
[구매가능 고객]교육기관(초/중/고/대학) or 교육기관에 소속된 개인(교직원, 학생) (단, 대학내 산학협력단 제외)"
36978,[Academy용][SKT]대전광역시 서비스인구 (존재인구) (2020년 4분기),"2020년 4분기 대전광역시 존재인구 
[구매가능 고객]교육기관(초/중/고/대학) or 교육기관에 소속된 개인(교직원, 학생) (단, 대학내 산학협력단 제외)"
36977,[Academy용][SKT]대전광역시 서비스인구 (존재인구) (2020년 3분기),"2020년 3분기 대전광역시 존재인구 
[구매가능 고객]교육기관(초/중/고/대학) or 교육기관에 소속된 개인(교직원, 학생) (단, 대학내 산학협력단 제외)"
36976,[Academy용][SKT]대전광역시 서비스인구 (존재인구) (2020년 2분기),"2020년 2분기 대전광역시 존재인구 
[구매가능 고객]교육기관(초/중/고/대학) or 교육기관에 소속된 개인(교직원, 학생) (단, 대학내 산학협력단 제외)"
36975,[Academy용][SKT]대전광역시 서비스인구 (존재인구) (2020년 1분기),"2020년 1분기 대전광역시 존재인구 
[구매가능 고객]교육기관(초/중/고/대학) or 교육기관에 소속된 개인(교직원, 학생) (단, 대학내 산학협력단 제외)"
36974,[Academy용][SKT]대전광역시 서비스인구 (존재인구) (2019년도),"2019년도 대전광역시 존재인구 
[구매가능 고객]교육기관(초/중/고/대학) or 교육기관에 소속된 개인(교직원, 학생) (단, 대학내 산학협력단 제외)"
36972,[Academy용][SKT]부산광역시 서비스인구(존재인구) (2022년 4분기),"2022년 4분기 부산광역시 서비스인구(=존재인구) 
[구매가능 고객]교육기관(초/중/고/대학) or 교육기관에 소속된 개인(교직원, 학생) (단, 대학내 산학협력단 제외)"
36971,[Academy용][SKT]부산광역시 존재인구 (2022년 3분기),"2022년 3분기 부산광역시 존재인구 
[구매가능 고객]교육기관(초/중/고/대학) or 교육기관에 소속된 개인(교직원, 학생) (단, 대학내 산학협력단 제외)"
36970,[Academy용][SKT]부산광역시 서비스인구 (존재인구) (2022년 2분기),"2022년 2분기 부산광역시 존재인구 
[구매가능 고객]교육기관(초/중/고/대학) or 교육기관에 소속된 개인(교직원, 학생) (단, 대학내 산학협력단 제외)"
36969,[Academy용][SKT]부산광역시 존재인구 (2022년 1분기),"2022년 1분기 부산광역시 존재인구 
[구매가능 고객]교육기관(초/중/고/대학) or 교육기관에 소속된 개인(교직원, 학생) (단, 대학내 산학협력단 제외)"
36968,[Academy용][SKT]부산광역시 서비스인구 (존재인구) (2021년 4분기),"2021년 4분기 부산광역시 존재인구 
[구매가능 고객]교육기관(초/중/고/대학) or 교육기관에 소속된 개인(교직원, 학생) (단, 대학내 산학협력단 제외)"
36967,[Academy용][SKT]부산광역시 서비스인구 (존재인구) (2021년 3분기),"2021년 3분기 부산광역시 존재인구 
[구매가능 고객]교육기관(초/중/고/대학) or 교육기관에 소속된 개인(교직원, 학생) (단, 대학내 산학협력단 제외)"
36966,[Academy용][SKT]부산광역시 서비스인구 (존재인구) (2021년 2분기),"2021년 2분기 부산광역시 존재인구 
[구매가능 고객]교육기관(초/중/고/대학) or 교육기관에 소속된 개인(교직원, 학생) (단, 대학내 산학협력단 제외)"
36965,[Academy용][SKT]부산광역시 서비스인구 (존재인구) (2021년 1분기),"2021년 1분기 부산광역시 존재인구 
[구매가능 고객]교육기관(초/중/고/대학) or 교육기관에 소속된 개인(교직원, 학생) (단, 대학내 산학협력단 제외)"
36964,[Academy용][SKT]부산광역시 서비스인구(존재인구) (2020년 4분기),"2020년 4분기 부산광역시 존재인구 
[구매가능 고객]교육기관(초/중/고/대학) or 교육기관에 소속된 개인(교직원, 학생) (단, 대학내 산학협력단 제외)"
36963,[Academy용][SKT]부산광역시 서비스인구(존재인구) (2020년 3분기),"2020년 3분기 부산광역시 존재인구 
[구매가능 고객]교육기관(초/중/고/대학) or 교육기관에 소속된 개인(교직원, 학생) (단, 대학내 산학협력단 제외)"
36962,[Academy용][SKT]부산광역시 서비스인구(존재인구) (2020년 2분기),"2020년 2분기 부산광역시 존재인구 
[구매가능 고객]교육기관(초/중/고/대학) or 교육기관에 소속된 개인(교직원, 학생) (단, 대학내 산학협력단 제외)"
36961,[Academy용][SKT]부산광역시 서비스인구(존재인구) (2020년 1분기),"2020년 1분기 부산광역시 존재인구 
[구매가능 고객]교육기관(초/중/고/대학) or 교육기관에 소속된 개인(교직원, 학생) (단, 대학내 산학협력단 제외)"
36960,[Academy용][SKT]부산광역시 서비스인구(존재인구) (2019년도),"2019년도 부산광역시 서비스인구(=존재인구) 
[구매가능 고객]교육기관(초/중/고/대학) or 교육기관에 소속된 개인(교직원, 학생) (단, 대학내 산학협력단 제외)"
36959,[Academy용][SKT]수도권(서울/경기/인천) 서비스인구(존재인구) (2022년 2분기),"2022년 2분기 수도권(서울/경기/인천) 서비스인구(=존재인구) 
[구매가능 고객]교육기관(초/중/고/대학) or 교육기관에 소속된 개인(교직원, 학생) (단, 대학내 산학협력단 제외)"
36958,[Academy용][SKT]수도권(서울/경기/인천) 서비스인구(존재인구) (2019년도),"2019년도 수도권(서울/경기/인천) 존재인구 
[구매가능 고객]교육기관(초/중/고/대학) or 교육기관에 소속된 개인(교직원, 학생) (단, 대학내 산학협력단 제외)"
36956,[Academy용][SKT]수도권(서울/경기/인천) 존재인구 (2022년 4분기),"2022년 4분기 수도권(서울/경기/인천) 존재인구 
[구매가능 고객]교육기관(초/중/고/대학) or 교육기관에 소속된 개인(교직원, 학생) (단, 대학내 산학협력단 제외)"
36955,[Academy용][SKT]수도권(서울/경기/인천) 존재인구 (2022년 3분기),"2022년 3분기 수도권(서울/경기/인천) 존재인구 
[구매가능 고객]교육기관(초/중/고/대학) or 교육기관에 소속된 개인(교직원, 학생) (단, 대학내 산학협력단 제외)"
36953,[Academy용][SKT]수도권(서울/경기/인천) 존재인구 (2022년 1분기),"2022년 1분기 수도권(서울/경기/인천) 존재인구 
[구매가능 고객]교육기관(초/중/고/대학) or 교육기관에 소속된 개인(교직원, 학생) (단, 대학내 산학협력단 제외)"
36952,[Academy용][SKT]수도권(서울/경기/인천) 서비스인구(존재인구) (2021년 4분기),"2021년 4분기 수도권(서울/경기/인천) 서비스인구(=존재인구) 
[구매가능 고객]교육기관(초/중/고/대학) or 교육기관에 소속된 개인(교직원, 학생) (단, 대학내 산학협력단 제외)"
36951,[Academy용][SKT]수도권(서울/경기/인천) 존재인구 (2021년 3분기),"2021년 3분기 수도권(서울/경기/인천) 존재인구 
[구매가능 고객]교육기관(초/중/고/대학) or 교육기관에 소속된 개인(교직원, 학생) (단, 대학내 산학협력단 제외)"
36950,[Academy용][SKT]수도권(서울/경기/인천) 존재인구 (2021년 2분기),"2021년 2분기 수도권(서울/경기/인천) 존재인구 
[구매가능 고객]교육기관(초/중/고/대학) or 교육기관에 소속된 개인(교직원, 학생) (단, 대학내 산학협력단 제외)"
36949,[Academy용][SKT]수도권(서울/경기/인천) 존재인구 (2021년 1분기),"2021년 1분기 수도권(서울/경기/인천) 존재인구 
[구매가능 고객]교육기관(초/중/고/대학) or 교육기관에 소속된 개인(교직원, 학생) (단, 대학내 산학협력단 제외)"
36947,[Academy용][SKT]수도권(서울/경기/인천) 존재인구 (2020년 4분기),"2020년 4분기 수도권(서울/경기/인천) 존재인구 
[구매가능 고객]교육기관(초/중/고/대학) or 교육기관에 소속된 개인(교직원, 학생) (단, 대학내 산학협력단 제외)"
36946,[Academy용][SKT]수도권(서울/경기/인천) 서비스인구 (존재인구) (2020년 3분기),"2020년 3분기 수도권(서울/경기/인천) 서비스인구 (=존재인구) 
[구매가능 고객]교육기관(초/중/고/대학) or 교육기관에 소속된 개인(교직원, 학생) (단, 대학내 산학협력단 제외)"
36945,[Academy용][SKT]수도권(서울/경기/인천) 서비스인구 (존재인구) (2020년 2분기),"2020년 2분기 수도권(서울/경기/인천) 서비스 인구 (=존재인구) 
[구매가능 고객]교육기관(초/중/고/대학) or 교육기관에 소속된 개인(교직원, 학생) (단, 대학내 산학협력단 제외)"
36944,[Academy용][SKT]수도권(서울/경기/인천) 서비스인구 (존재인구) (2020년 1분기),"2020년 1분기 수도권(서울/경기/인천) 서비스인구(=존재인구) 
[구매가능 고객]교육기관(초/중/고/대학) or 교육기관에 소속된 개인(교직원, 학생) (단, 대학내 산학협력단 제외)"
36942,부산 경제상황 진단용 월정기 데이터 (2023.04),부산 경제 상황 진단을 위한 맞춤형 지표 정보
36940,"2023년 4월 울산,양산 지역 기업 DB 데이터","2023년 4월 울산, 양산 지역 기업 DB 데이터 "
36939,"2023년 4월 울산 현시점 공실 정보 ","2023년 4월 울산 현시점 공실 정보 "
36937,인공지능 특허 데이터,"인공지능을 주제로 핵심기술(AI학습, AI활용)로 구분된 특허 RAW DATA, 주요 5개국의 10년간 출원된 특허 데이터"
36935,"202304 전국 행정동단위 SOHO 데이터",본 데이터는 KCB가 각 금융사들로부터 매일 수집하는 최신 금융 데이터를 공간 단위로 재가공해 월별로 제공하고 있습니다.
36934,"202304 전국 시군구단위 SOHO 데이터",본 데이터는 KCB가 각 금융사들로부터 매일 수집하는 최신 금융 데이터를 공간 단위로 재가공해 월별로 제공하고 있습니다.
36933,"202304 전국 시도단위 SOHO 데이터",본 데이터는 KCB가 각 금융사들로부터 매일 수집하는 최신 금융 데이터를 공간 단위로 재가공해 월별로 제공하고 있습니다.
36932,"202304 전국 행정동단위 하이엔드 데이터",본 데이터는 KCB가 각 금융사들로부터 매일 수집하는 최신 금융 데이터를 공간 단위로 재가공해 월별로 제공하고 있습니다.
36931,"202304 전국 시군구단위 하이엔드 데이터",본 데이터는 KCB가 각 금융사들로부터 매일 수집하는 최신 금융 데이터를 공간 단위로 재가공해 월별로 제공하고 있습니다.
36930,"202304 전국 시도단위 하이엔드 데이터",본 데이터는 KCB가 각 금융사들로부터 매일 수집하는 최신 금융 데이터를 공간 단위로 재가공해 월별로 제공하고 있습니다.
36929,"202304 전국 행정동단위 자산평가 데이터",본 데이터는 KCB가 각 금융사들로부터 매일 수집하는 최신 금융 데이터를 공간 단위로 재가공해 월별로 제공하고 있습니다.
36928,"202304 전국 시군구단위 자산평가 데이터",본 데이터는 KCB가 각 금융사들로부터 매일 수집하는 최신 금융 데이터를 공간 단위로 재가공해 월별로 제공하고 있습니다.
36927,"202304 전국 시도단위 자산평가 데이터",본 데이터는 KCB가 각 금융사들로부터 매일 수집하는 최신 금융 데이터를 공간 단위로 재가공해 월별로 제공하고 있습니다.
36926,"202304 전국 행정동단위 예금여력 데이터",본 데이터는 KCB가 각 금융사들로부터 매일 수집하는 최신 금융 데이터를 공간 단위로 재가공해 월별로 제공하고 있습니다.
36925,"202304 전국 시군구단위 예금여력 데이터",본 데이터는 KCB가 각 금융사들로부터 매일 수집하는 최신 금융 데이터를 공간 단위로 재가공해 월별로 제공하고 있습니다.
36924,"202304 전국 시도단위 예금여력 데이터",본 데이터는 KCB가 각 금융사들로부터 매일 수집하는 최신 금융 데이터를 공간 단위로 재가공해 월별로 제공하고 있습니다.
36923,"202304 전국 행정동단위 연체정보 데이터",본 데이터는 KCB가 각 금융사들로부터 매일 수집하는 최신 금융 데이터를 공간 단위로 재가공해 월별로 제공하고 있습니다.
36922,"202304 전국 시군구단위 연체정보 데이터",본 데이터는 KCB가 각 금융사들로부터 매일 수집하는 최신 금융 데이터를 공간 단위로 재가공해 월별로 제공하고 있습니다.
36921,"202304 전국 시도단위 연체정보 데이터",본 데이터는 KCB가 각 금융사들로부터 매일 수집하는 최신 금융 데이터를 공간 단위로 재가공해 월별로 제공하고 있습니다.
36920,"202304 전국 행정동단위 대출정보 데이터",본 데이터는 KCB가 각 금융사들로부터 매일 수집하는 최신 금융 데이터를 공간 단위로 재가공해 월별로 제공하고 있습니다.
36919,"202304 전국 시군구단위 대출정보 데이터",본 데이터는 KCB가 각 금융사들로부터 매일 수집하는 최신 금융 데이터를 공간 단위로 재가공해 월별로 제공하고 있습니다.
36918,"202304 전국 시도단위 대출정보 데이터",본 데이터는 KCB가 각 금융사들로부터 매일 수집하는 최신 금융 데이터를 공간 단위로 재가공해 월별로 제공하고 있습니다.
36917,"202304 전국 행정동단위 소비정보 데이터",본 데이터는 KCB가 각 금융사들로부터 매일 수집하는 최신 금융 데이터를 공간 단위로 재가공해 월별로 제공하고 있습니다.
36916,"202304 전국 시군구단위 소비정보 데이터",본 데이터는 KCB가 각 금융사들로부터 매일 수집하는 최신 금융 데이터를 공간 단위로 재가공해 월별로 제공하고 있습니다.
36915,"202304 전국 시도단위 소비정보 데이터",본 데이터는 KCB가 각 금융사들로부터 매일 수집하는 최신 금융 데이터를 공간 단위로 재가공해 월별로 제공하고 있습니다.
36914,"202304 전국 행정동단위 소득정보 데이터",본 데이터는 KCB가 각 금융사들로부터 매일 수집하는 최신 금융 데이터를 공간 단위로 재가공해 월별로 제공하고 있습니다.
36913,"202304 전국 시군구단위 소득정보 데이터",본 데이터는 KCB가 각 금융사들로부터 매일 수집하는 최신 금융 데이터를 공간 단위로 재가공해 월별로 제공하고 있습니다.
36912,"202304 전국 시도단위 소득정보 데이터",본 데이터는 KCB가 각 금융사들로부터 매일 수집하는 최신 금융 데이터를 공간 단위로 재가공해 월별로 제공하고 있습니다.
36910,[2023-04호] NH트렌드+ 순천만 국제정원박람회 편,NH트렌드+는 NH농협은행의 데이터를 통해 사회 이슈와 트렌드를 알아보는 리포트입니다.
36908,NH멤버스 회원의 소비(품목) 데이터,NH멤버스 회원의 하나로마트에서 소비를 일으킨 매출내역
36842,[NH농협카드] 8월 세부 업종별 카드 이용건수 트렌드 (2018년 8월 ~ 2022년 8월),"8월의 세부 업종별 카드이용건수 추이를 분석할 수 있는 데이터
"
36841,[NH농협카드] 8월 세부 업종별 카드 이용금액 트렌드 (2018년 8월 ~ 2022년 8월),"8월의 세부 업종별 카드이용금액 추이를 분석할 수 있는 데이터
"
36840,[NH농협카드] 8월 시도별 업종별 카드 이용건수 트렌드 (2018년 8월 ~ 2022년 8월),"8월의 시도별 업종별 카드이용건수 추이를 분석할 수 있는 데이터
"
36839,[NH농협카드] 8월 시도별 업종별 카드 이용금액 트렌드 (2018년 8월 ~ 2022년 8월),"8월의 시도별 업종별 카드이용금액 추이를 분석할 수 있는 데이터
"
36838,[NH농협카드] 업종별 카드이용현황_2022년 8월,"2022년 8월의 업종별 카드 이용현황
"
36837,[NH농협카드] 업종별 카드이용현황_2021년 8월,"2021년 8월의 업종별 카드 이용현황
"
36836,[NH농협카드] 업종별 카드이용현황_2020년 8월,"2020년 8월의 업종별 카드 이용현황
"
36835,[NH농협카드] 업종별 카드이용현황_2019년 8월,"2019년 8월의 업종별 카드 이용현황
"
36834,[NH농협카드] 업종별 카드이용현황_2018년 8월,"2018년 8월의 업종별 카드 이용현황
"
36833,[NH농협카드] 시도별 업종별 카드이용현황_2022년 8월,"2022년 8월의 시도별 업종별 카드 이용현황
"
36832,[NH농협카드] 시도별 업종별 카드이용현황_2021년 8월,"2021년 8월의 시도별 업종별 카드 이용현황
"
36831,[NH농협카드] 시도별 업종별 카드이용현황_2020년 8월,"2020년 8월의 시도별 업종별 카드 이용현황
"
36830,[NH농협카드] 시도별 업종별 카드이용현황_2019년 8월,"2019년 8월의 시도별 업종별 카드 이용현황
"
36829,[NH농협카드] 시도별 업종별 카드이용현황_2018년 8월,"2018년 8월의 시도별 업종별 카드 이용현황
"
36814,[NH농협카드] 2023년 4월 지역화폐 이용현황_문경사랑,"NH농협카드에서 발급한 문경사랑 체크카드로 충전&middot;결제된 지역화폐 이용 관련 데이터
"
36813,[NH농협카드] 2023년 4월 지역화폐 이용현황_무안사랑,"NH농협카드에서 발급한 무안사랑 체크카드로 충전&middot;결제된 지역화폐 이용 관련 데이터
"
36812,[NH농협카드] 2023년 4월 지역화폐 이용현황_당진사랑,"NH농협카드에서 발급한 당진사랑 체크카드로 충전&middot;결제된 지역화폐 이용 관련 데이터
"
36811,[NH농협카드] 2023년 4월 지역화폐 이용현황_담양사랑,"NH농협카드에서 발급한 담양사랑 체크카드로 충전&middot;결제된 지역화폐 이용 관련 데이터
"
36810,[NH농협카드] 2023년 4월 지역화폐 이용현황_논산사랑,"NH농협카드에서 발급한 논산사랑 체크카드로 충전&middot;결제된 지역화폐 이용 관련 데이터
"
36809,[NH농협카드] 2023년 4월 지역화폐 이용현황_남원사랑,"NH농협카드에서 발급한 남원사랑 체크카드로 충전&middot;결제된 지역화폐 이용 관련 데이터
"
36808,[NH농협카드] 2023년 4월 지역화폐 이용현황_나주사랑,"NH농협카드에서 발급한 나주사랑 체크카드로 충전&middot;결제된 지역화폐 이용 관련 데이터
"
36807,[NH농협카드] 2023년 4월 지역화폐 이용현황_금산사랑,"NH농협카드에서 발급한 금산사랑 체크카드로 충전&middot;결제된 지역화폐 이용 관련 데이터
"
36806,[NH농협카드] 2023년 4월 지역화폐 이용현황_군산사랑,"NH농협카드에서 발급한 군산사랑 체크카드로 충전&middot;결제된 지역화폐 이용 관련 데이터
"
36805,[NH농협카드] 2023년 4월 지역화폐 이용현황_구미사랑,"NH농협카드에서 발급한 구미사랑 체크카드로 충전&middot;결제된 지역화폐 이용 관련 데이터
"
36804,[NH농협카드] 2023년 4월 지역화폐 이용현황_괴산사랑,"NH농협카드에서 발급한 괴산사랑 체크카드로 충전&middot;결제된 지역화폐 이용 관련 데이터
"
36803,[NH농협카드] 2023년 4월 시도별 업종별 소비현황_제주,"제주 거주고객의 고객 속성별, 시간대 및 이용업종별 소비현황 데이터
"
36802,[NH농협카드] 2023년 4월 시도별 업종별 소비현황_경남,"경남 거주고객의 고객 속성별, 시간대 및 이용업종별 소비현황 데이터
"
36801,[NH농협카드] 2023년 4월 시도별 업종별 소비현황_경북,"경북 거주고객의 고객 속성별, 시간대 및 이용업종별 소비현황 데이터
"
36800,[NH농협카드] 2023년 4월 시도별 업종별 소비현황_전남,"전남 거주고객의 고객 속성별, 시간대 및 이용업종별 소비현황 데이터
"
36799,[NH농협카드] 2023년 4월 시도별 업종별 소비현황_전북,"전북 거주고객의 고객 속성별, 시간대 및 이용업종별 소비현황 데이터
"
36798,[NH농협카드] 2023년 4월 시도별 업종별 소비현황_충남,"충남 거주고객의 고객 속성별, 시간대 및 이용업종별 소비현황 데이터
"
36797,[NH농협카드] 2023년 4월 시도별 업종별 소비현황_충북,"충북 거주고객의 고객 속성별, 시간대 및 이용업종별 소비현황 데이터
"
36796,[NH농협카드] 2023년 4월 시도별 업종별 소비현황_강원,"강원 거주고객의 고객 속성별, 시간대 및 이용업종별 소비현황 데이터
"
36795,[NH농협카드] 2023년 4월 시도별 업종별 소비현황_경기,"경기 거주고객의 고객 속성별, 시간대 및 이용업종별 소비현황 데이터
"
36794,[NH농협카드] 2023년 4월 시도별 업종별 소비현황_세종,"세종 거주고객의 고객 속성별, 시간대 및 이용업종별 소비현황 데이터
"
36793,[NH농협카드] 2023년 4월 시도별 업종별 소비현황_울산,"울산 거주고객의 고객 속성별, 시간대 및 이용업종별 소비현황 데이터
"
36792,[NH농협카드] 2023년 4월 시도별 업종별 소비현황_대전,"대전 거주고객의 고객 속성별, 시간대 및 이용업종별 소비현황 데이터
"
36791,[NH농협카드] 2023년 4월 시도별 업종별 소비현황_광주,"광주 거주고객의 고객 속성별, 시간대 및 이용업종별 소비현황 데이터
"
36790,[NH농협카드] 2023년 4월 시도별 업종별 소비현황_인천,"인천 거주고객의 고객 속성별, 시간대 및 이용업종별 소비현황 데이터
"
36789,[NH농협카드] 2023년 4월 시도별 업종별 소비현황_대구,"대구 거주고객의 고객 속성별, 시간대 및 이용업종별 소비현황 데이터
"
36788,[NH농협카드] 2023년 4월 시도별 업종별 소비현황_부산,"부산 거주고객의 고객 속성별, 시간대 및 이용업종별 소비현황 데이터
"
36787,[NH농협카드] 2023년 4월 시도별 업종별 소비현황_서울,"서울 거주고객의 고객 속성별, 시간대 및 이용업종별 소비현황 데이터
"
36786,[NH농협카드] 2023년 4월 성별/연령별 업종별 소비현황_60대 이상 여성,"60대 이상 여성고객의 거주지별 이용업종별 소비현황 데이터
"
36785,[NH농협카드] 2023년 4월 성별/연령별 업종별 소비현황_60대 이상 남성,"60대 이상 남성고객의 거주지별 이용업종별 소비현황 데이터
"
36784,[NH농협카드] 2023년 4월 성별/연령별 업종별 소비현황_50대 여성,"50대 여성고객의 거주지별 이용업종별 소비현황 데이터
"
36783,[NH농협카드] 2023년 4월 성별/연령별 업종별 소비현황_50대 남성,"50대 남성고객의 거주지별 이용업종별 소비현황 데이터
"
36782,[NH농협카드] 2023년 4월 성별/연령별 업종별 소비현황_40대 여성,"40대 여성고객의 거주지별 이용업종별 소비현황 데이터
"
36781,[NH농협카드] 2023년 4월 성별/연령별 업종별 소비현황_40대 남성,"40대 남성고객의 거주지별 이용업종별 소비현황 데이터
"
36780,[NH농협카드] 2023년 4월 성별/연령별 업종별 소비현황_30대 여성,"30대 여성고객의 거주지별 이용업종별 소비현황 데이터
"
36779,[NH농협카드] 2023년 4월 성별/연령별 업종별 소비현황_30대 남성,"30대 남성고객의 거주지별 이용업종별 소비현황 데이터
"
36778,[NH농협카드] 2023년 4월 성별/연령별 업종별 소비현황_20대 여성,"20대 여성고객의 거주지별 이용업종별 소비현황 데이터
"
36777,[NH농협카드] 2023년 4월 성별/연령별 업종별 소비현황_20대 남성,"20대 남성고객의 거주지별 이용업종별 소비현황 데이터
"
36776,[NH농협카드] 2023년 4월 성별/연령별 업종별 소비현황_10대 이하 여성,"10대 이하 여성고객의 거주지별 이용업종별 소비현황 데이터
"
36775,[NH농협카드] 2023년 4월 성별/연령별 업종별 소비현황_10대 이하 남성,"10대 이하 남성고객의 거주지별 이용업종별 소비현황 데이터
"
36774,"2023년 연체/미납정보 - 양산 ","고객 유형, 지역별 연체, 미납 정보 "
36773,"2023년 연체/미납정보 - 울산 울주군 ","고객 유형, 지역별 연체, 미납 정보 "
36772,"2023년 연체/미납정보 - 울산 중구 ","고객유형, 지역별 연체, 미납 정보 "
36771,"2023년 연체/미납정보 - 울산 북구 ","고객 유형, 지역별 연체, 미납 정보 "
36770,"2023년 연체/미납정보 - 울산 동구 ","고객 유형, 지역별 연체, 미납 정보 "
36769,"2023년 연체/미납정보 - 울산 남구 ","고객유형, 지역별 연체, 미납 정보 "
36768,"202303 전국 행정동단위 SOHO 데이터",본 데이터는 KCB가 각 금융사들로부터 매일 수집하는 최신 금융 데이터를 공간 단위로 재가공해 월별로 제공하고 있습니다.
36767,"202303 전국 시군구단위 SOHO 데이터",본 데이터는 KCB가 각 금융사들로부터 매일 수집하는 최신 금융 데이터를 공간 단위로 재가공해 월별로 제공하고 있습니다.
36766,"202303 전국 시도단위 SOHO 데이터",본 데이터는 KCB가 각 금융사들로부터 매일 수집하는 최신 금융 데이터를 공간 단위로 재가공해 월별로 제공하고 있습니다.
36765,"202303 전국 행정동단위 하이엔드 데이터",본 데이터는 KCB가 각 금융사들로부터 매일 수집하는 최신 금융 데이터를 공간 단위로 재가공해 월별로 제공하고 있습니다.
36764,"202303 전국 시군구단위 하이엔드 데이터",본 데이터는 KCB가 각 금융사들로부터 매일 수집하는 최신 금융 데이터를 공간 단위로 재가공해 월별로 제공하고 있습니다.
36763,"202303 전국 시도단위 하이엔드 데이터",본 데이터는 KCB가 각 금융사들로부터 매일 수집하는 최신 금융 데이터를 공간 단위로 재가공해 월별로 제공하고 있습니다.
36761,[2023-03호] NH트렌드+ 골프장 편,NH트렌드+는 NH농협은행의 데이터를 통해 사회 이슈와 트렌드를 알아보는 리포트입니다.
36760,"202303 전국 행정동단위 자산평가 데이터",본 데이터는 KCB가 각 금융사들로부터 매일 수집하는 최신 금융 데이터를 공간 단위로 재가공해 월별로 제공하고 있습니다.
36759,"202303 전국 시군구단위 자산평가 데이터",본 데이터는 KCB가 각 금융사들로부터 매일 수집하는 최신 금융 데이터를 공간 단위로 재가공해 월별로 제공하고 있습니다.
36758,"202303 전국 시도단위 자산평가 데이터",본 데이터는 KCB가 각 금융사들로부터 매일 수집하는 최신 금융 데이터를 공간 단위로 재가공해 월별로 제공하고 있습니다.
36757,"202303 전국 행정동단위 예금여력 데이터",본 데이터는 KCB가 각 금융사들로부터 매일 수집하는 최신 금융 데이터를 공간 단위로 재가공해 월별로 제공하고 있습니다.
36756,"202303 전국 시군구단위 예금여력 데이터",본 데이터는 KCB가 각 금융사들로부터 매일 수집하는 최신 금융 데이터를 공간 단위로 재가공해 월별로 제공하고 있습니다.
36755,"202303 전국 시도단위 예금여력 데이터",본 데이터는 KCB가 각 금융사들로부터 매일 수집하는 최신 금융 데이터를 공간 단위로 재가공해 월별로 제공하고 있습니다.
36754,"202303 전국 행정동단위 연체정보 데이터",본 데이터는 KCB가 각 금융사들로부터 매일 수집하는 최신 금융 데이터를 공간 단위로 재가공해 월별로 제공하고 있습니다.
36753,"202303 전국 시군구단위 연체정보 데이터",본 데이터는 KCB가 각 금융사들로부터 매일 수집하는 최신 금융 데이터를 공간 단위로 재가공해 월별로 제공하고 있습니다.
36752,"202303 전국 시도단위 연체정보 데이터",본 데이터는 KCB가 각 금융사들로부터 매일 수집하는 최신 금융 데이터를 공간 단위로 재가공해 월별로 제공하고 있습니다.
36751,"202303 전국 행정동단위 대출정보 데이터",본 데이터는 KCB가 각 금융사들로부터 매일 수집하는 최신 금융 데이터를 공간 단위로 재가공해 월별로 제공하고 있습니다.
36750,"202303 전국 시군구단위 대출정보 데이터",본 데이터는 KCB가 각 금융사들로부터 매일 수집하는 최신 금융 데이터를 공간 단위로 재가공해 월별로 제공하고 있습니다.
36749,"202303 전국 시도단위 대출정보 데이터",본 데이터는 KCB가 각 금융사들로부터 매일 수집하는 최신 금융 데이터를 공간 단위로 재가공해 월별로 제공하고 있습니다.
36748,"202303 전국 행정동단위 소비정보 데이터",본 데이터는 KCB가 각 금융사들로부터 매일 수집하는 최신 금융 데이터를 공간 단위로 재가공해 월별로 제공하고 있습니다.
36747,"202303 전국 시군구단위 소비정보 데이터",본 데이터는 KCB가 각 금융사들로부터 매일 수집하는 최신 금융 데이터를 공간 단위로 재가공해 월별로 제공하고 있습니다.
36746,"202303 전국 시도단위 소비정보 데이터",본 데이터는 KCB가 각 금융사들로부터 매일 수집하는 최신 금융 데이터를 공간 단위로 재가공해 월별로 제공하고 있습니다.
36745,"202303 전국 행정동단위 소득정보 데이터",본 데이터는 KCB가 각 금융사들로부터 매일 수집하는 최신 금융 데이터를 공간 단위로 재가공해 월별로 제공하고 있습니다.
36744,"202303 전국 시군구단위 소득정보 데이터",본 데이터는 KCB가 각 금융사들로부터 매일 수집하는 최신 금융 데이터를 공간 단위로 재가공해 월별로 제공하고 있습니다.
36743,"202303 전국 시도단위 소득정보 데이터",본 데이터는 KCB가 각 금융사들로부터 매일 수집하는 최신 금융 데이터를 공간 단위로 재가공해 월별로 제공하고 있습니다.
36739,"2023년 연체/미납정보 - 산업 현황 ","고객 유형, 지역별 연체, 미납 정보 "
36738,"2023년 연체/미납정보 - 일반 현황 ","고객 유형, 지역별 연체, 미납 정보 "
36737,"2023년 연체/미납정보 - 주택 현황 ","고객 유형, 지역별 연체, 미납 정보 "
36736,유플러스 웹/앱 이용 행태,"미디어/건강/온라인 관련 관심사 등급에 따른, 8개 카테고리 Top20 웹/앱에 대한 이용행태
"
36735,유플러스 웹/앱 이용 인구,"특정 웹앱(사이트) 이용 고객에 대한 거주지 분포 및 타 웹앱 이용 현황을 카테고리별로 제공
"
36734,유플러스 출발/도착 인구,"1시간 단위로 출발/도착하는 이동 통행량. 방문인구의 출발지가 거주지로 고정되어 있다면,&nbsp;출발지가 현 위치이므로 더 넓은 의미의 방문인구라고 볼 수 있음
"
36733,유플러스 지하철 이용인구,"지하철역/출구별로 추정한 지하철 이용객 수
"
36732,유플러스 방문인구 가구특성,"가구유형별 방문인구 수
"
36731,유플러스 유입유출인구,거주 또는 근무 등으로 정기적 체류하지 않는 지역에 30분 이상 체류 중인 인구(정기적으로 방문하는 직원이나 거주하는 사람 제외한 비정기 방문)
36730,유플러스 거주/학생/직장 인구,"일별/시간대별 셀단위의 거주인구 집계로 행정안전부 주민등록인구(월별, 행정동 단위)보다 정교한 현재 위치 기반의 거주인구를 나타냅니다
현재셀 기준으로 거주자인지, 학생/직장인인지를 판단하여 Count합니다
"
36729,기술이전을 위한 ESG 특허 데이터 - 기후변화대응편,"국내 한정 10년간 출원된 특허 데이터 입니다. 윕스 AI 자동분류 시스템을 사용하여 핵심기술별로 구분하여, 특허(기술) 및 동향 분석에 용이합니다."
36714,[NH농협카드] 소득구간별 업종별 소비현황_202302_월소득 400만원대 60대이상 여성,"월소득 400만원대 60대이상 여성의 시간대별, 주중/주말별, 거주지별, 소비 업종 및 지역별 카드 이용 현황을 분석할 수 있는 데이터
"
36713,[NH농협카드] 소득구간별 업종별 소비현황_202302_월소득 400만원대 60대이상 남성,"월소득 400만원대 60대이상 남성의 시간대별, 주중/주말별, 거주지별, 소비 업종 및 지역별 카드 이용 현황을 분석할 수 있는 데이터
"
36712,[NH농협카드] 소득구간별 업종별 소비현황_202302_월소득 400만원대 50대 여성,"월소득 400만원대 50대 여성의 시간대별, 주중/주말별, 거주지별, 소비 업종 및 지역별 카드 이용 현황을 분석할 수 있는 데이터
"
36711,[NH농협카드] 소득구간별 업종별 소비현황_202302_월소득 400만원대 50대 남성,"월소득 400만원대 50대 남성의 시간대별, 주중/주말별, 거주지별, 소비 업종 및 지역별 카드 이용 현황을 분석할 수 있는 데이터
"
36710,[NH농협카드] 소득구간별 업종별 소비현황_202302_월소득 400만원대 40대 여성,"월소득 400만원대 40대 여성의 시간대별, 주중/주말별, 거주지별, 소비 업종 및 지역별 카드 이용 현황을 분석할 수 있는 데이터
"
36709,[NH농협카드] 소득구간별 업종별 소비현황_202302_월소득 400만원대 40대 남성,"월소득 400만원대 40대 남성의 시간대별, 주중/주말별, 거주지별, 소비 업종 및 지역별 카드 이용 현황을 분석할 수 있는 데이터
"
36708,[NH농협카드] 소득구간별 업종별 소비현황_202302_월소득 400만원대 30대 여성,"월소득 400만원대 30대 여성의 시간대별, 주중/주말별, 거주지별, 소비 업종 및 지역별 카드 이용 현황을 분석할 수 있는 데이터
"
36707,[NH농협카드] 소득구간별 업종별 소비현황_202302_월소득 400만원대 30대 남성,"월소득 400만원대 30대 남성의 시간대별, 주중/주말별, 거주지별, 소비 업종 및 지역별 카드 이용 현황을 분석할 수 있는 데이터
"
36706,[NH농협카드] 소득구간별 업종별 소비현황_202302_월소득 400만원대 20대 여성,"월소득 400만원대 20대 여성의 시간대별, 주중/주말별, 거주지별, 소비 업종 및 지역별 카드 이용 현황을 분석할 수 있는 데이터
"
36705,[NH농협카드] 소득구간별 업종별 소비현황_202302_월소득 400만원대 20대 남성,"월소득 400만원대 20대 남성의 시간대별, 주중/주말별, 거주지별, 소비 업종 및 지역별 카드 이용 현황을 분석할 수 있는 데이터
"
36704,[NH농협카드] 소득구간별 업종별 소비현황_202302_월소득 300만원대 60대이상 여성,"월소득 300만원대 60대이상 여성의 시간대별, 주중/주말별, 거주지별, 소비 업종 및 지역별 카드 이용 현황을 분석할 수 있는 데이터
"
36703,[NH농협카드] 소득구간별 업종별 소비현황_202302_월소득 300만원대 60대이상 남성,"월소득 300만원대 60대이상 남성의 시간대별, 주중/주말별, 거주지별, 소비 업종 및 지역별 카드 이용 현황을 분석할 수 있는 데이터
"
36702,[NH농협카드] 소득구간별 업종별 소비현황_202302_월소득 300만원대 50대 여성,"월소득 300만원대 50대 여성의 시간대별, 주중/주말별, 거주지별, 소비 업종 및 지역별 카드 이용 현황을 분석할 수 있는 데이터
"
36701,[NH농협카드] 소득구간별 업종별 소비현황_202302_월소득 300만원대 50대 남성,"월소득 300만원대 50대 남성의 시간대별, 주중/주말별, 거주지별, 소비 업종 및 지역별 카드 이용 현황을 분석할 수 있는 데이터
"
36700,[NH농협카드] 소득구간별 업종별 소비현황_202302_월소득 300만원대 40대 여성,"월소득 300만원대 40대 여성의 시간대별, 주중/주말별, 거주지별, 소비 업종 및 지역별 카드 이용 현황을 분석할 수 있는 데이터
"
36699,[NH농협카드] 소득구간별 업종별 소비현황_202302_월소득 300만원대 40대 남성,"월소득 300만원대 40대 남성의 시간대별, 주중/주말별, 거주지별, 소비 업종 및 지역별 카드 이용 현황을 분석할 수 있는 데이터
"
36698,[NH농협카드] 소득구간별 업종별 소비현황_202302_월소득 300만원대 30대 여성,"월소득 300만원대 30대 여성의 시간대별, 주중/주말별, 거주지별, 소비 업종 및 지역별 카드 이용 현황을 분석할 수 있는 데이터
"
36697,[NH농협카드] 소득구간별 업종별 소비현황_202302_월소득 300만원대 30대 남성,"월소득 300만원대 30대 남성의 시간대별, 주중/주말별, 거주지별, 소비 업종 및 지역별 카드 이용 현황을 분석할 수 있는 데이터
"
36696,[NH농협카드] 소득구간별 업종별 소비현황_202302_월소득 300만원대 20대 여성,"월소득 300만원대 20대 여성의 시간대별, 주중/주말별, 거주지별, 소비 업종 및 지역별 카드 이용 현황을 분석할 수 있는 데이터
"
36695,[NH농협카드] 소득구간별 업종별 소비현황_202302_월소득 300만원대 20대 남성,"월소득 300만원대 20대 남성의 시간대별, 주중/주말별, 거주지별, 소비 업종 및 지역별 카드 이용 현황을 분석할 수 있는 데이터
"
36694,[NH농협카드] 소득구간별 업종별 소비현황_202302_월소득 200만원대 60대이상 여성,"월소득 200만원대 60대이상 여성의 시간대별, 주중/주말별, 거주지별, 소비 업종 및 지역별 카드 이용 현황을 분석할 수 있는 데이터
"
36693,[NH농협카드] 소득구간별 업종별 소비현황_202302_월소득 200만원대 60대이상 남성,"월소득 200만원대 60대이상 남성의 시간대별, 주중/주말별, 거주지별, 소비 업종 및 지역별 카드 이용 현황을 분석할 수 있는 데이터
"
36692,[NH농협카드] 소득구간별 업종별 소비현황_202302_월소득 200만원대 50대 여성,"월소득 200만원대 50대 여성의 시간대별, 주중/주말별, 거주지별, 소비 업종 및 지역별 카드 이용 현황을 분석할 수 있는 데이터
"
36691,[NH농협카드] 소득구간별 업종별 소비현황_202302_월소득 200만원대 50대 남성,"월소득 200만원대 50대 남성의 시간대별, 주중/주말별, 거주지별, 소비 업종 및 지역별 카드 이용 현황을 분석할 수 있는 데이터
"
36690,[NH농협카드] 소득구간별 업종별 소비현황_202302_월소득 200만원대 40대 여성,"월소득 200만원대 40대 여성의 시간대별, 주중/주말별, 거주지별, 소비 업종 및 지역별 카드 이용 현황을 분석할 수 있는 데이터
"
36689,[NH농협카드] 소득구간별 업종별 소비현황_202302_월소득 200만원대 40대 남성,"월소득 200만원대 40대 남성의 시간대별, 주중/주말별, 거주지별, 소비 업종 및 지역별 카드 이용 현황을 분석할 수 있는 데이터
"
36688,[NH농협카드] 소득구간별 업종별 소비현황_202302_월소득 200만원대 30대 여성,"월소득 200만원대 30대 여성의 시간대별, 주중/주말별, 거주지별, 소비 업종 및 지역별 카드 이용 현황을 분석할 수 있는 데이터
"
36687,[NH농협카드] 소득구간별 업종별 소비현황_202302_월소득 200만원대 30대 남성,"월소득 200만원대 30대 남성의 시간대별, 주중/주말별, 거주지별, 소비 업종 및 지역별 카드 이용 현황을 분석할 수 있는 데이터
"
36686,[NH농협카드] 소득구간별 업종별 소비현황_202302_월소득 200만원대 20대 여성,"월소득 200만원대 20대 여성의 시간대별, 주중/주말별, 거주지별, 소비 업종 및 지역별 카드 이용 현황을 분석할 수 있는 데이터
"
36685,[NH농협카드] 소득구간별 업종별 소비현황_202302_월소득 200만원대 20대 남성,"월소득 200만원대 20대 남성의 시간대별, 주중/주말별, 거주지별, 소비 업종 및 지역별 카드 이용 현황을 분석할 수 있는 데이터
"
36684,[NH농협카드] 소득구간별 업종별 소비현황_202302_월소득 100만원대 60대이상 여성,"월소득 100만원대 60대이상 여성의 시간대별, 주중/주말별, 거주지별, 소비 업종 및 지역별 카드 이용 현황을 분석할 수 있는 데이터
"
36683,[NH농협카드] 소득구간별 업종별 소비현황_202302_월소득 100만원대 60대이상 남성,"월소득 100만원대 60대이상 남성의 시간대별, 주중/주말별, 거주지별, 소비 업종 및 지역별 카드 이용 현황을 분석할 수 있는 데이터
"
36682,[NH농협카드] 소득구간별 업종별 소비현황_202302_월소득 100만원대 50대 여성,"월소득 100만원대 50대 여성의 시간대별, 주중/주말별, 거주지별, 소비 업종 및 지역별 카드 이용 현황을 분석할 수 있는 데이터
"
36681,[NH농협카드] 소득구간별 업종별 소비현황_202302_월소득 100만원대 50대 남성,"월소득 100만원대 50대 남성의 시간대별, 주중/주말별, 거주지별, 소비 업종 및 지역별 카드 이용 현황을 분석할 수 있는 데이터
"
36680,[NH농협카드] 소득구간별 업종별 소비현황_202302_월소득 100만원대 40대 여성,"월소득 100만원대 40대 여성의 시간대별, 주중/주말별, 거주지별, 소비 업종 및 지역별 카드 이용 현황을 분석할 수 있는 데이터
"
36679,[NH농협카드] 소득구간별 업종별 소비현황_202302_월소득 100만원대 40대 남성,"월소득 100만원대 40대 남성의 시간대별, 주중/주말별, 거주지별, 소비 업종 및 지역별 카드 이용 현황을 분석할 수 있는 데이터
"
36678,[NH농협카드] 소득구간별 업종별 소비현황_202302_월소득 100만원대 30대 여성,"월소득 100만원대 30대 여성의 시간대별, 주중/주말별, 거주지별, 소비 업종 및 지역별 카드 이용 현황을 분석할 수 있는 데이터
"
36677,[NH농협카드] 소득구간별 업종별 소비현황_202302_월소득 100만원대 30대 남성,"월소득 100만원대 30대 남성의 시간대별, 주중/주말별, 거주지별, 소비 업종 및 지역별 카드 이용 현황을 분석할 수 있는 데이터
"
36676,[NH농협카드] 소득구간별 업종별 소비현황_202302_월소득 100만원대 20대 여성,"월소득 100만원대 20대 여성의 시간대별, 주중/주말별, 거주지별, 소비 업종 및 지역별 카드 이용 현황을 분석할 수 있는 데이터
"
36675,[NH농협카드] 소득구간별 업종별 소비현황_202302_월소득 100만원대 20대 남성,"월소득 100만원대 20대 남성의 시간대별, 주중/주말별, 거주지별, 소비 업종 및 지역별 카드 이용 현황을 분석할 수 있는 데이터
"
36674,"2023년 3월 울산,양산 지역 기업 DB 데이터","2023년 3월 울산,양산 지역 기업 DB 데이터 "
36673,"2023년 3월 울산 현시점 공실 정보","2023년 3월 울산 현시점 공실 정보 "
36672,부산 경제상황 진단용 월정기 데이터 (2023.03),부산 경제 상황 진단을 위한 맞춤형 지표 정보
36671,[2023-02호] NH트렌드+ 스타벅스 편,NH트렌드+는 NH농협은행의 데이터를 통해 사회 이슈와 트렌드를 알아보는 리포트입니다.
36669,[NH농협카드] 7월 세부 업종별 카드 이용건수 트렌드 (2018년 7월 ~ 2022년 7월),"7월의 세부 업종별 카드이용건수 추이를 분석할 수 있는 데이터
"
36668,[NH농협카드] 7월 세부 업종별 카드 이용금액 트렌드 (2018년 7월 ~ 2022년 7월),"7월의 세부 업종별 카드이용금액 추이를 분석할 수 있는 데이터
"
36667,[NH농협카드] 7월 시도별 업종별 카드 이용건수 트렌드 (2018년 7월 ~ 2022년 7월),"7월의 시도별 업종별 카드이용건수 추이를 분석할 수 있는 데이터

"
36666,[NH농협카드] 7월 시도별 업종별 카드 이용금액 트렌드 (2018년 7월 ~ 2022년 7월),"7월의 시도별 업종별 카드이용금액 추이를 분석할 수 있는 데이터

"
36665,[NH농협카드] 업종별 카드이용현황_2022년 7월,"2022년 7월의 업종별 카드 이용현황
"
36664,[NH농협카드] 업종별 카드이용현황_2021년 7월,"2021년 7월의 업종별 카드 이용현황
"
36663,[NH농협카드] 업종별 카드이용현황_2020년 7월,"2020년 7월의 업종별 카드 이용현황
"
36662,[NH농협카드] 업종별 카드이용현황_2019년 7월,"2019년 7월의 업종별 카드 이용현황
"
36661,[NH농협카드] 업종별 카드이용현황_2018년 7월,"2018년 7월의 업종별 카드 이용현황
"
36660,[NH농협카드] 시도별 업종별 카드이용현황_2022년 7월,"2022년 7월의 시도별 업종별 카드 이용현황
"
36659,[NH농협카드] 시도별 업종별 카드이용현황_2021년 7월,"2021년 7월의 시도별 업종별 카드 이용현황
"
36658,[NH농협카드] 시도별 업종별 카드이용현황_2020년 7월,"2020년 7월의 시도별 업종별 카드 이용현황
"
36657,[NH농협카드] 시도별 업종별 카드이용현황_2019년 7월,"2019년 7월의 시도별 업종별 카드 이용현황
"
36656,[NH농협카드] 시도별 업종별 카드이용현황_2018년 7월,"2018년 7월의 시도별 업종별 카드 이용현황
"
36655,"앞으로 1년, 고객들이 생각하는 패션 소비 전망!!",쇼핑 트렌드 
36654,"202302 전국 행정동단위 SOHO 데이터",본 데이터는 KCB가 각 금융사들로부터 매일 수집하는 최신 금융 데이터를 공간 단위로 재가공해 월별로 제공하고 있습니다.
36653,"202302 전국 시군구단위 SOHO 데이터",본 데이터는 KCB가 각 금융사들로부터 매일 수집하는 최신 금융 데이터를 공간 단위로 재가공해 월별로 제공하고 있습니다.
36652,"202302 전국 시도단위 SOHO 데이터",본 데이터는 KCB가 각 금융사들로부터 매일 수집하는 최신 금융 데이터를 공간 단위로 재가공해 월별로 제공하고 있습니다.
36651,"202302 전국 행정동단위 하이엔드 데이터",본 데이터는 KCB가 각 금융사들로부터 매일 수집하는 최신 금융 데이터를 공간 단위로 재가공해 월별로 제공하고 있습니다.
36650,"202302 전국 시군구단위 하이엔드 데이터",본 데이터는 KCB가 각 금융사들로부터 매일 수집하는 최신 금융 데이터를 공간 단위로 재가공해 월별로 제공하고 있습니다.
36649,"202302 전국 시도단위 하이엔드 데이터",본 데이터는 KCB가 각 금융사들로부터 매일 수집하는 최신 금융 데이터를 공간 단위로 재가공해 월별로 제공하고 있습니다.
36648,"202302 전국 행정동단위 자산평가 데이터",본 데이터는 KCB가 각 금융사들로부터 매일 수집하는 최신 금융 데이터를 공간 단위로 재가공해 월별로 제공하고 있습니다.
36647,"202302 전국 시군구단위 자산평가 데이터",본 데이터는 KCB가 각 금융사들로부터 매일 수집하는 최신 금융 데이터를 공간 단위로 재가공해 월별로 제공하고 있습니다.
36646,"202302 전국 시도단위 자산평가 데이터",본 데이터는 KCB가 각 금융사들로부터 매일 수집하는 최신 금융 데이터를 공간 단위로 재가공해 월별로 제공하고 있습니다.
36645,"202302 전국 행정동단위 예금여력 데이터",본 데이터는 KCB가 각 금융사들로부터 매일 수집하는 최신 금융 데이터를 공간 단위로 재가공해 월별로 제공하고 있습니다.
36644,"202302 전국 시군구단위 예금여력 데이터",본 데이터는 KCB가 각 금융사들로부터 매일 수집하는 최신 금융 데이터를 공간 단위로 재가공해 월별로 제공하고 있습니다.
36643,"202302 전국 시도단위 예금여력 데이터",본 데이터는 KCB가 각 금융사들로부터 매일 수집하는 최신 금융 데이터를 공간 단위로 재가공해 월별로 제공하고 있습니다.
36642,"202302 전국 행정동단위 연체정보 데이터",본 데이터는 KCB가 각 금융사들로부터 매일 수집하는 최신 금융 데이터를 공간 단위로 재가공해 월별로 제공하고 있습니다.
36641,"202302 전국 시군구단위 연체정보 데이터",본 데이터는 KCB가 각 금융사들로부터 매일 수집하는 최신 금융 데이터를 공간 단위로 재가공해 월별로 제공하고 있습니다.
36640,"202302 전국 시도단위 연체정보 데이터",본 데이터는 KCB가 각 금융사들로부터 매일 수집하는 최신 금융 데이터를 공간 단위로 재가공해 월별로 제공하고 있습니다.
36639,"202302 전국 행정동단위 대출정보 데이터",본 데이터는 KCB가 각 금융사들로부터 매일 수집하는 최신 금융 데이터를 공간 단위로 재가공해 월별로 제공하고 있습니다.
36638,"202302 전국 시군구단위 대출정보 데이터",본 데이터는 KCB가 각 금융사들로부터 매일 수집하는 최신 금융 데이터를 공간 단위로 재가공해 월별로 제공하고 있습니다.
36637,"202302 전국 시도단위 대출정보 데이터",본 데이터는 KCB가 각 금융사들로부터 매일 수집하는 최신 금융 데이터를 공간 단위로 재가공해 월별로 제공하고 있습니다.
36636,"202302 전국 행정동단위 소비정보 데이터",본 데이터는 KCB가 각 금융사들로부터 매일 수집하는 최신 금융 데이터를 공간 단위로 재가공해 월별로 제공하고 있습니다.
36635,"202302 전국 시군구단위 소비정보 데이터",본 데이터는 KCB가 각 금융사들로부터 매일 수집하는 최신 금융 데이터를 공간 단위로 재가공해 월별로 제공하고 있습니다.
36634,"202302 전국 시도단위 소비정보 데이터",본 데이터는 KCB가 각 금융사들로부터 매일 수집하는 최신 금융 데이터를 공간 단위로 재가공해 월별로 제공하고 있습니다.
36633,"202302 전국 행정동단위 소득정보 데이터",본 데이터는 KCB가 각 금융사들로부터 매일 수집하는 최신 금융 데이터를 공간 단위로 재가공해 월별로 제공하고 있습니다.
36632,"202302 전국 시군구단위 소득정보 데이터",본 데이터는 KCB가 각 금융사들로부터 매일 수집하는 최신 금융 데이터를 공간 단위로 재가공해 월별로 제공하고 있습니다.
36631,"202302 전국 시도단위 소득정보 데이터",본 데이터는 KCB가 각 금융사들로부터 매일 수집하는 최신 금융 데이터를 공간 단위로 재가공해 월별로 제공하고 있습니다.
36630,[NH농협카드] 6월 세부 업종별 카드 이용건수 트렌드 (2018년 6월 ~ 2022년 6월),"6월의 세부 업종별 카드이용건수 추이를 분석할 수 있는 데이터
"
36629,[NH농협카드] 6월 세부 업종별 카드 이용금액 트렌드 (2018년 6월 ~ 2022년 6월),"6월의 세부 업종별 카드이용금액 추이를 분석할 수 있는 데이터
"
36628,[NH농협카드] 6월 시도별 업종별 카드 이용건수 트렌드 (2018년 6월 ~ 2022년 6월),"6월의 시도별 업종별 카드이용건수 추이를 분석할 수 있는 데이터
"
36627,[NH농협카드] 6월 시도별 업종별 카드 이용금액 트렌드 (2018년 6월 ~ 2022년 6월),"6월의 시도별 업종별 카드이용금액 추이를 분석할 수 있는 데이터
"
36626,[NH농협카드] 업종별 카드이용현황_2022년 6월,"2022년 6월의 업종별 카드 이용현황
"
36625,[NH농협카드] 업종별 카드이용현황_2021년 6월,"2021년 6월의 업종별 카드 이용현황
"
36624,[NH농협카드] 업종별 카드이용현황_2020년 6월,"2020년 6월의 업종별 카드 이용현황
"
36623,[NH농협카드] 업종별 카드이용현황_2019년 6월,"2019년 6월의 업종별 카드 이용현황
"
36622,[NH농협카드] 업종별 카드이용현황_2018년 6월,"2018년 6월의 업종별 카드 이용현황
"
36621,[NH농협카드] 시도별 업종별 카드이용현황_2022년 6월,"2022년 6월의 시도별 업종별 카드 이용현황
"
36620,[NH농협카드] 시도별 업종별 카드이용현황_2021년 6월,"2021년 6월의 시도별 업종별 카드 이용현황
"
36619,[NH농협카드] 시도별 업종별 카드이용현황_2020년 6월,"2020년 6월의 시도별 업종별 카드 이용현황
"
36618,[NH농협카드] 시도별 업종별 카드이용현황_2019년 6월,"2019년 6월의 시도별 업종별 카드 이용현황
"
36617,[NH농협카드] 시도별 업종별 카드이용현황_2018년 6월,"2018년 6월의 시도별 업종별 카드 이용현황"
36615,[2023-01호] NH트렌드+ 소주 편,NH트렌드+는 NH농협은행의 데이터를 통해 사회 이슈와 트렌드를 알아보는 리포트입니다.
36614,[NH농협카드] 온라인 업종별 소비 트렌드_2023년 2월_#40 기프티콘,"기프티콘을 구입하거나 선물한 고객의 속성 및 소비현황 데이터 
"
36613,[NH농협카드] 온라인 업종별 소비 트렌드_2023년 2월_#39 후원금,"온라인으로 후원금을 납입한 고객의 속성 및 소비현황 데이터 
"
36612,[NH농협카드] 온라인 업종별 소비 트렌드_2023년 2월_#38 꽃배달,"온라인 꽃배달 서비스를 이용한 고객의 속성 및 소비현황 데이터 
"
36611,[NH농협카드] 온라인 업종별 소비 트렌드_2023년 2월_#37 외국어,"온라인으로 외국어 교육 컨텐츠를 구매한 고객의 속성 및 소비현황 데이터 
"
36610,[NH농협카드] 온라인 업종별 소비 트렌드_2023년 2월_#36 육아,"온라인으로 육아 관련 용품이나 서비스를 이용한 고객의 속성 및 소비현황 데이터 
"
36609,[NH농협카드] 온라인 업종별 소비 트렌드_2023년 2월_#35 공연,"온라인 공연 예매 서비스 이용 고객의 속성 및 소비현황 데이터 
"
36608,[NH농협카드] 온라인 업종별 소비 트렌드_2023년 2월_#34 웹툰,"인터넷 웹툰 구매 고객의 속성 및 소비현황 데이터 
"
36607,[NH농협카드] 온라인 업종별 소비 트렌드_2023년 2월_#33 도서,"온라인 도서 관련 서비스 이용 고객의 속성 및 소비현황 데이터 
"
36606,[NH농협카드] 온라인 업종별 소비 트렌드_2023년 2월_#32 음악,"음원 스트리밍 등 음악 관련 온라인 서비스 이용 고객의 속성 및 소비현황 데이터 
"
36605,[NH농협카드] 온라인 업종별 소비 트렌드_2023년 2월_#31 OTT,OTT 서비스 이용 고객의 속성 및 소비현황 데이터 
36604,[NH농협카드] 온라인 업종별 소비 트렌드_2023년 2월_#30 영화,"온라인 영화 예매 등 서비스 이용 고객의 속성 및 소비현황 데이터 
"
36603,[NH농협카드] 온라인 업종별 소비 트렌드_2023년 2월_#29 보험,"온라인 보험 가입 고객의 속성 및 소비현황 데이터 
"
36602,[NH농협카드] 온라인 업종별 소비 트렌드_2023년 2월_#28 홈서비스,"홈서비스 온라인 이용 고객의 속성 및 소비현황 데이터 
"
36601,[NH농협카드] 온라인 업종별 소비 트렌드_2023년 2월_#27 인테리어,"온라인으로 인테리어 관련 구매를 한 고객의 속성 및 소비현황 데이터 
"
36600,[NH농협카드] 온라인 업종별 소비 트렌드_2023년 2월_#26 가전,"가전제품을 온라인에서 구매한 고객의 속성 및 소비현황 데이터 
"
36599,[NH농협카드] 온라인 업종별 소비 트렌드_2023년 2월_#25 홈쇼핑,"온라인 홈쇼핑 이용 고객의 속성 및 소비현황 데이터 
"
36598,[NH농협카드] 온라인 업종별 소비 트렌드_2023년 2월_#24 온라인 마트,"온라인을 통해 마트를 이용한 고객의 속성 및 소비현황 데이터 
"
36597,[NH농협카드] 온라인 업종별 소비 트렌드_2023년 2월_#23 모바일 어플리케이션,"모바일 기기에서 어플리케이션을 결제한 고객의 속성 및 소비현황 데이터 
"
36596,[NH농협카드] 온라인 업종별 소비 트렌드_2023년 2월_#22 휴대폰 액세서리,"온라인으로 휴대폰 액세서리을 구매한 고객의 속성 및 소비현황 데이터 
"
36595,[NH농협카드] 온라인 업종별 소비 트렌드_2023년 2월_#21 대리운전,"온라인을 통해 대리운전 서비스를 이용한 고객의 속성 및 소비현황 데이터 
"
36594,[NH농협카드] 온라인 업종별 소비 트렌드_2023년 2월_#20 스포츠용품,"온라인으로 스포츠용품을 구매한 고객의 속성 및 소비현황 데이터 

"
36593,[NH농협카드] 온라인 업종별 소비 트렌드_2023년 2월_#19 패션,"온라인으로 패션 상품을 구매한 고객의 속성 및 소비현황 데이터 
"
36592,[NH농협카드] 온라인 업종별 소비 트렌드_2023년 2월_#18 화장품,"온라인으로 화장품을 구매한 고객의 속성 및 소비현황 데이터 
"
36591,[NH농협카드] 온라인 업종별 소비 트렌드_2023년 2월_#17 해외직구,"해외 직구 이용 고객의 속성 및 소비현황 데이터 
"
36590,[NH농협카드] 온라인 업종별 소비 트렌드_2023년 2월_#16 면세점,"온라인 면세점 이용 고객의 속성 및 소비현황 데이터 
"
36589,[NH농협카드] 온라인 업종별 소비 트렌드_2023년 2월_#15 소셜/오픈마켓,"온라인 소셜, 오픈마켓 사이트 이용 고객의 속성 및 소비현황 데이터 
"
36588,[NH농협카드] 온라인 업종별 소비 트렌드_2023년 2월_#14 중고마켓,"온라인 중고마켓 이용 고객의 속성 및 소비현황 데이터 
"
36587,[NH농협카드] 온라인 업종별 소비 트렌드_2023년 2월_#13 게임,"온라인 게임사이트 결제 고객의 속성 및 소비현황 데이터 
"
36586,[NH농협카드] 온라인 업종별 소비 트렌드_2023년 2월_#12 반려동물,"온라인을 통해 반려동물 관련 용품, 푸드, 미용 등을 구매한 고객의 속성 및 소비현황 데이터 
"
36585,[NH농협카드] 온라인 업종별 소비 트렌드_2023년 2월_#11 전기차 충전,"전기차 충전결제 데이터을 통해 살펴보는 전기차 이용고객 속성 및 소비현황 데이터 
"
36584,[NH농협카드] 온라인 업종별 소비 트렌드_2023년 2월_#10 자전거,"온라인으로 자전거나 자전거 용품을 구입하신 고객들의 속성 및 소비현황 데이터 
"
36583,[NH농협카드] 온라인 업종별 소비 트렌드_2023년 2월_#9 낚시,"낚시 관련 용품 온라인 구매고객 속성 및 소비현황 데이터 
"
36582,[NH농협카드] 온라인 업종별 소비 트렌드_2023년 2월_#8 골프,"골프 관련 상품 온라인 구매고객 속성 및 소비현황 데이터 
"
36581,[NH농협카드] 온라인 업종별 소비 트렌드_2023년 2월_#7 공유서비스 (자동차),"
공유 자동차 서비스 이용고객 속성 및 소비현황 데이터 
"
36580,[NH농협카드] 온라인 업종별 소비 트렌드_2023년 2월_#6 공유서비스 (자전거/킥보드),"자전거, 킥보드 등 공유서비스 이용고객 속성 및 소비현황 데이터 
"
36579,[NH농협카드] 온라인 업종별 소비 트렌드_2023년 2월_#5 커피,커피 업체 앱 등 커피 관련 온라인 서비스 이용고객 속성 및 소비현황 데이터 
36578,[NH농협카드] 온라인 업종별 소비 트렌드_2023년 2월_#4 외식배달,온라인 외식 배달 서비스 이용고객 속성 및 소비현황 데이터 
36577,[NH농협카드] 온라인 업종별 소비 트렌드_2023년 2월_#3 간편식/식자재,"간편식 및 식자재 온라인 구매고객 속성 및 소비현황 데이터 
"
36576,[NH농협카드] 온라인 업종별 소비 트렌드_2023년 2월_#2 새벽배송,"새벽배송 온라인 이용고객 속성 및 소비현황 데이터 
"
36575,[NH농협카드] 온라인 업종별 소비 트렌드_2023년 2월_#1 명품,명품 관련 업종 온라인 구매고객 속성 및 소비현황 데이터 
36573,전기 자동차 특허 데이터,"주요 5개국의 10년간 출원된 특허 데이터 입니다. 윕스 AI 자동분류 시스템을 사용하여 핵심기술별로 구분하여, 특허(기술) 및 동향 분석에 용이합니다."
36572,자율주행 자동차 특허 데이터,"주요 5개국의 10년간 출원된 특허 데이터 입니다.
윕스 AI 자동분류 시스템을 사용하여 핵심기술별로 구분하여, 특허(기술) 및 동향 분석에 용이합니다."
36571,"2023년 계량기이미지정보","2023년 계량기이미지정보"
36570,[NH농협카드] 업종별 월별 소비 트렌드_202301_편의점,"편의점 업종의 월별, 지역(시/군/구)별 소비 트렌드를 분석할 수 있는 데이터"
36569,[NH농협카드] 업종별 월별 소비 트렌드_202301_면세점,"면세점 업종의 월별, 지역(시/군/구)별 소비 트렌드를 분석할 수 있는 데이터"
36568,[NH농협카드] 업종별 월별 소비 트렌드_202301_대형마트,"대형마트 업종의 월별, 지역(시/군/구)별 소비 트렌드를 분석할 수 있는 데이터"
36567,[NH농협카드] 업종별 월별 소비 트렌드_202301_백화점,"백화점 업종의 월별, 지역(시/군/구)별 소비 트렌드를 분석할 수 있는 데이터"
36566,[NH농협카드] 업종별 월별 소비 트렌드_202301_주류 판매점,"주류판매점 업종의 월별, 지역(시/군/구)별 소비 트렌드를 분석할 수 있는 데이터"
36565,[NH농협카드] 업종별 월별 소비 트렌드_202301_서점,"도서판매 업종의 월별, 지역(시/군/구)별 소비 트렌드를 분석할 수 있는 데이터"
36564,[NH농협카드] 업종별 월별 소비 트렌드_202301_미용서비스,"미용서비스 업종의 월별, 지역(시/군/구)별 소비 트렌드를 분석할 수 있는 데이터"
36563,[NH농협카드] 업종별 월별 소비 트렌드_202301_동물병원,"동물병원 업종의 월별, 지역(시/군/구)별 소비 트렌드를 분석할 수 있는 데이터"
36562,[NH농협카드] 업종별 월별 소비 트렌드_202301_골프서비스,"골프서비스 업종의 월별, 지역(시/군/구)별 소비 트렌드를 분석할 수 있는 데이터"
36561,[NH농협카드] 업종별 월별 소비 트렌드_202301_테니스장,"테니스장 업종의 월별, 지역(시/군/구)별 소비 트렌드를 분석할 수 있는 데이터"
36560,[NH농협카드] 업종별 월별 소비 트렌드_202301_영화관,"영화관 업종의 월별, 지역(시/군/구)별 소비 트렌드를 분석할 수 있는 데이터"
36559,[NH농협카드] 업종별 월별 소비 트렌드_202301_여행서비스,"여행 서비스 업종의 월별, 지역(시/군/구)별 소비 트렌드를 분석할 수 있는 데이터"
36558,[NH농협카드] 업종별 월별 소비 트렌드_202301_레저 스포츠,"레저/스포츠 업종의 월별, 지역(시/군/구)별 소비 트렌드를 분석할 수 있는 데이터"
36557,[NH농협카드] 업종별 월별 소비 트렌드_202301_보험,"보험 업종의 월별, 지역(시/군/구)별 소비 트렌드를 분석할 수 있는 데이터"
36556,[NH농협카드] 업종별 월별 소비 트렌드_202301_의류,"의류 판매 업종의 월별, 지역(시/군/구)별 소비 트렌드를 분석할 수 있는 데이터"
36555,[NH농협카드] 업종별 월별 소비 트렌드_202301_웨딩서비스,"웨딩서비스 관련 업종의 월별, 지역(시/군/구)별 소비 트렌드를 분석할 수 있는 데이터"
36554,[NH농협카드] 업종별 월별 소비 트렌드_202301_인테리어,"인테리어 관련 업종의 월별, 지역(시/군/구)별 소비 트렌드를 분석할 수 있는 데이터"
36553,[NH농협카드] 업종별 월별 소비 트렌드_202301_가발전문점,"가발전문점 업종의 월별, 지역(시/군/구)별 소비 트렌드를 분석할 수 있는 데이터"
36552,[NH농협카드] 업종별 월별 소비 트렌드_202301_렌터카,"렌터카 업종의 월별, 지역(시/군/구)별 소비 트렌드를 분석할 수 있는 데이터"
36551,[NH농협카드] 업종별 월별 소비 트렌드_202301_주얼리 판매점,"주얼리 판매 업종의 월별, 지역(시/군/구)별 소비 트렌드를 분석할 수 있는 데이터
"
36550,[NH농협카드] 업종별 월별 소비 트렌드_202301_수입자동차 판매점,"수입자동차 판매 업종의 월별, 지역(시/군/구)별 소비 트렌드를 분석할 수 있는 데이터"
36549,[NH농협카드] 업종별 월별 소비 트렌드_202301_건강식품점,"건강식품 판매 업종의 월별, 지역(시/군/구)별 소비 트렌드를 분석할 수 있는 데이터"
36548,[NH농협카드] 업종별 월별 소비 트렌드_202301_오토바이 판매점,"오토바이 판매 업종의 월별, 지역(시/군/구)별 소비 트렌드를 분석할 수 있는 데이터"
36547,[NH농협카드] 업종별 월별 소비 트렌드_202301_자전거 판매점,"자전거 판매 업종의 월별, 지역(시/군/구)별 소비 트렌드를 분석할 수 있는 데이터"
36546,[NH농협카드] 업종별 월별 소비 트렌드_202301_학원,"학원 서비스 업종의 월별, 지역(시/군/구)별 소비 트렌드를 분석할 수 있는 데이터"
36545,[NH농협카드] 업종별 월별 소비 트렌드_202301_음식점,"일반음식점 업종의 월별, 지역(시/군/구)별 소비 트렌드를 분석할 수 있는 데이터"
36544,[NH농협카드] 업종별 월별 소비 트렌드_202301_철학관,"철학관 업종의 월별, 지역(시/군/구)별 소비 트렌드를 분석할 수 있는 데이터"
36543,[NH농협카드] 업종별 월별 소비 트렌드_202301_기부금,"기부금의 월별, 지역(시/군/구)별 소비 트렌드를 분석할 수 있는 데이터"
36542,"2023년 2월 울산,양산 지역 기업 DB 데이터","2023년 2월 울산,양산 지역 기업 DB 데이터"
36541,"2023년 2월 울산 현시점 공실 정보 ","2023년 2월 울산 현시점 공실 정보 "
36540,[NH농협카드] 2023년 1월 페르소나별 소비현황_밀레니얼 청년사업가,NH농협카드에서 개발한 고객 니즈 및 행동 특성 기반 Persona별로 소비현황을 분석할 수 있는 데이터
36539,[NH농협카드] 2023년 1월 페르소나별 소비현황_중장년 개인사업자,NH농협카드에서 개발한 고객 니즈 및 행동 특성 기반 Persona별로 소비현황을 분석할 수 있는 데이터
36538,[NH농협카드] 2023년 1월 페르소나별 소비현황_한번 쓴 카드는 오래 쓰는 의리파,NH농협카드에서 개발한 고객 니즈 및 행동 특성 기반 Persona별로 소비현황을 분석할 수 있는 데이터
36537,[NH농협카드] 2023년 1월 페르소나별 소비현황_용돈 생활 청소년,NH농협카드에서 개발한 고객 니즈 및 행동 특성 기반 Persona별로 소비현황을 분석할 수 있는 데이터
36536,[NH농협카드] 2023년 1월 페르소나별 소비현황_다양한 혜택 민감 대학생,NH농협카드에서 개발한 고객 니즈 및 행동 특성 기반 Persona별로 소비현황을 분석할 수 있는 데이터
36535,[NH농협카드] 2023년 1월 페르소나별 소비현황_럭셔리 Z세대 여성,NH농협카드에서 개발한 고객 니즈 및 행동 특성 기반 Persona별로 소비현황을 분석할 수 있는 데이터
36534,[NH농협카드] 2023년 1월 페르소나별 소비현황_미혼 남성 그루밍족,NH농협카드에서 개발한 고객 니즈 및 행동 특성 기반 Persona별로 소비현황을 분석할 수 있는 데이터
36533,[NH농협카드] 2023년 1월 페르소나별 소비현황_30대 1인 가구,NH농협카드에서 개발한 고객 니즈 및 행동 특성 기반 Persona별로 소비현황을 분석할 수 있는 데이터
36532,[NH농협카드] 2023년 1월 페르소나별 소비현황_DINK (Double Income No Kids) 족,NH농협카드에서 개발한 고객 니즈 및 행동 특성 기반 Persona별로 소비현황을 분석할 수 있는 데이터
36531,[NH농협카드] 2023년 1월 페르소나별 소비현황_자녀가 있는 밀레니얼 세대,NH농협카드에서 개발한 고객 니즈 및 행동 특성 기반 Persona별로 소비현황을 분석할 수 있는 데이터
36530,[NH농협카드] 2023년 1월 페르소나별 소비현황_럭셔리 사모님,NH농협카드에서 개발한 고객 니즈 및 행동 특성 기반 Persona별로 소비현황을 분석할 수 있는 데이터
36529,[NH농협카드] 2023년 1월 페르소나별 소비현황_고소득 직장맘,NH농협카드에서 개발한 고객 니즈 및 행동 특성 기반 Persona별로 소비현황을 분석할 수 있는 데이터
36528,[NH농협카드] 2023년 1월 페르소나별 소비현황_디지털 입문 중장년,NH농협카드에서 개발한 고객 니즈 및 행동 특성 기반 Persona별로 소비현황을 분석할 수 있는 데이터
36527,[NH농협카드] 2023년 1월 페르소나별 소비현황_농촌 지역 중장년층,NH농협카드에서 개발한 고객 니즈 및 행동 특성 기반 Persona별로 소비현황을 분석할 수 있는 데이터
36524,부산 경제상황 진단용 월정기 데이터 (2023.02),부산 경제 상황 진단을 위한 맞춤형 지표 정보
36504,"2023년 고객계약정보 - 주택 현황","고객 유형, 지역별 계약 정보"
36502,"2023년 1월 울산,양산 지역 기업 DB 데이터 ","2023년 1월 울산,양산 지역 기업 DB 데이터 "
36501,"2023년 1월 울산 현시점 공실 정보 ","2023년 1월 울산 현시점 공실 정보 "
36500,"2022년 울산 전입전출 이력 ","2022년 울산 전입전출 이력 "
36497,"2023년 전입/전출정보 - 양산",도시가스 전입/전출 기반 공실 및 임차 정보 
36496,"2023년 전입/전출정보 - 울산 중구 ",도시가스 전입/전출 기반 공실 및 임차 정보
36495,"2023년 전입/전출정보 - 울산 울주군",도시가스 전입/전출 기반 공실 및 임차 정보
36494,"2023년 전입/전출정보 - 울산 북구 ",도시가스 전입/전출 기반 공실 및 임차 정보 
36493,"2023년 전입/전출정보 - 울산 동구 ",도시가스 전입/전출 기반 공실 및 임차 정보
36492,"2023년 전입/전출정보 - 울산 남구 ",도시가스 전입/전출 기반 공실 및 임차 정보
36491,"2023년 전입/전출정보 - 산업 현황 ",도시가스 전입/전출 기반 공실 및 임차 정보 
36490,"2023년 전입/전출정보 - 일반 현황 ","도시가스 전입/전출 기반 공실 및 임차 정보 
"
36489,[2023년 여름/가을] 계절별 직장인 방문 음식점 업종 TOP 5,식신E식권을 이용하는 직장인들의 계절별 방문 음식점 업종 TOP 5를 나타낸 데이터입니다.
36488,직장인 식권 취급기업 정보,식신E식권을 이용하는 기업의 정보 데이터로 기업 업종 지역별 사용 인원 비율을 알 수 있습니다. 본 상품은 협의 후 구매가 가능합니다.
36486,"202301 요일별 직장인 방문 음식점 업종 TOP 5",식신E식권을 이용하는 직장인들의 요일별 방문 음식점 업종 TOP 5 데이터입니다. 요일별로 가장 인기 있는 음식 업종을 살펴볼 수 있습니다.
36485,"202301 기업 업종별 점심식대 평균",식신E식권 도입 기업의 종목별 식대 소비 통계 데이터입니다. 종목이 각기 다른 기업의 행정구역별 식대를 비교할 수 있습니다.
36484,"202301 요일별 직장인 점심식대 평균",식신E식권을 이용하는 직장인들의 요일별 점심 식대 소비 통계 데이터입니다. 직장인들이 요일별로 어떤 음식점 업종을 주로 이용하는지 살펴볼 수 있습니다.
36483,"202301 서울 직장인 점심식대 금액 평균","식신E식권을 이용하는 직장인들의 서울특별시 구단위 별 점심 식대 소비 통계 데이터입니다.
"
36482,"202301 전국 직장인 점심식대 금액 평균",식신E식권을 이용하는 직장인들의 대도시별 점심 식대 소비 통계 데이터 입니다. 대도시별 직장인들의 점심 식대 사용 금액을 대략적으로 비교할 수 있습니다.
36481,직장인 점심 식대 소비 통계,"식신E식권을 이용하는 직장인들의 점심 식대 소비 통계 데이터입니다. 구별, 음식 카테고리별, 삼식별(조식, 점심, 저녁 등) 평균 이용 횟수를 확인할 수 있습니다. "
36480,"202301 음식 메뉴 및 가격 정보",식신이 수집한 전국 음식점 POI의 메뉴판을 기반으로 한 메뉴별 가격 정보 데이터입니다.
36479,"202301 맛집별 조회 통계",식신에 등록되어 있는 음식점의 사용자 조회 데이터로 인기 매장과 인기 음식 카테고리 정보를 볼 수 있습니다. 
36478,큐레이션 푸드 매거진 컨텐츠,대한민국 NO.1 맛집 서비스 식신이 주제별로 선정한 맛집을 소개하는 기획기사형 매거진 데이터입니다.
36477,큐레이션 푸드 매거진 컨텐츠,대한민국 NO.1 맛집 서비스 식신이 주제별로 선정한 맛집을 소개하는 기획기사형 매거진 데이터입니다.
36476,식신 사용자 음식점 평가 후기,"식신 사용자가 음식점을 직접 방문해 보고 경험한 맛, 서비스 등 음식점에 대한 평가를 모은 리뷰 데이터입니다."
36475,[NH농협카드] 시도별 업종별 카드이용현황_2022년 5월,"2022년 5월의 시도별 업종별 카드 이용현황
"
36474,[NH농협카드] 시도별 업종별 카드이용현황_2021년 5월,"2021년 5월의 시도별 업종별 카드 이용현황
"
36473,[NH농협카드] 시도별 업종별 카드이용현황_2020년 5월,"2020년 5월의 시도별 업종별 카드 이용현황
"
36472,[NH농협카드] 시도별 업종별 카드이용현황_2019년 5월,"2019년 5월의 시도별 업종별 카드 이용현황
"
36471,[NH농협카드] 시도별 업종별 카드이용현황_2018년 5월,"2018년 5월의 시도별 업종별 카드 이용현황"
36470,전국 음식점 이미지,"대한민국 No.1 맛집 서비스 식신이 자체 촬영하거나, 식신 사용자가 업로드한 음식점 이미지 데이터입니다. "
36469,[NH농협카드] 2023년 1월 지역화폐 이용현황_홍천사랑,"NH농협카드에서 발급한 홍천사랑 체크카드로 충전&middot;결제된 지역화폐 이용 관련 데이터
"
36468,[NH농협카드] 2023년 1월 지역화폐 이용현황_홍성사랑,"NH농협카드에서 발급한 홍성사랑 체크카드로 충전&middot;결제된 지역화폐 이용 관련 데이터
"
36467,[NH농협카드] 2023년 1월 지역화폐 이용현황_해남사랑,"NH농협카드에서 발급한 해남사랑 체크카드로 충전&middot;결제된 지역화폐 이용 관련 데이터
"
36466,[NH농협카드] 2023년 1월 지역화폐 이용현황_태안사랑,"NH농협카드에서 발급한 태안사랑 체크카드로 충전&middot;결제된 지역화폐 이용 관련 데이터
"
36465,[NH농협카드] 2023년 1월 지역화폐 이용현황_칠곡사랑,"NH농협카드에서 발급한 칠곡사랑 체크카드로 충전&middot;결제된 지역화폐 이용 관련 데이터
"
36464,[NH농협카드] 2023년 1월 지역화폐 이용현황_진천사랑,"NH농협카드에서 발급한 진천사랑 체크카드로 충전&middot;결제된 지역화폐 이용 관련 데이터
"
36463,[NH농협카드] 2023년 1월 지역화폐 이용현황_제천모아,"NH농협카드에서 발급한 제천모아 체크카드로 충전&middot;결제된 지역화폐 이용 관련 데이터
"
36462,전국 핫플레이스 권역 정보 (폴리곤),전국 인기 지역(핫플레이스)을 권역별로 설정한 좌표 데이터입니다.
36461,[NH농협카드] 2023년 1월 지역화폐 이용현황_정읍정향누리,"NH농협카드에서 발급한 정읍정향누리 체크카드로 충전&middot;결제된 지역화폐 이용 관련 데이터
"
36460,[NH농협카드] 2023년 1월 지역화폐 이용현황_익산다이로움,"NH농협카드에서 발급한 익산다이로움 체크카드로 충전&middot;결제된 지역화폐 이용 관련 데이터
"
36459,[NH농협카드] 2023년 1월 지역화폐 이용현황_원주사랑,"NH농협카드에서 발급한 원주사랑 체크카드로 충전&middot;결제된 지역화폐 이용 관련 데이터
"
36458,[NH농협카드] 2023년 1월 지역화폐 이용현황_울산페이,"NH농협카드에서 발급한 울산페이 체크카드로 충전&middot;결제된 지역화폐 이용 관련 데이터
"
36457,"202301 전국 일반 맛집 정보",대한민국 NO.1 맛집 서비스 식신이 수집한 전국에 위치한 일반 음식점 POI 데이터입니다.
36456,[NH농협카드] 2023년 1월 지역화폐 이용현황_완도사랑,"NH농협카드에서 발급한 완도사랑 체크카드로 충전&middot;결제된 지역화폐 이용 관련 데이터
"
36455,[NH농협카드] 2023년 1월 지역화폐 이용현황_온통대전,"NH농협카드에서 발급한 온통대전 체크카드로 충전&middot;결제된 지역화폐 이용 관련 데이터
"
36454,[NH농협카드] 2023년 1월 지역화폐 이용현황_예산사랑,"NH농협카드에서 발급한 예산사랑 체크카드로 충전&middot;결제된 지역화폐 이용 관련 데이터
"
36453,[NH농협카드] 2023년 1월 지역화폐 이용현황_영천사랑,"NH농협카드에서 발급한 영천사랑 체크카드로 충전&middot;결제된 지역화폐 이용 관련 데이터
"
36452,"202301 전국 인기 맛집 정보",대한민국 NO.1 맛집 서비스 식신이 수집하고 관리하는 국내 인기 맛집 (핫플레이스) POI 데이터입니다.
36451,"202301 전국 BEST 맛집 정보",대한민국 NO.1 맛집 서비스 식신이 엄선한 전국 Best 맛집의 상세한 정보가 담긴 POI 데이터입니다.
36450,[NH농협카드] 2023년 1월 지역화폐 이용현황_영주사랑,"NH농협카드에서 발급한 영주사랑 체크카드로 충전&middot;결제된 지역화폐 이용 관련 데이터
"
36449,[NH농협카드] 2023년 1월 지역화폐 이용현황_영암사랑,"NH농협카드에서 발급한 영암사랑 체크카드로 충전&middot;결제된 지역화폐 이용 관련 데이터
"
36448,[NH농협카드] 2023년 1월 지역화폐 이용현황_영동사랑,"NH농협카드에서 발급한 영동사랑 체크카드로 충전&middot;결제된 지역화폐 이용 관련 데이터
"
36447,[NH농협카드] 2023년 1월 지역화폐 이용현황_안동사랑,"NH농협카드에서 발급한 안동사랑 체크카드로 충전&middot;결제된 지역화폐 이용 관련 데이터
"
36446,[NH농협카드] 2023년 1월 지역화폐 이용현황_아산사랑,"NH농협카드에서 발급한 아산사랑 체크카드로 충전&middot;결제된 지역화폐 이용 관련 데이터
"
36445,[NH농협카드] 2023년 1월 지역화폐 이용현황_순천사랑,"NH농협카드에서 발급한 순천사랑 체크카드로 충전&middot;결제된 지역화폐 이용 관련 데이터
"
36444,[NH농협카드] 2023년 1월 지역화폐 이용현황_세종여민전,"NH농협카드에서 발급한 세종여민전 체크카드로 충전&middot;결제된 지역화폐 이용 관련 데이터
"
36443,[NH농협카드] 2023년 1월 지역화폐 이용현황_성주사랑,"NH농협카드에서 발급한 성주사랑 체크카드로 충전&middot;결제된 지역화폐 이용 관련 데이터
"
36442,[NH농협카드] 2023년 1월 지역화폐 이용현황_섬섬여수페이,"NH농협카드에서 발급한 섬섬여수페이 체크카드로 충전&middot;결제된 지역화폐 이용 관련 데이터
"
36441,[NH농협카드] 2023년 1월 지역화폐 이용현황_서산사랑,"NH농협카드에서 발급한 서산사랑 체크카드로 충전&middot;결제된 지역화폐 이용 관련 데이터
"
36440,[NH농협카드] 2023년 1월 지역화폐 이용현황_상주화폐,"NH농협카드에서 발급한 상주화폐 체크카드로 충전&middot;결제된 지역화폐 이용 관련 데이터
"
36439,[NH농협카드] 2023년 1월 지역화폐 이용현황_부산동백전,"NH농협카드에서 발급한 부산동백전 체크카드로 충전&middot;결제된 지역화폐 이용 관련 데이터
"
36438,[NH농협카드] 2023년 1월 지역화폐 이용현황_보령사랑,"NH농협카드에서 발급한 보령사랑 체크카드로 충전&middot;결제된 지역화폐 이용 관련 데이터
"
36437,[NH농협카드] 2023년 1월 지역화폐 이용현황_문경사랑,"NH농협카드에서 발급한 문경사랑 체크카드로 충전&middot;결제된 지역화폐 이용 관련 데이터
"
36436,[NH농협카드] 2023년 1월 지역화폐 이용현황_무안사랑,"NH농협카드에서 발급한 무안사랑 체크카드로 충전&middot;결제된 지역화폐 이용 관련 데이터
"
36435,[NH농협카드] 2023년 1월 지역화폐 이용현황_당진사랑,"NH농협카드에서 발급한 당진사랑 체크카드로 충전&middot;결제된 지역화폐 이용 관련 데이터
"
36434,[NH농협카드] 2023년 1월 지역화폐 이용현황_담양사랑,NH농협카드에서 발급한 담양사랑 체크카드로 충전&middot;결제된 지역화폐 이용 관련 데이터
36433,[NH농협카드] 2023년 1월 지역화폐 이용현황_논산사랑,NH농협카드에서 발급한 논산사랑 체크카드로 충전&middot;결제된 지역화폐 이용 관련 데이터
36432,[NH농협카드] 2023년 1월 지역화폐 이용현황_남원사랑,"NH농협카드에서 발급한 남원사랑 체크카드로 충전&middot;결제된 지역화폐 이용 관련 데이터
"
36431,[NH농협카드] 2023년 1월 지역화폐 이용현황_나주사랑,"NH농협카드에서 발급한 나주사랑 체크카드로 충전&middot;결제된 지역화폐 이용 관련 데이터
"
36430,[NH농협카드] 2023년 1월 지역화폐 이용현황_금산사랑,"NH농협카드에서 발급한 금산사랑 체크카드로 충전&middot;결제된 지역화폐 이용 관련 데이터
"
36429,[NH농협카드] 2023년 1월 지역화폐 이용현황_군산사랑,"NH농협카드에서 발급한 군산사랑 체크카드로 충전&middot;결제된 지역화폐 이용 관련 데이터
"
36428,[NH농협카드] 2023년 1월 지역화폐 이용현황_구미사랑,NH농협카드에서 발급한 구미사랑 체크카드로 충전&middot;결제된 지역화폐 이용 관련 데이터
36427,[NH농협카드] 2023년 1월 지역화폐 이용현황_괴산사랑,NH농협카드에서 발급한 괴산사랑 체크카드로 충전&middot;결제된 지역화폐 이용 관련 데이터
36426,"2023년 전입/전출정보 - 주택 현황 ",도시가스 전입/전출 기반 공실 및 임차 정보 
36425,"2023년 고객과금정보 - 양산 ","유형별,  업종별, 과금량(사용량) 정보"
36424,"2023년 고객과금정보 - 울산 중구 ","유형별,  업종별, 과금량(사용량) 정보"
36423,"2023년 고객과금정보 - 울산 울주군 ","유형별,  업종별, 과금량(사용량) 정보
"
36422,"2023년 고객과금정보 - 울산 북구 ","유형별,  업종별, 과금량(사용량) 정보"
36421,"2023년 고객과금정보 - 울산 동구 ","유형별, 업종별, 과금량(사용량) 정보 "
36420,"2023년 고객과금정보 - 울산 남구 ","유형별, 업종별, 과금량(사용량) 정보 "
36419,"2023년 고객과금정보 - 주택 현황 ","유형별, 업종별, 과금량(사용량) 정보 "
36418,"2023년 고객과금정보 - 산업 현황 ","유형별, 업종별, 과금량(사용량)정보 "
36417,"2023년 고객과금정보 - 일반 현황 ","유형별, 업종별, 과금량(사용량)정보
"
36416,"2023년 고객계약정보 - 산업 현황 ","고객 유형, 지역별 계약 정보 "
36415,"2023년 고객계약정보 - 일반 현황 ","고객 유형, 지역별 계약 정보 "
36413,[NH농협카드] 5월 업종별 카드 이용금액 트렌드 (2018년 5월 ~ 2022년 5월),"가정의 달 5월의 업종별 카드 이용금액 추이를 분석할 수 있는 데이터
"
36412,[NH농협카드] 5월 업종별 카드 이용건수 트렌드 (2018년 5월 ~ 2022년 5월),"가정의 달 5월의 업종별 카드이용건수 추이를 분석할 수 있는 데이터
"
36411,[NH농협카드] 업종별 카드이용현황_2022년 5월,"2022년 5월의 업종별 카드 이용현황
"
36410,[NH농협카드] 업종별 카드이용현황_2021년 5월,"2021년 5월의 업종별 카드 이용현황
"
36409,[NH농협카드] 업종별 카드이용현황_2020년 5월,"2020년 5월의 업종별 카드 이용현황
"
36408,[NH농협카드] 업종별 카드이용현황_2019년 5월,"2019년 5월의 업종별 카드 이용현황
"
36407,[NH농협카드] 업종별 카드이용현황_2018년 5월,"2018년 5월의 업종별 카드 이용현황
"
36406,[NH농협카드] 2022년 12월 성별/연령별 업종별 소비현황_60대 이상 여성,"60대 이상 여성고객의 거주지별 이용업종별 소비현황 데이터"
36405,[NH농협카드] 2022년 12월 성별/연령별 업종별 소비현황_60대 이상 남성,"60대 이상 남성고객의 거주지별 이용업종별 소비현황 데이터
"
36404,[NH농협카드] 2022년 12월 성별/연령별 업종별 소비현황_50대 여성,"50대 여성고객의 거주지별 이용업종별 소비현황 데이터
"
36403,[NH농협카드] 2022년 12월 성별/연령별 업종별 소비현황_50대 남성,"50대 남성고객의 거주지별 이용업종별 소비현황 데이터
"
36402,[NH농협카드] 2022년 12월 성별/연령별 업종별 소비현황_40대 여성,"40대 여성고객의 거주지별 이용업종별 소비현황 데이터"
36401,[NH농협카드] 2022년 12월 성별/연령별 업종별 소비현황_40대 남성,"40대 남성고객의 거주지별 이용업종별 소비현황
"
36400,[NH농협카드] 2022년 12월 성별/연령별 업종별 소비현황_30대 여성,"30대 여성고객의 거주지별 이용업종별 소비현황"
36399,[NH농협카드] 2022년 12월 성별/연령별 업종별 소비현황_30대 남성,"30대 남성고객의 거주지별 이용업종별 소비현황
"
36398,[NH농협카드] 2022년 12월 성별/연령별 업종별 소비현황_20대 여성,"20대 여성고객의 거주지별 이용업종별 소비현황"
36397,[NH농협카드] 2022년 12월 성별/연령별 업종별 소비현황_20대 남성,"20대 남성고객의 거주지별 이용업종별 소비현황"
36396,[NH농협카드] 2022년 12월 성별/연령별 업종별 소비현황_10대 이하 여성,"10대 이하 여성고객의 거주지별 이용업종별 소비현황"
36395,[NH농협카드] 2022년 12월 성별/연령별 업종별 소비현황_10대 이하 남성,"10대 이하 남성고객의 거주지별 이용업종별 소비현황"
36392,"202301 전국 행정동단위 SOHO 데이터",본 데이터는 KCB가 각 금융사들로부터 매일 수집하는 최신 금융 데이터를 공간 단위로 재가공해 월별로 제공하고 있습니다.
36391,"202301 전국 시군구단위 SOHO 데이터",본 데이터는 KCB가 각 금융사들로부터 매일 수집하는 최신 금융 데이터를 공간 단위로 재가공해 월별로 제공하고 있습니다.
36390,"202301 전국 시도단위 SOHO 데이터",본 데이터는 KCB가 각 금융사들로부터 매일 수집하는 최신 금융 데이터를 공간 단위로 재가공해 월별로 제공하고 있습니다.
36389,"202301 전국 행정동단위 하이엔드 데이터",본 데이터는 KCB가 각 금융사들로부터 매일 수집하는 최신 금융 데이터를 공간 단위로 재가공해 월별로 제공하고 있습니다.
36388,"202301 전국 시군구단위 하이엔드 데이터",본 데이터는 KCB가 각 금융사들로부터 매일 수집하는 최신 금융 데이터를 공간 단위로 재가공해 월별로 제공하고 있습니다.
36387,"202301 전국 시도단위 하이엔드 데이터",본 데이터는 KCB가 각 금융사들로부터 매일 수집하는 최신 금융 데이터를 공간 단위로 재가공해 월별로 제공하고 있습니다.
36386,"202301 전국 행정동단위 자산평가 데이터",본 데이터는 KCB가 각 금융사들로부터 매일 수집하는 최신 금융 데이터를 공간 단위로 재가공해 월별로 제공하고 있습니다.
36385,"202301 전국 시군구단위 자산평가 데이터",본 데이터는 KCB가 각 금융사들로부터 매일 수집하는 최신 금융 데이터를 공간 단위로 재가공해 월별로 제공하고 있습니다.
36384,"202301 전국 시도단위 자산평가 데이터",본 데이터는 KCB가 각 금융사들로부터 매일 수집하는 최신 금융 데이터를 공간 단위로 재가공해 월별로 제공하고 있습니다.
36383,"202301 전국 행정동단위 예금여력 데이터",본 데이터는 KCB가 각 금융사들로부터 매일 수집하는 최신 금융 데이터를 공간 단위로 재가공해 월별로 제공하고 있습니다.
36382,"202301 전국 시군구단위 예금여력 데이터",본 데이터는 KCB가 각 금융사들로부터 매일 수집하는 최신 금융 데이터를 공간 단위로 재가공해 월별로 제공하고 있습니다.
36381,"202301 전국 시도단위 예금여력 데이터",본 데이터는 KCB가 각 금융사들로부터 매일 수집하는 최신 금융 데이터를 공간 단위로 재가공해 월별로 제공하고 있습니다.
36380,"202301 전국 행정동단위 연체정보 데이터",본 데이터는 KCB가 각 금융사들로부터 매일 수집하는 최신 금융 데이터를 공간 단위로 재가공해 월별로 제공하고 있습니다.
36379,"202301 전국 시군구단위 연체정보 데이터",본 데이터는 KCB가 각 금융사들로부터 매일 수집하는 최신 금융 데이터를 공간 단위로 재가공해 월별로 제공하고 있습니다.
36378,"202301 전국 시도단위 연체정보 데이터",본 데이터는 KCB가 각 금융사들로부터 매일 수집하는 최신 금융 데이터를 공간 단위로 재가공해 월별로 제공하고 있습니다.
36377,"202301 전국 행정동단위 소비정보 데이터",본 데이터는 KCB가 각 금융사들로부터 매일 수집하는 최신 금융 데이터를 공간 단위로 재가공해 월별로 제공하고 있습니다.
36376,"202301 전국 시군구단위 소비정보 데이터",본 데이터는 KCB가 각 금융사들로부터 매일 수집하는 최신 금융 데이터를 공간 단위로 재가공해 월별로 제공하고 있습니다.
36375,"202301 전국 시도단위 소비정보 데이터",본 데이터는 KCB가 각 금융사들로부터 매일 수집하는 최신 금융 데이터를 공간 단위로 재가공해 월별로 제공하고 있습니다.
36374,"202301 전국 행정동단위 대출정보 데이터",본 데이터는 KCB가 각 금융사들로부터 매일 수집하는 최신 금융 데이터를 공간 단위로 재가공해 월별로 제공하고 있습니다.
36373,"202301 전국 시군구단위 대출정보 데이터",본 데이터는 KCB가 각 금융사들로부터 매일 수집하는 최신 금융 데이터를 공간 단위로 재가공해 월별로 제공하고 있습니다.
36372,"202301 전국 시도단위 대출정보 데이터",본 데이터는 KCB가 각 금융사들로부터 매일 수집하는 최신 금융 데이터를 공간 단위로 재가공해 월별로 제공하고 있습니다.
36371,"202301 전국 행정동단위 소득정보 데이터",본 데이터는 KCB가 각 금융사들로부터 매일 수집하는 최신 금융 데이터를 공간 단위로 재가공해 월별로 제공하고 있습니다.
36370,"202301 전국 시군구단위 소득정보 데이터",본 데이터는 KCB가 각 금융사들로부터 매일 수집하는 최신 금융 데이터를 공간 단위로 재가공해 월별로 제공하고 있습니다.
36369,다시 만난 해외여행! 2023 여행 트렌드 미리보기,해외여행 트렌드 
36368,"202301 전국 시도단위 소득정보 데이터",본 데이터는 KCB가 각 금융사들로부터 매일 수집하는 최신 금융 데이터를 공간 단위로 재가공해 월별로 제공하고 있습니다.
36367,부산 경제상황 진단용 월정기 데이터 (2023.01),부산 경제 상황 진단을 위한 맞춤형 지표 정보
36366,부산 경제상황 진단용 월정기 데이터 (2023.01),부산 경제 상황 진단을 위한 맞춤형 지표 정보
36365,부산 경제상황 진단용 월정기 데이터 (2023.01),부산 경제 상황 진단을 위한 맞춤형 지표 정보
36364,부산 경제상황 진단용 월정기 데이터 (2023.01),부산 경제 상황 진단을 위한 맞춤형 지표 정보
36363,부산 경제상황 진단용 월정기 데이터 (2023.01),부산 경제 상황 진단을 위한 맞춤형 지표 정보
36361,부산 경제상황 진단용 월정기 데이터 (2023.01),부산 경제 상황 진단을 위한 맞춤형 지표 정보
36358,"202212 키오스크 단말기 구내식당 주문데이터",식신e식권을 이용하는 기업 중 복합 결제 단말기를 사용하는 구내식당 결제 데이터입니다.
36357,"202212 요일별 인기업종 카테고리 데이터",대한민국 NO. 맛집 서비스 식신 사용자가 요일별로 조회하는 맛집의 업종 카테고리 데이터입니다.
36356,"202212 직장인 업종별 식권 사용 주 시간대",식신e식권 가맹점을 대상으로 직장인들의 식권 결제시간 분포 통계 데이터입니다. 
36355,"202212 기업과 가맹점 거리별 이용통계",식신e식권 이용기업과 가맹점 거리별 이용통계입니다. 
36354,"202212 가맹점 조중석식 운영현황",식신e식권의 가맹점 업종별 조중석식 운영 현황 데이터입니다.
36353,"202212 직장인 기업 석식 이용 통계",식신e식권을 이용하는 직장인들의 석식 이용 통계입니다.
36352,"2022 2Q 직장인 식권 취급기업 정보",식신E식권을 이용하는 기업의 정보 데이터로 기업 업종 지역별 사용 인원 비율을 알 수 있습니다. 본 상품은 협의 후 구매가 가능합니다.
36351,직장인 식권 취급음식점 POI,식신e식권에 가입되어 있는 전국 가맹점 POI 주소 데이터입니다. 본 상품은 협의 후 구매가 가능합니다.
36350,[2022년 여름/가을] 계절별 직장인 방문 음식점 업종 TOP 5,식신E식권을 이용하는 직장인들의 계절별 방문 음식점 업종 TOP 5를 나타낸 데이터입니다.
36349,"202212 요일별 직장인 방문 음식점 업종 TOP 5",식신E식권을 이용하는 직장인들의 요일별 방문 음식점 업종 TOP 5 데이터입니다. 요일별로 가장 인기 있는 음식 업종을 살펴볼 수 있습니다.
36348,"202212 기업 업종별 점심식대 평균",식신E식권 도입 기업의 종목별 식대 소비 통계 데이터입니다. 종목이 각기 다른 기업의 행정구역별 식대를 비교할 수 있습니다.
36347,"202212 요일별 직장인 점심식대 평균",식신E식권을 이용하는 직장인들의 요일별 점심 식대 소비 통계 데이터입니다. 직장인들이 요일별로 어떤 음식점 업종을 주로 이용하는지 살펴볼 수 있습니다.
36346,"202212 서울 직장인 점심식대 금액 평균",식신E식권을 이용하는 직장인들의 서울특별시 구단위 별 점심 식대 소비 통계 데이터입니다.
36345,"202212 전국 직장인 점심식대 금액 평균",식신E식권을 이용하는 직장인들의 대도시별 점심 식대 소비 통계 데이터 입니다. 대도시별 직장인들의 점심 식대 사용 금액을 대략적으로 비교할 수 있습니다.
36344,직장인 점심 식대 소비 통계,"식신E식권을 이용하는 직장인들의 점심 식대 소비 통계 데이터입니다. 구별, 음식 카테고리별, 삼식별(조식, 점심, 저녁 등) 평균 이용 횟수를 확인할 수 있습니다. "
36343,"202212 맛집별 조회 통계",식신에 등록되어 있는 음식점의 사용자 조회 데이터로 인기 매장과 인기 음식 카테고리 정보를 볼 수 있습니다. 
36342,"202212 음식 메뉴 및 가격 정보",식신이 수집한 전국 음식점 POI의 메뉴판을 기반으로 한 메뉴별 가격 정보 데이터입니다.
36341,큐레이션 푸드 매거진 컨텐츠,대한민국 NO.1 맛집 서비스 식신이 주제별로 선정한 맛집을 소개하는 기획기사형 매거진 데이터입니다.
36340,식신 사용자 음식점 평가 후기,"맛집, 음식점, 식당, 후기, 평가, 리뷰, 장소명, 음식점명, 전화번호, 주소, 댓글"
36339,전국 음식점 이미지,"대한민국 No.1 맛집 서비스 식신이 자체 촬영하거나, 식신 사용자가 업로드한 음식점 이미지 데이터입니다. "
36338,전국 핫플레이스 권역 정보 (폴리곤),전국 인기 지역(핫플레이스)을 권역별로 설정한 좌표 데이터입니다.
36337,"202212 전국 일반 맛집 정보",대한민국 NO.1 맛집 서비스 식신이 수집한 전국에 위치한 일반 음식점 POI 데이터입니다.
36336,"202212 전국 인기 맛집 정보",대한민국 NO.1 맛집 서비스 식신이 수집하고 관리하는 국내 인기 맛집 (핫플레이스) POI 데이터입니다.
36335,"202212 전국 BEST 맛집 정보",대한민국 NO.1 맛집 서비스 식신이 엄선한 전국 Best 맛집의 상세한 정보가 담긴 POI 데이터입니다.
36165,연세대학교(도시공학과) 연구 분석용 맞춤형 데이터(3),연세대학교(도시공학과) 연구 분석용 맞춤형 데이터(3)
36164,연세대학교(도시공학과) 연구 분석용 맞춤형 데이터(2),연세대학교(도시공학과) 연구 분석용 맞춤형 데이터(2)
36163,연세대학교(도시공학과) 연구 분석용 맞춤형 데이터(1),연세대학교(도시공학과) 연구 분석용 맞춤형 데이터(1)
36155,"202212 전국 행정동단위 SOHO 데이터",본 데이터는 KCB가 각 금융사들로부터 매일 수집하는 최신 금융 데이터를 공간 단위로 재가공해 월별로 제공하고 있습니다.
36154,"202212 전국 시군구단위 SOHO 데이터",본 데이터는 KCB가 각 금융사들로부터 매일 수집하는 최신 금융 데이터를 공간 단위로 재가공해 월별로 제공하고 있습니다.
36153,"202212 전국 시도단위 SOHO 데이터",본 데이터는 KCB가 각 금융사들로부터 매일 수집하는 최신 금융 데이터를 공간 단위로 재가공해 월별로 제공하고 있습니다.
36152,"202212 전국 행정동단위 하이엔드 데이터",본 데이터는 KCB가 각 금융사들로부터 매일 수집하는 최신 금융 데이터를 공간 단위로 재가공해 월별로 제공하고 있습니다.
36151,"202212 전국 시군구단위 하이엔드 데이터",본 데이터는 KCB가 각 금융사들로부터 매일 수집하는 최신 금융 데이터를 공간 단위로 재가공해 월별로 제공하고 있습니다.
36150,"202212 전국 시도단위 하이엔드 데이터",본 데이터는 KCB가 각 금융사들로부터 매일 수집하는 최신 금융 데이터를 공간 단위로 재가공해 월별로 제공하고 있습니다.
36148,"202212 전국 행정동단위 자산평가 데이터",본 데이터는 KCB가 각 금융사들로부터 매일 수집하는 최신 금융 데이터를 공간 단위로 재가공해 월별로 제공하고 있습니다.
36147,"202212 전국 시군구단위 자산평가 데이터",본 데이터는 KCB가 각 금융사들로부터 매일 수집하는 최신 금융 데이터를 공간 단위로 재가공해 월별로 제공하고 있습니다.
36146,"202212 전국 시도단위 자산평가 데이터",본 데이터는 KCB가 각 금융사들로부터 매일 수집하는 최신 금융 데이터를 공간 단위로 재가공해 월별로 제공하고 있습니다.
36145,"202212 전국 행정동단위 예금여력 데이터",본 데이터는 KCB가 각 금융사들로부터 매일 수집하는 최신 금융 데이터를 공간 단위로 재가공해 월별로 제공하고 있습니다.
36144,"202212 전국 시군구단위 예금여력 데이터",본 데이터는 KCB가 각 금융사들로부터 매일 수집하는 최신 금융 데이터를 공간 단위로 재가공해 월별로 제공하고 있습니다.
36143,"202212 전국 시도단위 예금여력 데이터",본 데이터는 KCB가 각 금융사들로부터 매일 수집하는 최신 금융 데이터를 공간 단위로 재가공해 월별로 제공하고 있습니다.
36142,"202212 전국 행정동단위 연체정보 데이터",본 데이터는 KCB가 각 금융사들로부터 매일 수집하는 최신 금융 데이터를 공간 단위로 재가공해 월별로 제공하고 있습니다.
36141,"202212 전국 시군구단위 연체정보 데이터",본 데이터는 KCB가 각 금융사들로부터 매일 수집하는 최신 금융 데이터를 공간 단위로 재가공해 월별로 제공하고 있습니다.
36140,"202212 전국 시도단위 연체정보 데이터",본 데이터는 KCB가 각 금융사들로부터 매일 수집하는 최신 금융 데이터를 공간 단위로 재가공해 월별로 제공하고 있습니다.
36139,"202212 전국 행정동단위 대출정보 데이터",본 데이터는 KCB가 각 금융사들로부터 매일 수집하는 최신 금융 데이터를 공간 단위로 재가공해 월별로 제공하고 있습니다.
36138,"202212 전국 시군구단위 대출정보 데이터",본 데이터는 KCB가 각 금융사들로부터 매일 수집하는 최신 금융 데이터를 공간 단위로 재가공해 월별로 제공하고 있습니다.
36137,"202212 전국 시도단위 대출정보 데이터",본 데이터는 KCB가 각 금융사들로부터 매일 수집하는 최신 금융 데이터를 공간 단위로 재가공해 월별로 제공하고 있습니다.
36136,"202212 전국 행정동단위 소비정보 데이터",본 데이터는 KCB가 각 금융사들로부터 매일 수집하는 최신 금융 데이터를 공간 단위로 재가공해 월별로 제공하고 있습니다.
36135,"202212 전국 시군구단위 소비정보 데이터",본 데이터는 KCB가 각 금융사들로부터 매일 수집하는 최신 금융 데이터를 공간 단위로 재가공해 월별로 제공하고 있습니다.
36134,"202212 전국 시도단위 소비정보 데이터",본 데이터는 KCB가 각 금융사들로부터 매일 수집하는 최신 금융 데이터를 공간 단위로 재가공해 월별로 제공하고 있습니다.
36133,"202212 전국 행정동단위 소득정보 데이터",본 데이터는 KCB가 각 금융사들로부터 매일 수집하는 최신 금융 데이터를 공간 단위로 재가공해 월별로 제공하고 있습니다.
36132,"202212 전국 시군구단위 소득정보 데이터",본 데이터는 KCB가 각 금융사들로부터 매일 수집하는 최신 금융 데이터를 공간 단위로 재가공해 월별로 제공하고 있습니다.
36131,"202212전국 시도단위 소득정보 데이터",본 데이터는 KCB가 각 금융사들로부터 매일 수집하는 최신 금융 데이터를 공간 단위로 재가공해 월별로 제공하고 있습니다.
36130,[NH농협카드] 2022년 11월 시도별 업종별 소비현황_제주,"제주 거주고객의 고객 속성별, 시간대 및 이용업종별 소비현황 데이터
"
36129,[NH농협카드] 2022년 11월 시도별 업종별 소비현황_경남,"경남 거주고객의 고객 속성별, 시간대 및 이용업종별 소비현황 데이터
"
36128,[NH농협카드] 2022년 11월 시도별 업종별 소비현황_경북,"경북 거주고객의 고객 속성별, 시간대 및 이용업종별 소비현황 데이터
"
36127,[NH농협카드] 2022년 11월 시도별 업종별 소비현황_전남,"전남 거주고객의 고객 속성별, 시간대 및 이용업종별 소비현황 데이터
"
36126,[NH농협카드] 2022년 11월 시도별 업종별 소비현황_전북,"전북 거주고객의 고객 속성별, 시간대 및 이용업종별 소비현황 데이터
"
36125,[NH농협카드] 2022년 11월 시도별 업종별 소비현황_충남,"충남 거주고객의 고객 속성별, 시간대 및 이용업종별 소비현황 데이터
"
36124,[NH농협카드] 2022년 11월 시도별 업종별 소비현황_충북,"충북 거주고객의 고객 속성별, 시간대 및 이용업종별 소비현황 데이터
"
36123,[NH농협카드] 2022년 11월 시도별 업종별 소비현황_강원,"강원 거주고객의 고객 속성별, 시간대 및 이용업종별 소비현황 데이터
"
36122,[NH농협카드] 2022년 11월 시도별 업종별 소비현황_경기,"경기 거주고객의 고객 속성별, 시간대 및 이용업종별 소비현황 데이터
"
36121,[NH농협카드] 2022년 11월 시도별 업종별 소비현황_세종,"세종 거주고객의 고객 속성별, 시간대 및 이용업종별 소비현황 데이터
"
36120,[NH농협카드] 2022년 11월 시도별 업종별 소비현황_울산,"울산 거주고객의 고객 속성별, 시간대 및 이용업종별 소비현황 데이터
"
36119,[NH농협카드] 2022년 11월 시도별 업종별 소비현황_대전,"대전 거주고객의 고객 속성별, 시간대 및 이용업종별 소비현황 데이터
"
36118,[NH농협카드] 2022년 11월 시도별 업종별 소비현황_광주,"광주 거주고객의 고객 속성별, 시간대 및 이용업종별 소비현황 데이터
"
36117,[NH농협카드] 2022년 11월 시도별 업종별 소비현황_인천,"인천 거주고객의 고객 속성별, 시간대 및 이용업종별 소비현황 데이터
"
36116,[NH농협카드] 2022년 11월 시도별 업종별 소비현황_대구,"대구 거주고객의 고객 속성별, 시간대 및 이용업종별 소비현황 데이터
"
36115,[NH농협카드] 2022년 11월 시도별 업종별 소비현황_부산,"부산 거주고객의 고객 속성별, 시간대 및 이용업종별 소비현황 데이터
"
36114,[NH농협카드] 2022년 11월 시도별 업종별 소비현황_서울,"서울 거주고객의 고객 속성별, 시간대 및 이용업종별 소비현황 데이터
"
36113,부산 경제 상황 진단용 데이터(2022.12),부산 경제 상황 진단을 위한 맞춤형 지표 정보
36112,[NH농협카드] 온라인 업종별 소비 트렌드_2022년 11월_#40 기프티콘,"기프티콘을 구입하거나 선물한 고객의 속성 및 소비현황 데이터 
"
36111,[NH농협카드] 온라인 업종별 소비 트렌드_2022년 11월_#39 후원금,"온라인으로 후원금을 납입한 고객의 속성 및 소비현황 데이터 
"
36110,[NH농협카드] 온라인 업종별 소비 트렌드_2022년 11월_#38 꽃배달,"온라인 꽃배달 서비스를 이용한 고객의 속성 및 소비현황 데이터 
"
36109,[NH농협카드] 온라인 업종별 소비 트렌드_2022년 11월_#37 외국어,"온라인으로 외국어 교육 컨텐츠를 구매한 고객의 속성 및 소비현황 데이터 
"
36108,[NH농협카드] 온라인 업종별 소비 트렌드_2022년 11월_#36 육아,"온라인으로 육아 관련 용품이나 서비스를 이용한 고객의 속성 및 소비현황 데이터 
"
36107,[NH농협카드] 온라인 업종별 소비 트렌드_2022년 11월_#35 공연,"온라인 공연 예매 서비스 이용 고객의 속성 및 소비현황 데이터 
"
36106,[NH농협카드] 온라인 업종별 소비 트렌드_2022년 11월_#34 웹툰,"인터넷 웹툰 구매 고객의 속성 및 소비현황 데이터 
"
36105,[NH농협카드] 온라인 업종별 소비 트렌드_2022년 11월_#33 도서,"온라인 도서 관련 서비스 이용 고객의 속성 및 소비현황 데이터 
"
36104,[NH농협카드] 온라인 업종별 소비 트렌드_2022년 11월_#32 음악,"음원 스트리밍 등 음악 관련 온라인 서비스 이용 고객의 속성 및 소비현황 데이터 
"
36103,[NH농협카드] 온라인 업종별 소비 트렌드_2022년 11월_#31 OTT,"OTT 서비스 이용 고객의 속성 및 소비현황 데이터 
"
36102,[NH농협카드] 온라인 업종별 소비 트렌드_2022년 11월_#30 영화,"온라인 영화 예매 등 서비스 이용 고객의 속성 및 소비현황 데이터 
"
36101,[NH농협카드] 온라인 업종별 소비 트렌드_2022년 11월_#29 보험,"온라인 보험 가입 고객의 속성 및 소비현황 데이터 
"
36100,[NH농협카드] 온라인 업종별 소비 트렌드_2022년 11월_#28 홈서비스,"홈서비스 온라인 이용 고객의 속성 및 소비현황 데이터 
"
36099,[NH농협카드] 온라인 업종별 소비 트렌드_2022년 11월_#27 인테리어,"온라인으로 인테리어 관련 구매를 한 고객의 속성 및 소비현황 데이터 
"
36098,[NH농협카드] 온라인 업종별 소비 트렌드_2022년 11월_#26 가전,"가전제품을 온라인에서 구매한 고객의 속성 및 소비현황 데이터 
"
36097,[NH농협카드] 온라인 업종별 소비 트렌드_2022년 11월_#25 홈쇼핑,"온라인 홈쇼핑 이용 고객의 속성 및 소비현황 데이터 
"
36096,[NH농협카드] 온라인 업종별 소비 트렌드_2022년 11월_#24 온라인 마트,"온라인을 통해 마트를 이용한 고객의 속성 및 소비현황 데이터 
"
36095,[NH농협카드] 온라인 업종별 소비 트렌드_2022년 11월_#23 모바일 어플리케이션,"모바일 기기에서 어플리케이션을 결제한 고객의 속성 및 소비현황 데이터 
"
36094,[NH농협카드] 온라인 업종별 소비 트렌드_2022년 11월_#22 휴대폰 액세서리,"온라인으로 휴대폰 액세서리을 구매한 고객의 속성 및 소비현황 데이터 
"
36093,[NH농협카드] 온라인 업종별 소비 트렌드_2022년 11월_#21 대리운전,"온라인을 통해 대리운전 서비스를 이용한 고객의 속성 및 소비현황 데이터 
"
36092,[NH농협카드] 온라인 업종별 소비 트렌드_2022년 11월_#20 스포츠용품,"온라인으로 스포츠용품을 구매한 고객의 속성 및 소비현황 데이터 
"
36091,[NH농협카드] 온라인 업종별 소비 트렌드_2022년 11월_#19 패션,"온라인으로 패션 상품을 구매한 고객의 속성 및 소비현황 데이터 
"
36090,[NH농협카드] 온라인 업종별 소비 트렌드_2022년 11월_#18 화장품,"온라인으로 화장품을 구매한 고객의 속성 및 소비현황 데이터 
"
36089,[NH농협카드] 온라인 업종별 소비 트렌드_2022년 11월_#17 해외직구,"해외 직구 이용 고객의 속성 및 소비현황 데이터 
"
36088,[NH농협카드] 온라인 업종별 소비 트렌드_2022년 11월_#16 면세점,"온라인 면세점 이용 고객의 속성 및 소비현황 데이터 
"
36087,[NH농협카드] 온라인 업종별 소비 트렌드_2022년 11월_#15 소셜/오픈마켓,"온라인 소셜, 오픈마켓 사이트 이용 고객의 속성 및 소비현황 데이터 
"
36086,[NH농협카드] 온라인 업종별 소비 트렌드_2022년 11월_#14 중고마켓,"온라인 중고마켓 이용 고객의 속성 및 소비현황 데이터 
"
36085,[NH농협카드] 온라인 업종별 소비 트렌드_2022년 11월_#13 게임,"온라인 게임사이트 결제 고객의 속성 및 소비현황 데이터 
"
36084,[NH농협카드] 온라인 업종별 소비 트렌드_2022년 11월_#12 반려동물,"온라인을 통해 반려동물 관련 용품, 푸드, 미용 등을 구매한 고객의 속성 및 소비현황 데이터 
"
36083,[NH농협카드] 온라인 업종별 소비 트렌드_2022년 11월_#11 전기차 충전,"전기차 충전결제 데이터을 통해 살펴보는 전기차 이용고객 속성 및 소비현황 데이터 
"
36082,[NH농협카드] 온라인 업종별 소비 트렌드_2022년 11월_#10 자전거,"온라인으로 자전거나 자전거 용품을 구입하신 고객들의 속성 및 소비현황 데이터 
"
36081,[NH농협카드] 온라인 업종별 소비 트렌드_2022년 11월_#9 낚시,"낚시 관련 용품 온라인 구매고객 속성 및 소비현황 데이터 
"
36080,[NH농협카드] 온라인 업종별 소비 트렌드_2022년 11월_#8 골프,"골프 관련 상품 온라인 구매고객 속성 및 소비현황 데이터 
"
36079,[NH농협카드] 온라인 업종별 소비 트렌드_2022년 11월_#7 공유서비스 (자동차),"공유 자동차 서비스 이용고객 속성 및 소비현황 데이터 
"
36078,[NH농협카드] 온라인 업종별 소비 트렌드_2022년 11월_#6 공유서비스 (자전거/킥보드),"자전거, 킥보드 등 공유서비스 이용고객 속성 및 소비현황 데이터 
"
36077,[NH농협카드] 온라인 업종별 소비 트렌드_2022년 11월_#5 커피,"커피 업체 앱 등 커피 관련 온라인 서비스 이용고객 속성 및 소비현황 데이터 
"
36076,[NH농협카드] 온라인 업종별 소비 트렌드_2022년 11월_#4 외식배달,"온라인 외식 배달 서비스 이용고객 속성 및 소비현황 데이터 
"
36075,[NH농협카드] 온라인 업종별 소비 트렌드_2022년 11월_#3 간편식/식자재,"간편식 및 식자재 온라인 구매고객 속성 및 소비현황 데이터 
"
36074,[NH농협카드] 온라인 업종별 소비 트렌드_2022년 11월_#2 새벽배송,"새벽배송 온라인 이용고객 속성 및 소비현황 데이터 
"
36073,[NH농협카드] 온라인 업종별 소비 트렌드_2022년 11월_#1 명품,"명품 관련 업종 온라인 구매고객 속성 및 소비현황 데이터 
"
36069,"거주지역별, 성별, 연령별 이용 건수 증가율 상위 업종 TOP 10_2022년 12월 (무료 데이터)","거주지역별, 성별, 연령별 이용 건수 증가율 상위 업종 TOP 10_2022년 12월"
35895,"202211 전국 행정동단위 SOHO 데이터",본 데이터는 KCB가 각 금융사들로부터 매일 수집하는 최신 금융 데이터를 공간 단위로 재가공해 월별로 제공하고 있습니다.
35894,"202211 전국 시군구단위 SOHO 데이터",본 데이터는 KCB가 각 금융사들로부터 매일 수집하는 최신 금융 데이터를 공간 단위로 재가공해 월별로 제공하고 있습니다.
35893,"202211 전국 시도단위 SOHO 데이터",본 데이터는 KCB가 각 금융사들로부터 매일 수집하는 최신 금융 데이터를 공간 단위로 재가공해 월별로 제공하고 있습니다.
35892,"202211 전국 행정동단위 하이엔드 데이터",본 데이터는 KCB가 각 금융사들로부터 매일 수집하는 최신 금융 데이터를 공간 단위로 재가공해 월별로 제공하고 있습니다.
35891,"202211 전국 시군구단위 하이엔드 데이터",본 데이터는 KCB가 각 금융사들로부터 매일 수집하는 최신 금융 데이터를 공간 단위로 재가공해 월별로 제공하고 있습니다.
35890,"202211 전국 시도단위 하이엔드 데이터",본 데이터는 KCB가 각 금융사들로부터 매일 수집하는 최신 금융 데이터를 공간 단위로 재가공해 월별로 제공하고 있습니다.
35889,"202211 전국 행정동단위 자산평가 데이터",본 데이터는 KCB가 각 금융사들로부터 매일 수집하는 최신 금융 데이터를 공간 단위로 재가공해 월별로 제공하고 있습니다.
35888,"202211 전국 시군구단위 자산평가 데이터",본 데이터는 KCB가 각 금융사들로부터 매일 수집하는 최신 금융 데이터를 공간 단위로 재가공해 월별로 제공하고 있습니다.
35887,"202211 전국 시도단위 자산평가 데이터",본 데이터는 KCB가 각 금융사들로부터 매일 수집하는 최신 금융 데이터를 공간 단위로 재가공해 월별로 제공하고 있습니다.
35886,"202211 전국 행정동단위 예금여력 데이터",본 데이터는 KCB가 각 금융사들로부터 매일 수집하는 최신 금융 데이터를 공간 단위로 재가공해 월별로 제공하고 있습니다.
35885,"202211 전국 시군구단위 예금여력 데이터",본 데이터는 KCB가 각 금융사들로부터 매일 수집하는 최신 금융 데이터를 공간 단위로 재가공해 월별로 제공하고 있습니다.
35884,"202211 전국 시도단위 예금여력 데이터",본 데이터는 KCB가 각 금융사들로부터 매일 수집하는 최신 금융 데이터를 공간 단위로 재가공해 월별로 제공하고 있습니다.
35883,"202211 전국 행정동단위 연체정보 데이터",본 데이터는 KCB가 각 금융사들로부터 매일 수집하는 최신 금융 데이터를 공간 단위로 재가공해 월별로 제공하고 있습니다.
35882,"202211 전국 시군구단위 연체정보 데이터",본 데이터는 KCB가 각 금융사들로부터 매일 수집하는 최신 금융 데이터를 공간 단위로 재가공해 월별로 제공하고 있습니다.
35881,"202211 전국 시도단위 연체정보 데이터",본 데이터는 KCB가 각 금융사들로부터 매일 수집하는 최신 금융 데이터를 공간 단위로 재가공해 월별로 제공하고 있습니다.
35880,"202211 전국 행정동단위 대출정보 데이터",본 데이터는 KCB가 각 금융사들로부터 매일 수집하는 최신 금융 데이터를 공간 단위로 재가공해 월별로 제공하고 있습니다.
35879,"202211 전국 시군구단위 대출정보 데이터",본 데이터는 KCB가 각 금융사들로부터 매일 수집하는 최신 금융 데이터를 공간 단위로 재가공해 월별로 제공하고 있습니다.
35878,"202211 전국 시도단위 대출정보 데이터",본 데이터는 KCB가 각 금융사들로부터 매일 수집하는 최신 금융 데이터를 공간 단위로 재가공해 월별로 제공하고 있습니다.
35877,"202211 전국 행정동단위 소비정보 데이터",본 데이터는 KCB가 각 금융사들로부터 매일 수집하는 최신 금융 데이터를 공간 단위로 재가공해 월별로 제공하고 있습니다.
35862,"2022년 12월 울산 현시점 공실 정보","2022년 12월 울산 현시점 공실 정보"
35861,"2022년 12월 울산,양산 지역 기업 DB 데이터","2022년 12월 울산,양산 지역 기업 DB 데이터"
35860,"202211 전국 시군구단위 소비정보 데이터",본 데이터는 KCB가 각 금융사들로부터 매일 수집하는 최신 금융 데이터를 공간 단위로 재가공해 월별로 제공하고 있습니다.
35859,"202211 전국 시도단위 소비정보 데이터",본 데이터는 KCB가 각 금융사들로부터 매일 수집하는 최신 금융 데이터를 공간 단위로 재가공해 월별로 제공하고 있습니다.
35858,"202211 전국 행정동단위 소득정보 데이터",본 데이터는 KCB가 각 금융사들로부터 매일 수집하는 최신 금융 데이터를 공간 단위로 재가공해 월별로 제공하고 있습니다.
35857,"202211 전국 시군구단위 소득정보 데이터",본 데이터는 KCB가 각 금융사들로부터 매일 수집하는 최신 금융 데이터를 공간 단위로 재가공해 월별로 제공하고 있습니다.
35856,"202211전국 시도단위 소득정보 데이터",본 데이터는 KCB가 각 금융사들로부터 매일 수집하는 최신 금융 데이터를 공간 단위로 재가공해 월별로 제공하고 있습니다.
35842,"건강한 일상의 소중함- 건강관리, 어떻게 하고 계신가요?",건강관리 트렌드 
35836,[NH농협카드] 소득구간별 업종별 소비현황_202209_월소득 400만원대 60대이상 여성,"월소득 400만원대 60대이상 여성의 시간대별, 주중/주말별, 거주지별, 소비 업종 및 지역별 카드 이용 현황을 분석할 수 있는 데이터
"
35835,[NH농협카드] 소득구간별 업종별 소비현황_202209_월소득 400만원대 60대이상 남성,"월소득 400만원대 60대이상 남성의 시간대별, 주중/주말별, 거주지별, 소비 업종 및 지역별 카드 이용 현황을 분석할 수 있는 데이터
"
35834,[NH농협카드] 소득구간별 업종별 소비현황_202209_월소득 400만원대 50대 여성,"월소득 400만원대 50대 여성의 시간대별, 주중/주말별, 거주지별, 소비 업종 및 지역별 카드 이용 현황을 분석할 수 있는 데이터
"
35833,[NH농협카드] 소득구간별 업종별 소비현황_202209_월소득 400만원대 50대 남성,"월소득 400만원대 50대 남성의 시간대별, 주중/주말별, 거주지별, 소비 업종 및 지역별 카드 이용 현황을 분석할 수 있는 데이터
"
35832,[NH농협카드] 소득구간별 업종별 소비현황_202209_월소득 400만원대 40대 여성,"월소득 400만원대 40대 여성의 시간대별, 주중/주말별, 거주지별, 소비 업종 및 지역별 카드 이용 현황을 분석할 수 있는 데이터
"
35831,[NH농협카드] 소득구간별 업종별 소비현황_202209_월소득 400만원대 40대 남성,"월소득 400만원대 40대 남성의 시간대별, 주중/주말별, 거주지별, 소비 업종 및 지역별 카드 이용 현황을 분석할 수 있는 데이터
"
35830,[NH농협카드] 소득구간별 업종별 소비현황_202209_월소득 400만원대 30대 여성,"월소득 400만원대 30대 여성의 시간대별, 주중/주말별, 거주지별, 소비 업종 및 지역별 카드 이용 현황을 분석할 수 있는 데이터
"
35829,[NH농협카드] 소득구간별 업종별 소비현황_202209_월소득 400만원대 30대 남성,"월소득 400만원대 30대 남성의 시간대별, 주중/주말별, 거주지별, 소비 업종 및 지역별 카드 이용 현황을 분석할 수 있는 데이터
"
35828,[NH농협카드] 소득구간별 업종별 소비현황_202209_월소득 400만원대 20대 여성,"월소득 400만원대 20대 여성의 시간대별, 주중/주말별, 거주지별, 소비 업종 및 지역별 카드 이용 현황을 분석할 수 있는 데이터
"
35827,[NH농협카드] 소득구간별 업종별 소비현황_202209_월소득 400만원대 20대 남성,"월소득 400만원대 20대 남성의 시간대별, 주중/주말별, 거주지별, 소비 업종 및 지역별 카드 이용 현황을 분석할 수 있는 데이터
"
35826,[NH농협카드] 소득구간별 업종별 소비현황_202209_월소득 300만원대 60대이상 여성,"월소득 300만원대 60대이상 여성의 시간대별, 주중/주말별, 거주지별, 소비 업종 및 지역별 카드 이용 현황을 분석할 수 있는 데이터
"
35825,[NH농협카드] 소득구간별 업종별 소비현황_202209_월소득 300만원대 60대이상 남성,"월소득 300만원대 60대이상 남성의 시간대별, 주중/주말별, 거주지별, 소비 업종 및 지역별 카드 이용 현황을 분석할 수 있는 데이터
"
35824,[NH농협카드] 소득구간별 업종별 소비현황_202209_월소득 300만원대 50대 여성,"월소득 300만원대 50대 여성의 시간대별, 주중/주말별, 거주지별, 소비 업종 및 지역별 카드 이용 현황을 분석할 수 있는 데이터
"
35823,[NH농협카드] 소득구간별 업종별 소비현황_202209_월소득 300만원대 50대 남성,"월소득 300만원대 50대 남성의 시간대별, 주중/주말별, 거주지별, 소비 업종 및 지역별 카드 이용 현황을 분석할 수 있는 데이터
"
35822,[NH농협카드] 소득구간별 업종별 소비현황_202209_월소득 300만원대 40대 여성,"월소득 300만원대 40대 여성의 시간대별, 주중/주말별, 거주지별, 소비 업종 및 지역별 카드 이용 현황을 분석할 수 있는 데이터
"
35821,[NH농협카드] 소득구간별 업종별 소비현황_202209_월소득 300만원대 40대 남성,"월소득 300만원대 40대 남성의 시간대별, 주중/주말별, 거주지별, 소비 업종 및 지역별 카드 이용 현황을 분석할 수 있는 데이터
"
35820,[NH농협카드] 소득구간별 업종별 소비현황_202209_월소득 300만원대 30대 여성,"월소득 300만원대 30대 여성의 시간대별, 주중/주말별, 거주지별, 소비 업종 및 지역별 카드 이용 현황을 분석할 수 있는 데이터
"
35819,[NH농협카드] 소득구간별 업종별 소비현황_202209_월소득 300만원대 30대 남성,"월소득 300만원대 30대 남성의 시간대별, 주중/주말별, 거주지별, 소비 업종 및 지역별 카드 이용 현황을 분석할 수 있는 데이터
"
35818,[NH농협카드] 소득구간별 업종별 소비현황_202209_월소득 300만원대 20대 여성,"월소득 300만원대 20대 여성의 시간대별, 주중/주말별, 거주지별, 소비 업종 및 지역별 카드 이용 현황을 분석할 수 있는 데이터
"
35817,[NH농협카드] 소득구간별 업종별 소비현황_202209_월소득 300만원대 20대 남성,"월소득 300만원대 20대 남성의 시간대별, 주중/주말별, 거주지별, 소비 업종 및 지역별 카드 이용 현황을 분석할 수 있는 데이터
"
35816,[NH농협카드] 소득구간별 업종별 소비현황_202209_월소득 200만원대 60대이상 여성,"월소득 200만원대 60대이상 여성의 시간대별, 주중/주말별, 거주지별, 소비 업종 및 지역별 카드 이용 현황을 분석할 수 있는 데이터
"
35815,[NH농협카드] 소득구간별 업종별 소비현황_202209_월소득 200만원대 60대이상 남성,"월소득 200만원대 60대이상 남성의 시간대별, 주중/주말별, 거주지별, 소비 업종 및 지역별 카드 이용 현황을 분석할 수 있는 데이터
"
35814,[NH농협카드] 소득구간별 업종별 소비현황_202209_월소득 200만원대 50대 여성,"월소득 200만원대 50대 여성의 시간대별, 주중/주말별, 거주지별, 소비 업종 및 지역별 카드 이용 현황을 분석할 수 있는 데이터
"
35813,[NH농협카드] 소득구간별 업종별 소비현황_202209_월소득 200만원대 50대 남성,"월소득 200만원대 50대 남성의 시간대별, 주중/주말별, 거주지별, 소비 업종 및 지역별 카드 이용 현황을 분석할 수 있는 데이터
"
35812,[NH농협카드] 소득구간별 업종별 소비현황_202209_월소득 200만원대 40대 여성,"월소득 200만원대 40대 여성의 시간대별, 주중/주말별, 거주지별, 소비 업종 및 지역별 카드 이용 현황을 분석할 수 있는 데이터
"
35811,[NH농협카드] 소득구간별 업종별 소비현황_202209_월소득 200만원대 40대 남성,"월소득 200만원대 40대 남성의 시간대별, 주중/주말별, 거주지별, 소비 업종 및 지역별 카드 이용 현황을 분석할 수 있는 데이터
"
35810,[NH농협카드] 소득구간별 업종별 소비현황_202209_월소득 200만원대 30대 여성,"월소득 200만원대 30대 여성의 시간대별, 주중/주말별, 거주지별, 소비 업종 및 지역별 카드 이용 현황을 분석할 수 있는 데이터
"
35809,[NH농협카드] 소득구간별 업종별 소비현황_202209_월소득 200만원대 30대 남성,"월소득 200만원대 30대 남성의 시간대별, 주중/주말별, 거주지별, 소비 업종 및 지역별 카드 이용 현황을 분석할 수 있는 데이터
"
35808,[NH농협카드] 소득구간별 업종별 소비현황_202209_월소득 200만원대 20대 여성,"월소득 200만원대 20대 여성의 시간대별, 주중/주말별, 거주지별, 소비 업종 및 지역별 카드 이용 현황을 분석할 수 있는 데이터
"
35807,[NH농협카드] 소득구간별 업종별 소비현황_202209_월소득 200만원대 20대 남성,"월소득 200만원대 20대 남성의 시간대별, 주중/주말별, 거주지별, 소비 업종 및 지역별 카드 이용 현황을 분석할 수 있는 데이터
"
35806,[NH농협카드] 소득구간별 업종별 소비현황_202209_월소득 100만원대 60대이상 여성,"월소득 100만원대 60대이상 여성의 시간대별, 주중/주말별, 거주지별, 소비 업종 및 지역별 카드 이용 현황을 분석할 수 있는 데이터
"
35805,[NH농협카드] 소득구간별 업종별 소비현황_202209_월소득 100만원대 60대이상 남성,"월소득 100만원대 60대이상 남성의 시간대별, 주중/주말별, 거주지별, 소비 업종 및 지역별 카드 이용 현황을 분석할 수 있는 데이터
"
35804,[NH농협카드] 소득구간별 업종별 소비현황_202209_월소득 100만원대 50대 여성,"월소득 100만원대 50대 여성의 시간대별, 주중/주말별, 거주지별, 소비 업종 및 지역별 카드 이용 현황을 분석할 수 있는 데이터
"
35803,[NH농협카드] 소득구간별 업종별 소비현황_202209_월소득 100만원대 50대 남성,"월소득 100만원대 50대 남성의 시간대별, 주중/주말별, 거주지별, 소비 업종 및 지역별 카드 이용 현황을 분석할 수 있는 데이터
"
35802,[NH농협카드] 소득구간별 업종별 소비현황_202209_월소득 100만원대 40대 여성,"월소득 100만원대 40대 여성의 시간대별, 주중/주말별, 거주지별, 소비 업종 및 지역별 카드 이용 현황을 분석할 수 있는 데이터
"
35801,[NH농협카드] 소득구간별 업종별 소비현황_202209_월소득 100만원대 40대 남성,"월소득 100만원대 40대 남성의 시간대별, 주중/주말별, 거주지별, 소비 업종 및 지역별 카드 이용 현황을 분석할 수 있는 데이터
"
35800,[NH농협카드] 소득구간별 업종별 소비현황_202209_월소득 100만원대 30대 여성,"월소득 100만원대 30대 여성의 시간대별, 주중/주말별, 거주지별, 소비 업종 및 지역별 카드 이용 현황을 분석할 수 있는 데이터
"
35799,[NH농협카드] 소득구간별 업종별 소비현황_202209_월소득 100만원대 30대 남성,"월소득 100만원대 30대 남성의 시간대별, 주중/주말별, 거주지별, 소비 업종 및 지역별 카드 이용 현황을 분석할 수 있는 데이터
"
35798,[NH농협카드] 소득구간별 업종별 소비현황_202209_월소득 100만원대 20대 여성,"월소득 100만원대 20대 여성의 시간대별, 주중/주말별, 거주지별, 소비 업종 및 지역별 카드 이용 현황을 분석할 수 있는 데이터
"
35797,[NH농협카드] 소득구간별 업종별 소비현황_202209_월소득 100만원대 20대 남성,"월소득 100만원대 20대 남성의 시간대별, 주중/주말별, 거주지별, 소비 업종 및 지역별 카드 이용 현황을 분석할 수 있는 데이터"
35792,"202211 키오스크 단말기 구내식당 주문데이터",식신e식권을 이용하는 기업 중 복합 결제 단말기를 사용하는 구내식당 결제 데이터입니다.
35791,"202211 요일별 인기업종 카테고리 데이터",대한민국 NO. 맛집 서비스 식신 사용자가 요일별로 조회하는 맛집의 업종 카테고리 데이터입니다.
35790,"202211 직장인 업종별 식권 사용 주 시간대",식신e식권 가맹점을 대상으로 직장인들의 식권 결제시간 분포 통계 데이터입니다. 
35789,"202211 기업과 가맹점 거리별 이용통계",식신e식권 이용기업과 가맹점 거리별 이용통계입니다. 
35788,"202211 가맹점 조중석식 운영현황",식신e식권의 가맹점 업종별 조중석식 운영 현황 데이터입니다.
35787,"202211 직장인 기업 석식 이용 통계",식신e식권을 이용하는 직장인들의 석식 이용 통계입니다.
35786,"2022 2Q 직장인 식권 취급기업 정보",식신E식권을 이용하는 기업의 정보 데이터로 기업 업종 지역별 사용 인원 비율을 알 수 있습니다. 본 상품은 협의 후 구매가 가능합니다.
35785,직장인 식권 취급음식점 POI,식신e식권에 가입되어 있는 전국 가맹점 POI 주소 데이터입니다. 본 상품은 협의 후 구매가 가능합니다.
35784,[2022년 여름/가을] 계절별 직장인 방문 음식점 업종 TOP 5,식신E식권을 이용하는 직장인들의 계절별 방문 음식점 업종 TOP 5를 나타낸 데이터입니다.
35783,"202211 요일별 직장인 방문 음식점 업종 TOP 5",식신E식권을 이용하는 직장인들의 요일별 방문 음식점 업종 TOP 5 데이터입니다. 요일별로 가장 인기 있는 음식 업종을 살펴볼 수 있습니다.
35782,"202211 기업 업종별 점심식대 평균",식신E식권 도입 기업의 종목별 식대 소비 통계 데이터입니다. 종목이 각기 다른 기업의 행정구역별 식대를 비교할 수 있습니다.
35781,"202211 요일별 직장인 점심식대 평균",식신E식권을 이용하는 직장인들의 요일별 점심 식대 소비 통계 데이터입니다. 직장인들이 요일별로 어떤 음식점 업종을 주로 이용하는지 살펴볼 수 있습니다.
35779,"202211 서울 직장인 점심식대 금액 평균",식신E식권을 이용하는 직장인들의 서울특별시 구단위 별 점심 식대 소비 통계 데이터입니다.
35778,"202211 전국 직장인 점심식대 금액 평균",식신E식권을 이용하는 직장인들의 대도시별 점심 식대 소비 통계 데이터 입니다. 대도시별 직장인들의 점심 식대 사용 금액을 대략적으로 비교할 수 있습니다.
35777,직장인 점심 식대 소비 통계,"식신E식권을 이용하는 직장인들의 점심 식대 소비 통계 데이터입니다. 구별, 음식 카테고리별, 삼식별(조식, 점심, 저녁 등) 평균 이용 횟수를 확인할 수 있습니다. "
35776,"202211 맛집별 조회 통계",식신에 등록되어 있는 음식점의 사용자 조회 데이터로 인기 매장과 인기 음식 카테고리 정보를 볼 수 있습니다. 
35775,"202211 음식 메뉴 및 가격 정보",식신이 수집한 전국 음식점 POI의 메뉴판을 기반으로 한 메뉴별 가격 정보 데이터입니다.
35774,큐레이션 푸드 매거진 컨텐츠,대한민국 NO.1 맛집 서비스 식신이 주제별로 선정한 맛집을 소개하는 기획기사형 매거진 데이터입니다.
35773,식신 사용자 음식점 평가 후기,"맛집, 음식점, 식당, 후기, 평가, 리뷰, 장소명, 음식점명, 전화번호, 주소, 댓글"
35772,전국 음식점 이미지,"대한민국 No.1 맛집 서비스 식신이 자체 촬영하거나, 식신 사용자가 업로드한 음식점 이미지 데이터입니다. "
35771,전국 핫플레이스 권역 정보 (폴리곤),전국 인기 지역(핫플레이스)을 권역별로 설정한 좌표 데이터입니다.
35770,"202211 전국 일반 맛집 정보",대한민국 NO.1 맛집 서비스 식신이 수집한 전국에 위치한 일반 음식점 POI 데이터입니다.
35769,"202211 전국 인기 맛집 정보",대한민국 NO.1 맛집 서비스 식신이 수집하고 관리하는 국내 인기 맛집 (핫플레이스) POI 데이터입니다.
35768,"202211 전국 BEST 맛집 정보",대한민국 NO.1 맛집 서비스 식신이 엄선한 전국 Best 맛집의 상세한 정보가 담긴 POI 데이터입니다.
35767,부산 경제 상황 진단용 데이터(2022.11),부산 경제 상황 진단을 위한 맞춤형 지표 정보
35766,"거주지역별, 성별, 연령별 이용 건수 증가율 상위 업종 TOP 10_2022년 11월 (무료 데이터)","거주지역별, 성별, 연령별 이용 건수 증가율 상위 업종 TOP 10_2022년 11월"
35578,"2022년 11월 울산 현시점 공실 정보","2022년 11월 울산 현시점 공실 정보"
35577,"2022년 11월 울산,양산 지역 기업 DB 데이터","2022년 11월 울산,양산 지역 기업 DB 데이터"
35576,"2022년 10월 울산 현시점 공실 정보","2022년 10월 울산 현시점 공실 정보"
35575,"2022년 10월 울산,양산 지역 기업 DB 데이터","2022년 10월 울산,양산 지역 기업 DB 데이터"
35566,코로나 바이러스 감염증-19(COVID-19) 현황 누적 데이터 활용 시각화 이미지,"코로나 바이러스 감염증-19(COVID-19) 현황 누적 데이터를 활용한 시각화 이미지

Python + Database 연동하여 데이터 전국 지도 맵핑
"
35547,"202210 키오스크 단말기 구내식당 주문데이터",식신e식권을 이용하는 기업 중 복합 결제 단말기를 사용하는 구내식당 결제 데이터입니다.
35546,"202210 요일별 인기업종 카테고리 데이터",대한민국 NO. 맛집 서비스 식신 사용자가 요일별로 조회하는 맛집의 업종 카테고리 데이터입니다.
35545,"202210 기업과 가맹점 거리별 이용통계",식신e식권 이용기업과 가맹점 거리별 이용통계입니다. 
35544,"202210 가맹점 조중석식 운영현황",식신e식권의 가맹점 업종별 조중석식 운영 현황 데이터입니다.
35543,"202210 직장인 기업 석식 이용 통계",식신e식권을 이용하는 직장인들의 석식 이용 통계입니다.
35542,"2022 2Q 직장인 식권 취급기업 정보",식신E식권을 이용하는 기업의 정보 데이터로 기업 업종 지역별 사용 인원 비율을 알 수 있습니다. 본 상품은 협의 후 구매가 가능합니다.
35541,직장인 식권 취급음식점 POI,식신e식권에 가입되어 있는 전국 가맹점 POI 주소 데이터입니다. 본 상품은 협의 후 구매가 가능합니다.
35540,[2022년 여름/가을] 계절별 직장인 방문 음식점 업종 TOP 5,식신E식권을 이용하는 직장인들의 계절별 방문 음식점 업종 TOP 5를 나타낸 데이터입니다.
35539,"202210 요일별 직장인 방문 음식점 업종 TOP 5",식신E식권을 이용하는 직장인들의 요일별 방문 음식점 업종 TOP 5 데이터입니다. 요일별로 가장 인기 있는 음식 업종을 살펴볼 수 있습니다.
35538,"202210 기업 업종별 점심식대 평균",식신E식권 도입 기업의 종목별 식대 소비 통계 데이터입니다. 종목이 각기 다른 기업의 행정구역별 식대를 비교할 수 있습니다.
35537,"202210 요일별 직장인 점심식대 평균",식신E식권을 이용하는 직장인들의 요일별 점심 식대 소비 통계 데이터입니다. 직장인들이 요일별로 어떤 음식점 업종을 주로 이용하는지 살펴볼 수 있습니다.
35536,"202210 서울 직장인 점심식대 금액 평균",식신E식권을 이용하는 직장인들의 서울특별시 구단위 별 점심 식대 소비 통계 데이터입니다.
35535,"202210 전국 직장인 점심식대 금액 평균",식신E식권을 이용하는 직장인들의 대도시별 점심 식대 소비 통계 데이터 입니다. 대도시별 직장인들의 점심 식대 사용 금액을 대략적으로 비교할 수 있습니다.
35534,직장인 점심 식대 소비 통계,"식신E식권을 이용하는 직장인들의 점심 식대 소비 통계 데이터입니다. 구별, 음식 카테고리별, 삼식별(조식, 점심, 저녁 등) 평균 이용 횟수를 확인할 수 있습니다. "
35533,"202210 맛집별 조회 통계",식신에 등록되어 있는 음식점의 사용자 조회 데이터로 인기 매장과 인기 음식 카테고리 정보를 볼 수 있습니다. 
35532,"202210 음식 메뉴 및 가격 정보",식신이 수집한 전국 음식점 POI의 메뉴판을 기반으로 한 메뉴별 가격 정보 데이터입니다.
35531,큐레이션 푸드 매거진 컨텐츠,대한민국 NO.1 맛집 서비스 식신이 주제별로 선정한 맛집을 소개하는 기획기사형 매거진 데이터입니다.
35530,식신 사용자 음식점 평가 후기,"맛집, 음식점, 식당, 후기, 평가, 리뷰, 장소명, 음식점명, 전화번호, 주소, 댓글"
35529,전국 음식점 이미지,"대한민국 No.1 맛집 서비스 식신이 자체 촬영하거나, 식신 사용자가 업로드한 음식점 이미지 데이터입니다. "
35525,전국 핫플레이스 권역 정보 (폴리곤),전국 인기 지역(핫플레이스)을 권역별로 설정한 좌표 데이터입니다.
35524,"202210 전국 일반 맛집 정보",대한민국 NO.1 맛집 서비스 식신이 수집한 전국에 위치한 일반 음식점 POI 데이터입니다.
35523,"202210 전국 인기 맛집 정보",대한민국 NO.1 맛집 서비스 식신이 수집하고 관리하는 국내 인기 맛집 (핫플레이스) POI 데이터입니다.
35522,"202210 전국 BEST 맛집 정보",대한민국 NO.1 맛집 서비스 식신이 엄선한 전국 Best 맛집의 상세한 정보가 담긴 POI 데이터입니다.
35521,부산 경제 상황 진단용 데이터(2022.08~2022.10),부산 경제 상황 진단을 위한 맞춤형 지표 정보
35520,"앞으로 1년, 고객들이 생각하는 소비 전망부터 달라질 소비 행동까지-",소비자들에게 들어본 2023 소비트렌드 
35518,"202210 전국 행정동단위 SOHO 데이터",본 데이터는 KCB가 각 금융사들로부터 매일 수집하는 최신 금융 데이터를 공간 단위로 재가공해 월별로 제공하고 있습니다.
35517,"202210 전국 시군구단위 SOHO 데이터",본 데이터는 KCB가 각 금융사들로부터 매일 수집하는 최신 금융 데이터를 공간 단위로 재가공해 월별로 제공하고 있습니다.
35516,"202210 전국 시도단위 SOHO 데이터",본 데이터는 KCB가 각 금융사들로부터 매일 수집하는 최신 금융 데이터를 공간 단위로 재가공해 월별로 제공하고 있습니다.
35515,"202210 전국 행정동단위 하이엔드 데이터",본 데이터는 KCB가 각 금융사들로부터 매일 수집하는 최신 금융 데이터를 공간 단위로 재가공해 월별로 제공하고 있습니다.
35514,"202210 전국 시군구단위 하이엔드 데이터",본 데이터는 KCB가 각 금융사들로부터 매일 수집하는 최신 금융 데이터를 공간 단위로 재가공해 월별로 제공하고 있습니다.
35513,"202210 전국 시도단위 하이엔드 데이터",본 데이터는 KCB가 각 금융사들로부터 매일 수집하는 최신 금융 데이터를 공간 단위로 재가공해 월별로 제공하고 있습니다.
35512,"202210 전국 행정동단위 자산평가 데이터",본 데이터는 KCB가 각 금융사들로부터 매일 수집하는 최신 금융 데이터를 공간 단위로 재가공해 월별로 제공하고 있습니다.
35511,"202210 전국 시군구단위 자산평가 데이터",본 데이터는 KCB가 각 금융사들로부터 매일 수집하는 최신 금융 데이터를 공간 단위로 재가공해 월별로 제공하고 있습니다.
35510,"202210 전국 시도단위 자산평가 데이터",본 데이터는 KCB가 각 금융사들로부터 매일 수집하는 최신 금융 데이터를 공간 단위로 재가공해 월별로 제공하고 있습니다.
35509,"202210 전국 행정동단위 예금여력 데이터",본 데이터는 KCB가 각 금융사들로부터 매일 수집하는 최신 금융 데이터를 공간 단위로 재가공해 월별로 제공하고 있습니다.
35508,"202210 전국 시군구단위 예금여력 데이터",본 데이터는 KCB가 각 금융사들로부터 매일 수집하는 최신 금융 데이터를 공간 단위로 재가공해 월별로 제공하고 있습니다.
35507,"202210 전국 시도단위 예금여력 데이터",본 데이터는 KCB가 각 금융사들로부터 매일 수집하는 최신 금융 데이터를 공간 단위로 재가공해 월별로 제공하고 있습니다.
35506,"202210 전국 행정동단위 연체정보 데이터",본 데이터는 KCB가 각 금융사들로부터 매일 수집하는 최신 금융 데이터를 공간 단위로 재가공해 월별로 제공하고 있습니다.
35505,"202210 전국 시군구단위 연체정보 데이터",본 데이터는 KCB가 각 금융사들로부터 매일 수집하는 최신 금융 데이터를 공간 단위로 재가공해 월별로 제공하고 있습니다.
35504,"202210 전국 시도단위 연체정보 데이터",본 데이터는 KCB가 각 금융사들로부터 매일 수집하는 최신 금융 데이터를 공간 단위로 재가공해 월별로 제공하고 있습니다.
35503,"202210 전국 행정동단위 대출정보 데이터",본 데이터는 KCB가 각 금융사들로부터 매일 수집하는 최신 금융 데이터를 공간 단위로 재가공해 월별로 제공하고 있습니다.
35502,"202210 전국 시군구단위 대출정보 데이터",본 데이터는 KCB가 각 금융사들로부터 매일 수집하는 최신 금융 데이터를 공간 단위로 재가공해 월별로 제공하고 있습니다.
35501,"202210 전국 시도단위 대출정보 데이터",본 데이터는 KCB가 각 금융사들로부터 매일 수집하는 최신 금융 데이터를 공간 단위로 재가공해 월별로 제공하고 있습니다.
35500,"202210 전국 행정동단위 소비정보 데이터",본 데이터는 KCB가 각 금융사들로부터 매일 수집하는 최신 금융 데이터를 공간 단위로 재가공해 월별로 제공하고 있습니다.
35499,"202210 전국 시군구단위 소비정보 데이터",본 데이터는 KCB가 각 금융사들로부터 매일 수집하는 최신 금융 데이터를 공간 단위로 재가공해 월별로 제공하고 있습니다.
35498,"202210 전국 시도단위 소비정보 데이터",본 데이터는 KCB가 각 금융사들로부터 매일 수집하는 최신 금융 데이터를 공간 단위로 재가공해 월별로 제공하고 있습니다.
35497,"202210 전국 행정동단위 소득정보 데이터",본 데이터는 KCB가 각 금융사들로부터 매일 수집하는 최신 금융 데이터를 공간 단위로 재가공해 월별로 제공하고 있습니다.
35496,"202210 전국 시군구단위 소득정보 데이터",본 데이터는 KCB가 각 금융사들로부터 매일 수집하는 최신 금융 데이터를 공간 단위로 재가공해 월별로 제공하고 있습니다.
35495,"202210전국 시도단위 소득정보 데이터",본 데이터는 KCB가 각 금융사들로부터 매일 수집하는 최신 금융 데이터를 공간 단위로 재가공해 월별로 제공하고 있습니다.
35490,"거주지역별, 성별, 연령별 이용 건수 증가율 상위 업종 TOP 10_2022년 10월 (무료 데이터)","거주지역별, 성별, 연령별 이용 건수 증가율 상위 업종 TOP 10_2022년 10월"
35327,울산광역시 도시가스 빅데이터 기반 건물 임대건전성 대시보드,경동도시가스 데이터 및 공공 데이터 자료를 융합하여 상가 및 주택 건물에 대한 임대건전성 분석 및 관련 정보의 시각화 대시보드입니다.
35323,방송 카테고리별 + 인터뷰 텍스트 데이터,매일방송 프로그램 카테고리별 + 인터뷰로 분류한 텍스트 데이터
35322,방송 인터뷰 텍스트 데이터,"매일방송 프로그램, 인터뷰로 분류한  텍스트 데이터"
35321,방송 카테고리별 텍스트 데이터,매일방송 프로그램을 카테고리별로 분류한 텍스트 데이터
35320,"2022년 도시가스 신규사업자 업종별,  월별,  행정동별 사용량","2022년 도시가스 신규사업자 업종별,  월별,  행정동별 사용량"
35226, 의약품 도매업 산업분석 보고서,한국표준산업분류기준 의약품 도매업의 산업현황 및 산업 재무현황 분석을 제공하는 보고서 상품입니다.
35215,과실류 도매업 산업분석 보고서,한국표준산업분류기준 과실류 도매업의 산업현황 및 산업 재무현황 분석을 제공하는 보고서 상품입니다.
35210,"반려동물 양육자 1,500만 시대, 그들에게 필요한 것은?","반려동물 양육자들의 양육 생활에 대한 인식, 소비 행태, 니즈 등"
35181,"2022년 9월 울산,양산 지역 기업 DB 데이터","2022년 9월 울산,양산 지역 기업 DB 데이터"
35180,"2022년 9월 울산 현시점 공실 정보","2022년 9월 울산 현시점 공실 정보"
35132,행정처분정보*,국내 사업자에 대한 행정처분 정보를 제공하는 상품입니다.
35131,기업 ESG 활동과 기업 성과 데이터 분석 서비스 ,ESG 활동과 재무분석과의 상관관계 분석 및 시각화 서비스
35124,"202209 전국 행정동단위 SOHO 데이터",본 데이터는 KCB가 각 금융사들로부터 매일 수집하는 최신 금융 데이터를 공간 단위로 재가공해 월별로 제공하고 있습니다.
35123,"202209 전국 시군구단위 SOHO 데이터",본 데이터는 KCB가 각 금융사들로부터 매일 수집하는 최신 금융 데이터를 공간 단위로 재가공해 월별로 제공하고 있습니다.
35122,"202209 전국 시도단위 SOHO 데이터",본 데이터는 KCB가 각 금융사들로부터 매일 수집하는 최신 금융 데이터를 공간 단위로 재가공해 월별로 제공하고 있습니다.
35121,"202209 전국 행정동단위 하이엔드 데이터",본 데이터는 KCB가 각 금융사들로부터 매일 수집하는 최신 금융 데이터를 공간 단위로 재가공해 월별로 제공하고 있습니다.
35120,"202209 전국 시군구단위 하이엔드 데이터",본 데이터는 KCB가 각 금융사들로부터 매일 수집하는 최신 금융 데이터를 공간 단위로 재가공해 월별로 제공하고 있습니다.
35108,"202209 전국 시도단위 하이엔드 데이터",본 데이터는 KCB가 각 금융사들로부터 매일 수집하는 최신 금융 데이터를 공간 단위로 재가공해 월별로 제공하고 있습니다.
35107,"202209 전국 행정동단위 자산평가 데이터",본 데이터는 KCB가 각 금융사들로부터 매일 수집하는 최신 금융 데이터를 공간 단위로 재가공해 월별로 제공하고 있습니다.
35106,"202209 전국 시군구단위 자산평가 데이터",본 데이터는 KCB가 각 금융사들로부터 매일 수집하는 최신 금융 데이터를 공간 단위로 재가공해 월별로 제공하고 있습니다.
35105,"202209 전국 시도단위 자산평가 데이터",본 데이터는 KCB가 각 금융사들로부터 매일 수집하는 최신 금융 데이터를 공간 단위로 재가공해 월별로 제공하고 있습니다.
35104,"202209 전국 행정동단위 예금여력 데이터",본 데이터는 KCB가 각 금융사들로부터 매일 수집하는 최신 금융 데이터를 공간 단위로 재가공해 월별로 제공하고 있습니다.
35103,"202209 전국 시군구단위 예금여력 데이터",본 데이터는 KCB가 각 금융사들로부터 매일 수집하는 최신 금융 데이터를 공간 단위로 재가공해 월별로 제공하고 있습니다.
35102,"202209 전국 시도단위 예금여력 데이터",본 데이터는 KCB가 각 금융사들로부터 매일 수집하는 최신 금융 데이터를 공간 단위로 재가공해 월별로 제공하고 있습니다.
35101,"202209 전국 행정동단위 연체정보 데이터",본 데이터는 KCB가 각 금융사들로부터 매일 수집하는 최신 금융 데이터를 공간 단위로 재가공해 월별로 제공하고 있습니다.
35100,"202209 전국 시군구단위 연체정보 데이터",본 데이터는 KCB가 각 금융사들로부터 매일 수집하는 최신 금융 데이터를 공간 단위로 재가공해 월별로 제공하고 있습니다.
35099,"202209 전국 시도단위 연체정보 데이터",본 데이터는 KCB가 각 금융사들로부터 매일 수집하는 최신 금융 데이터를 공간 단위로 재가공해 월별로 제공하고 있습니다.
35098,"202209 전국 행정동단위 대출정보 데이터",본 데이터는 KCB가 각 금융사들로부터 매일 수집하는 최신 금융 데이터를 공간 단위로 재가공해 월별로 제공하고 있습니다.
35097,"202209 전국 시군구단위 대출정보 데이터",본 데이터는 KCB가 각 금융사들로부터 매일 수집하는 최신 금융 데이터를 공간 단위로 재가공해 월별로 제공하고 있습니다.
35096,"202209 전국 시도단위 대출정보 데이터",본 데이터는 KCB가 각 금융사들로부터 매일 수집하는 최신 금융 데이터를 공간 단위로 재가공해 월별로 제공하고 있습니다.
35095,"202209 전국 행정동단위 소비정보 데이터",본 데이터는 KCB가 각 금융사들로부터 매일 수집하는 최신 금융 데이터를 공간 단위로 재가공해 월별로 제공하고 있습니다.
35094,"202209 전국 시군구단위 소비정보 데이터",본 데이터는 KCB가 각 금융사들로부터 매일 수집하는 최신 금융 데이터를 공간 단위로 재가공해 월별로 제공하고 있습니다.
35093,"202209 전국 시도단위 소비정보 데이터",본 데이터는 KCB가 각 금융사들로부터 매일 수집하는 최신 금융 데이터를 공간 단위로 재가공해 월별로 제공하고 있습니다.
35092,"202209 전국 행정동단위 소득정보 데이터",본 데이터는 KCB가 각 금융사들로부터 매일 수집하는 최신 금융 데이터를 공간 단위로 재가공해 월별로 제공하고 있습니다.
35091,"202209 전국 시군구단위 소득정보 데이터",본 데이터는 KCB가 각 금융사들로부터 매일 수집하는 최신 금융 데이터를 공간 단위로 재가공해 월별로 제공하고 있습니다.
35090,"202209전국 시도단위 소득정보 데이터",본 데이터는 KCB가 각 금융사들로부터 매일 수집하는 최신 금융 데이터를 공간 단위로 재가공해 월별로 제공하고 있습니다.
35047,"2022년 8월 울산,양산 지역 기업 DB 데이터","2022년 8월 울산,양산 지역 기업 DB 데이터"
35046,"2022년 8월 울산 현시점 공실 정보","2022년 8월 울산 현시점 공실 정보"
35045,"거주지역별, 성별, 연령별 이용 건수 증가율 상위 업종 TOP 10_2022년 9월 (무료 데이터)","거주지역별, 성별, 연령별 이용 건수 증가율 상위 업종 TOP 10_2022년 9월"
35044,코로나19 전후 업종별 소비 금액 증감율_2022년 9월 (무료 데이터),코로나19 전후의 업종별 소비금액 증감율 비교
35043,"202209 키오스크 단말기 구내식당 주문데이터",식신e식권을 이용하는 기업 중 복합 결제 단말기를 사용하는 구내식당 결제 데이터입니다.
35042,"202209 요일별 인기업종 카테고리 데이터",대한민국 NO. 맛집 서비스 식신 사용자가 요일별로 조회하는 맛집의 업종 카테고리 데이터입니다.
35041,"202209 직장인 업종별 식권 사용 주 시간대",식신e식권 가맹점을 대상으로 직장인들의 식권 결제시간 분포 통계 데이터입니다. 
35040,"202209 기업과 가맹점 거리별 이용통계",식신e식권 이용기업과 가맹점 거리별 이용통계입니다. 
35039,"202209 가맹점 조중석식 운영현황",식신e식권의 가맹점 업종별 조중석식 운영 현황 데이터입니다.
35038,"202209 직장인 기업 석식 이용 통계",식신e식권을 이용하는 직장인들의 석식 이용 통계입니다.
35037,"2022 2Q 직장인 식권 취급기업 정보",식신E식권을 이용하는 기업의 정보 데이터로 기업 업종 지역별 사용 인원 비율을 알 수 있습니다. 본 상품은 협의 후 구매가 가능합니다.
35036,직장인 식권 취급음식점 POI,식신e식권에 가입되어 있는 전국 가맹점 POI 주소 데이터입니다. 본 상품은 협의 후 구매가 가능합니다.
35035,[2022년 여름/가을] 계절별 직장인 방문 음식점 업종 TOP 5,식신E식권을 이용하는 직장인들의 계절별 방문 음식점 업종 TOP 5를 나타낸 데이터입니다.
35034,"202209 요일별 직장인 방문 음식점 업종 TOP 5",식신E식권을 이용하는 직장인들의 요일별 방문 음식점 업종 TOP 5 데이터입니다. 요일별로 가장 인기 있는 음식 업종을 살펴볼 수 있습니다.
35033,"202209 기업 업종별 점심식대 평균",식신E식권 도입 기업의 종목별 식대 소비 통계 데이터입니다. 종목이 각기 다른 기업의 행정구역별 식대를 비교할 수 있습니다.
35032,"202209 요일별 직장인 점심식대 평균",식신E식권을 이용하는 직장인들의 요일별 점심 식대 소비 통계 데이터입니다. 직장인들이 요일별로 어떤 음식점 업종을 주로 이용하는지 살펴볼 수 있습니다.
35031,"202209 서울 직장인 점심식대 금액 평균",식신E식권을 이용하는 직장인들의 서울특별시 구단위 별 점심 식대 소비 통계 데이터입니다.
35030,"202209 전국 직장인 점심식대 금액 평균",식신E식권을 이용하는 직장인들의 대도시별 점심 식대 소비 통계 데이터 입니다. 대도시별 직장인들의 점심 식대 사용 금액을 대략적으로 비교할 수 있습니다.
35029,직장인 점심 식대 소비 통계,"식신E식권을 이용하는 직장인들의 점심 식대 소비 통계 데이터입니다. 구별, 음식 카테고리별, 삼식별(조식, 점심, 저녁 등) 평균 이용 횟수를 확인할 수 있습니다. "
35028,"202209 맛집별 조회 통계",식신에 등록되어 있는 음식점의 사용자 조회 데이터로 인기 매장과 인기 음식 카테고리 정보를 볼 수 있습니다. 
35027,"202209 음식 메뉴 및 가격 정보",식신이 수집한 전국 음식점 POI의 메뉴판을 기반으로 한 메뉴별 가격 정보 데이터입니다.
35026,큐레이션 푸드 매거진 컨텐츠,대한민국 NO.1 맛집 서비스 식신이 주제별로 선정한 맛집을 소개하는 기획기사형 매거진 데이터입니다.
35025,식신 사용자 음식점 평가 후기,"맛집, 음식점, 식당, 후기, 평가, 리뷰, 장소명, 음식점명, 전화번호, 주소, 댓글"
35024,전국 음식점 이미지,"대한민국 No.1 맛집 서비스 식신이 자체 촬영하거나, 식신 사용자가 업로드한 음식점 이미지 데이터입니다. "
35023,전국 핫플레이스 권역 정보 (폴리곤),전국 인기 지역(핫플레이스)을 권역별로 설정한 좌표 데이터입니다.
35022,"202209 전국 일반 맛집 정보",대한민국 NO.1 맛집 서비스 식신이 수집한 전국에 위치한 일반 음식점 POI 데이터입니다.
35021,"202209 전국 인기 맛집 정보",대한민국 NO.1 맛집 서비스 식신이 수집하고 관리하는 국내 인기 맛집 (핫플레이스) POI 데이터입니다.
35020,"202209 전국 BEST 맛집 정보",대한민국 NO.1 맛집 서비스 식신이 엄선한 전국 Best 맛집의 상세한 정보가 담긴 POI 데이터입니다.
35019,"202208 키오스크 단말기 구내식당 주문데이터",식신e식권을 이용하는 기업 중 복합 결제 단말기를 사용하는 구내식당 결제 데이터입니다.
35018,"202208 요일별 인기업종 카테고리 데이터",대한민국 NO. 맛집 서비스 식신 사용자가 요일별로 조회하는 맛집의 업종 카테고리 데이터입니다.
35017,"202208 직장인 업종별 식권 사용 주 시간대",식신e식권 가맹점을 대상으로 직장인들의 식권 결제시간 분포 통계 데이터입니다. 
35016,"202208 기업과 가맹점 거리별 이용통계",식신e식권 이용기업과 가맹점 거리별 이용통계입니다. 
35015,"202208 가맹점 조중석식 운영현황",식신e식권의 가맹점 업종별 조중석식 운영 현황 데이터입니다.
35014,"202208 직장인 기업 석식 이용 통계",식신e식권을 이용하는 직장인들의 석식 이용 통계입니다.
35013,"2022 2Q 직장인 식권 취급기업 정보",식신E식권을 이용하는 기업의 정보 데이터로 기업 업종 지역별 사용 인원 비율을 알 수 있습니다. 본 상품은 협의 후 구매가 가능합니다.
35012,직장인 식권 취급음식점 POI,식신e식권에 가입되어 있는 전국 가맹점 POI 주소 데이터입니다. 본 상품은 협의 후 구매가 가능합니다.
35011,[2022년 여름/가을] 계절별 직장인 방문 음식점 업종 TOP 5,식신E식권을 이용하는 직장인들의 계절별 방문 음식점 업종 TOP 5를 나타낸 데이터입니다.
35010,"202208 요일별 직장인 방문 음식점 업종 TOP 5",식신E식권을 이용하는 직장인들의 요일별 방문 음식점 업종 TOP 5 데이터입니다. 요일별로 가장 인기 있는 음식 업종을 살펴볼 수 있습니다.
35009,"202208 기업 업종별 점심식대 평균",식신E식권 도입 기업의 종목별 식대 소비 통계 데이터입니다. 종목이 각기 다른 기업의 행정구역별 식대를 비교할 수 있습니다.
35008,"202208 요일별 직장인 점심식대 평균","식신E식권을 이용하는 직장인들의 요일별 점심 식대 소비 통계 데이터입니다. 직장인들이 요일별로 어떤 음식점 업종을 주로 이용하는지 살펴볼 수 있습니다.
"
35007,"202208 서울 직장인 점심식대 금액 평균",식신E식권을 이용하는 직장인들의 서울특별시 구단위 별 점심 식대 소비 통계 데이터입니다.
35006,"202208 전국 직장인 점심식대 금액 평균",식신E식권을 이용하는 직장인들의 대도시별 점심 식대 소비 통계 데이터 입니다. 대도시별 직장인들의 점심 식대 사용 금액을 대략적으로 비교할 수 있습니다.
35005,직장인 점심 식대 소비 통계,"식신E식권을 이용하는 직장인들의 점심 식대 소비 통계 데이터입니다. 구별, 음식 카테고리별, 삼식별(조식, 점심, 저녁 등) 평균 이용 횟수를 확인할 수 있습니다. "
35004,"202208 맛집별 조회 통계",식신에 등록되어 있는 음식점의 사용자 조회 데이터로 인기 매장과 인기 음식 카테고리 정보를 볼 수 있습니다. 
35003,"202208 음식 메뉴 및 가격 정보",식신이 수집한 전국 음식점 POI의 메뉴판을 기반으로 한 메뉴별 가격 정보 데이터입니다.
35002,큐레이션 푸드 매거진 컨텐츠,대한민국 NO.1 맛집 서비스 식신이 주제별로 선정한 맛집을 소개하는 기획기사형 매거진 데이터입니다.
35001,식신 사용자 음식점 평가 후기,"식신 사용자가 음식점을 직접 방문해 보고 경험한 맛, 서비스 등 음식점에 대한 평가를 모은 리뷰 데이터입니다."
35000,전국 음식점 이미지,"대한민국 No.1 맛집 서비스 식신이 자체 촬영하거나, 식신 사용자가 업로드한 음식점 이미지 데이터입니다. "
34999,전국 핫플레이스 권역 정보 (폴리곤),전국 인기 지역(핫플레이스)을 권역별로 설정한 좌표 데이터입니다.
34998,"202208 전국 일반 맛집 정보",대한민국 NO.1 맛집 서비스 식신이 수집한 전국에 위치한 일반 음식점 POI 데이터입니다.
34997,"202208 전국 인기 맛집 정보",대한민국 NO.1 맛집 서비스 식신이 수집하고 관리하는 국내 인기 맛집 (핫플레이스) POI 데이터입니다.
34996,"202208 전국 BEST 맛집 정보",대한민국 NO.1 맛집 서비스 식신이 엄선한 전국 Best 맛집의 상세한 정보가 담긴 POI 데이터입니다.
34970,주요 주주,기업의 주요 주주 정보를 제공하는 데이터 상품입니다.
34969,기업규모 및 형태,기업 규모 및 형태 데이터를 제공하는 상품입니다.
34968,채무불이행 정보,"한국신용정보원으로 집중관리되는 국내 5,000여개 여신금융기관의 기업신용정보 중 기업 채무불이행에 대한 발생일, 제공일, 해제일, 등록금액, 연체금액 등 신용불량정보를 제공합니다."
34967,기업인증,특허청 키프리스 플러스를 기반으로 입수한 특허 및 실용신안 정보를 제공하는 상품입니다.
34966,기업인증*,특허청 키프리스 플러스를 기반으로 입수한 특허 및 실용신안 정보를 제공하는 상품입니다.
34965,그룹정보,신용정보사와 공정거래위원회를 통해 입수하는 정보를 바탕으로 상호출자제한기업집단을 포함한 계열/집단 등 그룹사 정보를 제공하는 상품입니다.
34964,그룹정보*,신용정보사와 공정거래위원회를 통해 입수하는 정보를 바탕으로 상호출자제한기업집단을 포함한 계열/집단 등 그룹사 정보를 제공하는 상품입니다.
34963,ESG활동과 기업성과분석 데이터,"기업별, 연도별 ESG 스코어와 재무정보를 융합하여 제공하는 상품으로, ESG점수와 재무비율간의 상관관계 등을 분석 가능한 상품입니다."
34959,[NH농협카드] 업종별 월별 소비 트렌드_202208_기부금,"기부금의 월별, 지역(시/군/구)별 소비 트렌드를 분석할 수 있는 데이터
"
34958,[NH농협카드] 업종별 월별 소비 트렌드_202208_철학관,"철학관 업종의 월별, 지역(시/군/구)별 소비 트렌드를 분석할 수 있는 데이터
"
34957,[NH농협카드] 업종별 월별 소비 트렌드_202208_음식점,"일반음식점 업종의 월별, 지역(시/군/구)별 소비 트렌드를 분석할 수 있는 데이터
"
34956,[NH농협카드] 업종별 월별 소비 트렌드_202208_학원,"학원 서비스 업종의 월별, 지역(시/군/구)별 소비 트렌드를 분석할 수 있는 데이터
"
34955,[NH농협카드] 업종별 월별 소비 트렌드_202208_자전거 판매점,"자전거 판매 업종의 월별, 지역(시/군/구)별 소비 트렌드를 분석할 수 있는 데이터
"
34954,[NH농협카드] 업종별 월별 소비 트렌드_202208_오토바이 판매점,"오토바이 판매 업종의 월별, 지역(시/군/구)별 소비 트렌드를 분석할 수 있는 데이터
"
34953,[NH농협카드] 업종별 월별 소비 트렌드_202208_건강식품점,"건강식품 판매 업종의 월별, 지역(시/군/구)별 소비 트렌드를 분석할 수 있는 데이터
"
34952,[NH농협카드] 업종별 월별 소비 트렌드_202208_수입자동차 판매점,"수입자동차 판매 업종의 월별, 지역(시/군/구)별 소비 트렌드를 분석할 수 있는 데이터
"
34951,[NH농협카드] 업종별 월별 소비 트렌드_202208_주얼리 판매점,"주얼리 판매 업종의 월별, 지역(시/군/구)별 소비 트렌드를 분석할 수 있는 데이터
"
34950,[NH농협카드] 업종별 월별 소비 트렌드_202208_렌터카,"렌터카 업종의 월별, 지역(시/군/구)별 소비 트렌드를 분석할 수 있는 데이터
"
34949,[NH농협카드] 업종별 월별 소비 트렌드_202208_가발전문점,"가발전문점 업종의 월별, 지역(시/군/구)별 소비 트렌드를 분석할 수 있는 데이터
"
34948,[NH농협카드] 업종별 월별 소비 트렌드_202208_인테리어,"인테리어 관련 업종의 월별, 지역(시/군/구)별 소비 트렌드를 분석할 수 있는 데이터
"
34947,[NH농협카드] 업종별 월별 소비 트렌드_202208_웨딩서비스,"웨딩서비스 관련 업종의 월별, 지역(시/군/구)별 소비 트렌드를 분석할 수 있는 데이터
"
34946,[NH농협카드] 업종별 월별 소비 트렌드_202208_의류,"의류 판매 업종의 월별, 지역(시/군/구)별 소비 트렌드를 분석할 수 있는 데이터
"
34945,[NH농협카드] 업종별 월별 소비 트렌드_202208_보험,"보험 업종의 월별, 지역(시/군/구)별 소비 트렌드를 분석할 수 있는 데이터
"
34944,[NH농협카드] 업종별 월별 소비 트렌드_202208_레저 스포츠,"레저/스포츠 업종의 월별, 지역(시/군/구)별 소비 트렌드를 분석할 수 있는 데이터
"
34943,[NH농협카드] 업종별 월별 소비 트렌드_202208_여행서비스,"여행 서비스 업종의 월별, 지역(시/군/구)별 소비 트렌드를 분석할 수 있는 데이터
"
34942,[NH농협카드] 업종별 월별 소비 트렌드_202208_영화관,"영화관 업종의 월별, 지역(시/군/구)별 소비 트렌드를 분석할 수 있는 데이터
"
34941,[NH농협카드] 업종별 월별 소비 트렌드_202208_테니스장,"테니스장 업종의 월별, 지역(시/군/구)별 소비 트렌드를 분석할 수 있는 데이터
"
34940,[NH농협카드] 업종별 월별 소비 트렌드_202208_골프서비스,"골프서비스 업종의 월별, 지역(시/군/구)별 소비 트렌드를 분석할 수 있는 데이터
"
34939,[NH농협카드] 업종별 월별 소비 트렌드_202208_동물병원,"동물병원 업종의 월별, 지역(시/군/구)별 소비 트렌드를 분석할 수 있는 데이터
"
34938,[NH농협카드] 업종별 월별 소비 트렌드_202208_미용서비스,"미용서비스 업종의 월별, 지역(시/군/구)별 소비 트렌드를 분석할 수 있는 데이터
"
34937,[NH농협카드] 업종별 월별 소비 트렌드_202208_서점,"도서판매 업종의 월별, 지역(시/군/구)별 소비 트렌드를 분석할 수 있는 데이터
"
34936,[NH농협카드] 업종별 월별 소비 트렌드_202208_주류 판매점,"주류판매점 업종의 월별, 지역(시/군/구)별 소비 트렌드를 분석할 수 있는 데이터
"
34935,[NH농협카드] 업종별 월별 소비 트렌드_202208_백화점,"백화점 업종의 월별, 지역(시/군/구)별 소비 트렌드를 분석할 수 있는 데이터
"
34934,[NH농협카드] 업종별 월별 소비 트렌드_202208_대형마트,"대형마트 업종의 월별, 지역(시/군/구)별 소비 트렌드를 분석할 수 있는 데이터
"
34933,[NH농협카드] 업종별 월별 소비 트렌드_202208_면세점,"면세점 업종의 월별, 지역(시/군/구)별 소비 트렌드를 분석할 수 있는 데이터
"
34932,[NH농협카드] 업종별 월별 소비 트렌드_202208_편의점,"편의점 업종의 월별, 지역(시/군/구)별 소비 트렌드를 분석할 수 있는 데이터
"
34930,반려동물 보유 고객의 소비 패턴 분석 데이터,반려동물 보유 고객의 월별 소비 패턴 분석 데이터
34929,생활인구 가구 연계 데이터_서울/인천/경기,지역별/성/연령별 생활인구 및 가구수 정보
34769,"202208 전국 행정동단위 SOHO 데이터",본 데이터는 KCB가 각 금융사들로부터 매일 수집하는 최신 금융 데이터를 공간 단위로 재가공해 월별로 제공하고 있습니다.
34768,"202208 전국 시군구단위 SOHO 데이터",본 데이터는 KCB가 각 금융사들로부터 매일 수집하는 최신 금융 데이터를 공간 단위로 재가공해 월별로 제공하고 있습니다.
34767,"202208 전국 시도단위 SOHO 데이터",본 데이터는 KCB가 각 금융사들로부터 매일 수집하는 최신 금융 데이터를 공간 단위로 재가공해 월별로 제공하고 있습니다.
34766,"202208 전국 행정동단위 하이엔드 데이터",본 데이터는 KCB가 각 금융사들로부터 매일 수집하는 최신 금융 데이터를 공간 단위로 재가공해 월별로 제공하고 있습니다.
34765,"202208 전국 시군구단위 하이엔드 데이터",본 데이터는 KCB가 각 금융사들로부터 매일 수집하는 최신 금융 데이터를 공간 단위로 재가공해 월별로 제공하고 있습니다.
34764,"202208 전국 시도단위 하이엔드 데이터",본 데이터는 KCB가 각 금융사들로부터 매일 수집하는 최신 금융 데이터를 공간 단위로 재가공해 월별로 제공하고 있습니다.
34763,"202208 전국 행정동단위 자산평가 데이터",본 데이터는 KCB가 각 금융사들로부터 매일 수집하는 최신 금융 데이터를 공간 단위로 재가공해 월별로 제공하고 있습니다.
34762,"202208 전국 시군구단위 자산평가 데이터",본 데이터는 KCB가 각 금융사들로부터 매일 수집하는 최신 금융 데이터를 공간 단위로 재가공해 월별로 제공하고 있습니다.
34761,"202208 전국 시도단위 자산평가 데이터",본 데이터는 KCB가 각 금융사들로부터 매일 수집하는 최신 금융 데이터를 공간 단위로 재가공해 월별로 제공하고 있습니다.
34760,"202208 전국 행정동단위 예금여력 데이터",본 데이터는 KCB가 각 금융사들로부터 매일 수집하는 최신 금융 데이터를 공간 단위로 재가공해 월별로 제공하고 있습니다.
34759,"202208 전국 시군구단위 예금여력 데이터",본 데이터는 KCB가 각 금융사들로부터 매일 수집하는 최신 금융 데이터를 공간 단위로 재가공해 월별로 제공하고 있습니다.
34758,"202208 전국 시도단위 예금여력 데이터",본 데이터는 KCB가 각 금융사들로부터 매일 수집하는 최신 금융 데이터를 공간 단위로 재가공해 월별로 제공하고 있습니다.
34757,주요 주주*,기업의 주요 주주 정보를 제공하는 데이터 상품입니다.
34756,기업규모 및 형태*,기업 규모 및 형태 데이터를 제공하는 상품입니다.
34752,"202208 전국 행정동단위 연체정보 데이터",본 데이터는 KCB가 각 금융사들로부터 매일 수집하는 최신 금융 데이터를 공간 단위로 재가공해 월별로 제공하고 있습니다.
34751,"202208 전국 시군구단위 연체정보 데이터",본 데이터는 KCB가 각 금융사들로부터 매일 수집하는 최신 금융 데이터를 공간 단위로 재가공해 월별로 제공하고 있습니다.
34750,"202208 전국 시도단위 연체정보 데이터",본 데이터는 KCB가 각 금융사들로부터 매일 수집하는 최신 금융 데이터를 공간 단위로 재가공해 월별로 제공하고 있습니다.
34749,"202208 전국 행정동단위 대출정보 데이터",본 데이터는 KCB가 각 금융사들로부터 매일 수집하는 최신 금융 데이터를 공간 단위로 재가공해 월별로 제공하고 있습니다.
34748,"202208 전국 시군구단위 대출정보 데이터",본 데이터는 KCB가 각 금융사들로부터 매일 수집하는 최신 금융 데이터를 공간 단위로 재가공해 월별로 제공하고 있습니다.
34747,"202208 전국 시도단위 대출정보 데이터",본 데이터는 KCB가 각 금융사들로부터 매일 수집하는 최신 금융 데이터를 공간 단위로 재가공해 월별로 제공하고 있습니다.
34746,"202208 전국 행정동단위 소비정보 데이터",본 데이터는 KCB가 각 금융사들로부터 매일 수집하는 최신 금융 데이터를 공간 단위로 재가공해 월별로 제공하고 있습니다.
34745,"202208 전국 시군구단위 소비정보 데이터",본 데이터는 KCB가 각 금융사들로부터 매일 수집하는 최신 금융 데이터를 공간 단위로 재가공해 월별로 제공하고 있습니다.
34744,"202208 전국 시도단위 소비정보 데이터",본 데이터는 KCB가 각 금융사들로부터 매일 수집하는 최신 금융 데이터를 공간 단위로 재가공해 월별로 제공하고 있습니다.
34743,"202208 전국 행정동단위 소득정보 데이터",본 데이터는 KCB가 각 금융사들로부터 매일 수집하는 최신 금융 데이터를 공간 단위로 재가공해 월별로 제공하고 있습니다.
34742,"202208 전국 시군구단위 소득정보 데이터",본 데이터는 KCB가 각 금융사들로부터 매일 수집하는 최신 금융 데이터를 공간 단위로 재가공해 월별로 제공하고 있습니다.
34741,"202208전국 시도단위 소득정보 데이터",본 데이터는 KCB가 각 금융사들로부터 매일 수집하는 최신 금융 데이터를 공간 단위로 재가공해 월별로 제공하고 있습니다.
34732,[NH농협카드] 2022년 8월 페르소나별 소비현황_농촌 지역 중장년층,"NH농협카드에서 개발한 고객 니즈 및 행동 특성 기반 Persona별로 소비현황을 분석할 수 있는 데이터
"
34731,[NH농협카드] 2022년 8월 페르소나별 소비현황_디지털 입문 중장년,"NH농협카드에서 개발한 고객 니즈 및 행동 특성 기반 Persona별로 소비현황을 분석할 수 있는 데이터
"
34730,[NH농협카드] 2022년 8월 페르소나별 소비현황_고소득 직장맘,"NH농협카드에서 개발한 고객 니즈 및 행동 특성 기반 Persona별로 소비현황을 분석할 수 있는 데이터
"
34729,[NH농협카드] 2022년 8월 페르소나별 소비현황_럭셔리 사모님,"NH농협카드에서 개발한 고객 니즈 및 행동 특성 기반 Persona별로 소비현황을 분석할 수 있는 데이터
"
34728,[NH농협카드] 2022년 8월 페르소나별 소비현황_자녀가 있는 밀레니얼 세대,"NH농협카드에서 개발한 고객 니즈 및 행동 특성 기반 Persona별로 소비현황을 분석할 수 있는 데이터
"
34727,[NH농협카드] 2022년 8월 페르소나별 소비현황_DINK (Double Income No Kids) 족,"NH농협카드에서 개발한 고객 니즈 및 행동 특성 기반 Persona별로 소비현황을 분석할 수 있는 데이터
"
34726,[NH농협카드] 2022년 8월 페르소나별 소비현황_30대 1인 가구,"NH농협카드에서 개발한 고객 니즈 및 행동 특성 기반 Persona별로 소비현황을 분석할 수 있는 데이터
"
34725,[NH농협카드] 2022년 8월 페르소나별 소비현황_미혼 남성 그루밍족,"NH농협카드에서 개발한 고객 니즈 및 행동 특성 기반 Persona별로 소비현황을 분석할 수 있는 데이터
"
34724,[NH농협카드] 2022년 8월 페르소나별 소비현황_럭셔리 Z세대 여성,"NH농협카드에서 개발한 고객 니즈 및 행동 특성 기반 Persona별로 소비현황을 분석할 수 있는 데이터
"
34723,[NH농협카드] 2022년 8월 페르소나별 소비현황_다양한 혜택 민감 대학생,"NH농협카드에서 개발한 고객 니즈 및 행동 특성 기반 Persona별로 소비현황을 분석할 수 있는 데이터
"
34722,[NH농협카드] 2022년 8월 페르소나별 소비현황_용돈 생활 청소년,"NH농협카드에서 개발한 고객 니즈 및 행동 특성 기반 Persona별로 소비현황을 분석할 수 있는 데이터
"
34721,[NH농협카드] 2022년 8월 페르소나별 소비현황_한번 쓴 카드는 오래 쓰는 의리파,"NH농협카드에서 개발한 고객 니즈 및 행동 특성 기반 Persona별로 소비현황을 분석할 수 있는 데이터
"
34720,[NH농협카드] 2022년 8월 페르소나별 소비현황_중장년 개인사업자,"NH농협카드에서 개발한 고객 니즈 및 행동 특성 기반 Persona별로 소비현황을 분석할 수 있는 데이터
"
34719,[NH농협카드] 2022년 8월 페르소나별 소비현황_밀레니얼 청년사업가 ,"NH농협카드에서 개발한 고객 니즈 및 행동 특성 기반 Persona별로 소비현황을 분석할 수 있는 데이터
"
34702,"거리두기 없는 첫 명절, 달라진 추석나기 모습을 살펴볼까요?","2022년 추석 명절 소비 트렌드 "
34652,상권 분석 데이터셋_구리시_유동인구+방문인구+유입인구,"지정 상권내 유동인구, 상권에 방문하여 30분이상 체류한 방문인구, 상권 방문 고객의 거주지 분석한 유입인구 데이터 셋"
34648,"거주지역별, 성별, 연령별 이용 건수 증가율 상위 업종 TOP 10_2022년 8월 (무료 데이터)","거주지역별, 성별, 연령별 이용 건수 증가율 상위 업종 TOP 10_2022년 8월"
34647,코로나19 전후 업종별 소비 금액 증감율_2022년 8월 (무료 데이터),코로나19 전후의 업종별 소비금액 증감율 비교
34483,[NH농협카드] 2022년 8월 지역화폐 이용현황_홍천사랑,"NH농협카드에서 발급한 홍천사랑 체크카드로 충전&middot;결제된 지역화폐 이용 관련 데이터
"
34482,[NH농협카드] 2022년 8월 지역화폐 이용현황_홍성사랑,"NH농협카드에서 발급한 홍성사랑 체크카드로 충전&amp;middot;결제된 지역화폐 이용 관련 데이터
"
34481,[NH농협카드] 2022년 8월 지역화폐 이용현황_해남사랑,"NH농협카드에서 발급한 해남사랑 체크카드로 충전&middot;결제된 지역화폐 이용 관련 데이터
"
34480,[NH농협카드] 2022년 8월 지역화폐 이용현황_태안사랑,"NH농협카드에서 발급한 태안사랑 체크카드로 충전&middot;결제된 지역화폐 이용 관련 데이터
"
34479,[NH농협카드] 2022년 8월 지역화폐 이용현황_칠곡사랑,"NH농협카드에서 발급한 칠곡사랑 체크카드로 충전&amp;middot;결제된 지역화폐 이용 관련 데이터
"
34478,[NH농협카드] 2022년 8월 지역화폐 이용현황_진천사랑,"NH농협카드에서 발급한 진천사랑 체크카드로 충전&middot;결제된 지역화폐 이용 관련 데이터
"
34477,[NH농협카드] 2022년 8월 지역화폐 이용현황_제천모아,"NH농협카드에서 발급한 제천모아 체크카드로 충전&amp;middot;결제된 지역화폐 이용 관련 데이터
"
34476,[NH농협카드] 2022년 8월 지역화폐 이용현황_정읍정향누리,"NH농협카드에서 발급한 정읍정향누리 체크카드로 충전&middot;결제된 지역화폐 이용 관련 데이터
"
34475,[NH농협카드] 2022년 8월 지역화폐 이용현황_익산다이로움,"NH농협카드에서 발급한 익산다이로움 체크카드로 충전&middot;결제된 지역화폐 이용 관련 데이터
"
34474,[NH농협카드] 2022년 8월 지역화폐 이용현황_원주사랑,"NH농협카드에서 발급한 원주사랑 체크카드로 충전&amp;middot;결제된 지역화폐 이용 관련 데이터
"
34473,[NH농협카드] 2022년 8월 지역화폐 이용현황_울산페이,"NH농협카드에서 발급한 울산페이 체크카드로 충전&amp;middot;결제된 지역화폐 이용 관련 데이터
"
34472,[NH농협카드] 2022년 8월 지역화폐 이용현황_완도사랑,"NH농협카드에서 발급한 완도사랑 체크카드로 충전&middot;결제된 지역화폐 이용 관련 데이터
"
34471,[NH농협카드] 2022년 8월 지역화폐 이용현황_온통대전,"NH농협카드에서 발급한 온통대전 체크카드로 충전&amp;middot;결제된 지역화폐 이용 관련 데이터
"
34470,[NH농협카드] 2022년 8월 지역화폐 이용현황_예산사랑,"NH농협카드에서 발급한 예산사랑 체크카드로 충전&amp;middot;결제된 지역화폐 이용 관련 데이터
"
34469,[NH농협카드] 2022년 8월 지역화폐 이용현황_영천사랑,"NH농협카드에서 발급한 영천사랑 체크카드로 충전&middot;결제된 지역화폐 이용 관련 데이터
"
34468,[NH농협카드] 2022년 8월 지역화폐 이용현황_영주사랑,"NH농협카드에서 발급한 영주사랑 체크카드로 충전&middot;결제된 지역화폐 이용 관련 데이터
"
34467,[NH농협카드] 2022년 8월 지역화폐 이용현황_영암사랑,"NH농협카드에서 발급한 영암사랑 체크카드로 충전&middot;결제된 지역화폐 이용 관련 데이터
"
34466,[NH농협카드] 2022년 8월 지역화폐 이용현황_영동사랑,"NH농협카드에서 발급한 영동사랑 체크카드로 충전&amp;middot;결제된 지역화폐 이용 관련 데이터
"
34465,[NH농협카드] 2022년 8월 지역화폐 이용현황_안동사랑,"NH농협카드에서 발급한 안동사랑 체크카드로 충전&amp;middot;결제된 지역화폐 이용 관련 데이터
"
34464,[NH농협카드] 2022년 8월 지역화폐 이용현황_아산사랑,"NH농협카드에서 발급한 아산사랑 체크카드로 충전&middot;결제된 지역화폐 이용 관련 데이터
"
34463,[NH농협카드] 2022년 8월 지역화폐 이용현황_순천사랑,"NH농협카드에서 발급한 순천사랑 체크카드로 충전&middot;결제된 지역화폐 이용 관련 데이터
"
34462,[NH농협카드] 2022년 8월 지역화폐 이용현황_세종여민전,"NH농협카드에서 발급한 세종여민전 체크카드로 충전&amp;middot;결제된 지역화폐 이용 관련 데이터
"
34461,[NH농협카드] 2022년 8월 지역화폐 이용현황_성주사랑,"NH농협카드에서 발급한 성주사랑 체크카드로 충전&amp;middot;결제된 지역화폐 이용 관련 데이터
"
34460,[NH농협카드] 2022년 8월 지역화폐 이용현황_섬섬여수페이,"NH농협카드에서 발급한 섬섬여수페이 체크카드로 충전&amp;middot;결제된 지역화폐 이용 관련 데이터
"
34459,[NH농협카드] 2022년 8월 지역화폐 이용현황_서산사랑,"NH농협카드에서 발급한 서산사랑 체크카드로 충전&middot;결제된 지역화폐 이용 관련 데이터
"
34458,[NH농협카드] 2022년 8월 지역화폐 이용현황_상주화폐,"NH농협카드에서 발급한 상주화폐 체크카드로 충전&amp;middot;결제된 지역화폐 이용 관련 데이터
"
34457,[NH농협카드] 2022년 8월 지역화폐 이용현황_부산동백전,"NH농협카드에서 발급한 부산동백전 체크카드로 충전&middot;결제된 지역화폐 이용 관련 데이터
"
34456,[NH농협카드] 2022년 8월 지역화폐 이용현황_보령사랑,"NH농협카드에서 발급한 보령사랑 체크카드로 충전&amp;middot;결제된 지역화폐 이용 관련 데이터
"
34455,[NH농협카드] 2022년 8월 지역화폐 이용현황_문경사랑,"NH농협카드에서 발급한 문경사랑 체크카드로 충전&middot;결제된 지역화폐 이용 관련 데이터
"
34454,[NH농협카드] 2022년 8월 지역화폐 이용현황_무안사랑,"NH농협카드에서 발급한 무안사랑 체크카드로 충전&middot;결제된 지역화폐 이용 관련 데이터
"
34453,[NH농협카드] 2022년 8월 지역화폐 이용현황_당진사랑,"NH농협카드에서 발급한 당진사랑 체크카드로 충전&middot;결제된 지역화폐 이용 관련 데이터
"
34452,[NH농협카드] 2022년 8월 지역화폐 이용현황_담양사랑,"NH농협카드에서 발급한 담양사랑 체크카드로 충전&middot;결제된 지역화폐 이용 관련 데이터
"
34451,[NH농협카드] 2022년 8월 지역화폐 이용현황_논산사랑,"NH농협카드에서 발급한 논산사랑 체크카드로 충전&middot;결제된 지역화폐 이용 관련 데이터
"
34450,[NH농협카드] 2022년 8월 지역화폐 이용현황_남원사랑,"NH농협카드에서 발급한 남원사랑 체크카드로 충전&amp;middot;결제된 지역화폐 이용 관련 데이터
"
34449,[NH농협카드] 2022년 8월 지역화폐 이용현황_나주사랑,"NH농협카드에서 발급한 나주사랑 체크카드로 충전&middot;결제된 지역화폐 이용 관련 데이터
"
34448,[NH농협카드] 2022년 8월 지역화폐 이용현황_금산사랑,"NH농협카드에서 발급한 금산사랑 체크카드로 충전&amp;middot;결제된 지역화폐 이용 관련 데이터
"
34447,[NH농협카드] 2022년 8월 지역화폐 이용현황_군산사랑,"NH농협카드에서 발급한 군산사랑 체크카드로 충전&middot;결제된 지역화폐 이용 관련 데이터
"
34446,[NH농협카드] 2022년 8월 지역화폐 이용현황_구미사랑,"NH농협카드에서 발급한 구미사랑 체크카드로 충전&amp;middot;결제된 지역화폐 이용 관련 데이터
"
34445,[NH농협카드] 2022년 8월 지역화폐 이용현황_괴산사랑,"NH농협카드에서 발급한 괴산사랑 체크카드로 충전&middot;결제된 지역화폐 이용 관련 데이터
"
34444,부산 경제 상황 진단용 데이터,부산 경제 상황 진단을 위한 맞춤형 지표 정보
34439,여름 휴가철! 뜨는 음식 배달메뉴부터 지역별로 더 많이 먹는 메뉴까지-,휴가철 음식 배달앱 이용 트렌드
34438,"2022년 7월 울산 현시점 공실 정보","2022년 7월 울산 현시점 공실 정보"
34437,"2022년 6월 울산 현시점 공실 정보","2022년 6월 울산 현시점 공실 정보"
34436,[NH농협카드] 2022년 7월 시도별 업종별 소비현황_제주,"제주 거주고객의 고객 속성별, 시간대 및 이용업종별 소비현황 데이터
"
34435,[NH농협카드] 2022년 7월 시도별 업종별 소비현황_경남,"경남 거주고객의 고객 속성별, 시간대 및 이용업종별 소비현황 데이터
"
34434,[NH농협카드] 2022년 7월 시도별 업종별 소비현황_경북,"경북 거주고객의 고객 속성별, 시간대 및 이용업종별 소비현황 데이터
"
34433,[NH농협카드] 2022년 7월 시도별 업종별 소비현황_전남,"전남 거주고객의 고객 속성별, 시간대 및 이용업종별 소비현황 데이터
"
34432,[NH농협카드] 2022년 7월 시도별 업종별 소비현황_전북,"전북 거주고객의 고객 속성별, 시간대 및 이용업종별 소비현황 데이터
"
34431,[NH농협카드] 2022년 7월 시도별 업종별 소비현황_충남,"충남 거주고객의 고객 속성별, 시간대 및 이용업종별 소비현황 데이터
"
34430,[NH농협카드] 2022년 7월 시도별 업종별 소비현황_충북,"충북 거주고객의 고객 속성별, 시간대 및 이용업종별 소비현황 데이터
"
34429,[NH농협카드] 2022년 7월 시도별 업종별 소비현황_강원,"강원 거주고객의 고객 속성별, 시간대 및 이용업종별 소비현황 데이터
"
34428,[NH농협카드] 2022년 7월 시도별 업종별 소비현황_경기,"경기 거주고객의 고객 속성별, 시간대 및 이용업종별 소비현황 데이터
"
34427,[NH농협카드] 2022년 7월 시도별 업종별 소비현황_세종,"세종 거주고객의 고객 속성별, 시간대 및 이용업종별 소비현황 데이터
"
34426,[NH농협카드] 2022년 7월 시도별 업종별 소비현황_울산,"울산 거주고객의 고객 속성별, 시간대 및 이용업종별 소비현황 데이터
"
34425,[NH농협카드] 2022년 7월 시도별 업종별 소비현황_대전,"대전 거주고객의 고객 속성별, 시간대 및 이용업종별 소비현황 데이터
"
34424,[NH농협카드] 2022년 7월 시도별 업종별 소비현황_광주,"광주 거주고객의 고객 속성별, 시간대 및 이용업종별 소비현황 데이터
"
34423,[NH농협카드] 2022년 7월 시도별 업종별 소비현황_인천,"인천 거주고객의 고객 속성별, 시간대 및 이용업종별 소비현황 데이터
"
34422,[NH농협카드] 2022년 7월 시도별 업종별 소비현황_대구,"대구 거주고객의 고객 속성별, 시간대 및 이용업종별 소비현황 데이터
"
34421,[NH농협카드] 2022년 7월 시도별 업종별 소비현황_부산,"부산 거주고객의 고객 속성별, 시간대 및 이용업종별 소비현황 데이터
"
34420,[NH농협카드] 2022년 7월 시도별 업종별 소비현황_서울,"서울 거주고객의 고객 속성별, 시간대 및 이용업종별 소비현황 데이터
"
34419,[NH농협카드] 2022년 7월 성별/연령별 업종별 소비현황_60대 이상 여성,"60대 이상 여성고객의 거주지별 이용업종별 소비현황 데이터
"
34418,[NH농협카드] 2022년 7월 성별/연령별 업종별 소비현황_60대 이상 남성,"60대 이상 남성고객의 거주지별 이용업종별 소비현황 데이터
"
34417,[NH농협카드] 2022년 7월 성별/연령별 업종별 소비현황_50대 여성,"50대 여성고객의 거주지별 이용업종별 소비현황 데이터
"
34416,[NH농협카드] 2022년 7월 성별/연령별 업종별 소비현황_50대 남성,"50대 남성고객의 거주지별 이용업종별 소비현황 데이터
"
34415,[NH농협카드] 2022년 7월 성별/연령별 업종별 소비현황_40대 여성,"40대 여성고객의 거주지별 이용업종별 소비현황 데이터
"
34414,[NH농협카드] 2022년 7월 성별/연령별 업종별 소비현황_40대 남성,"40대 남성고객의 거주지별 이용업종별 소비현황 데이터
"
34413,[NH농협카드] 2022년 7월 성별/연령별 업종별 소비현황_30대 여성,"30대 여성고객의 거주지별 이용업종별 소비현황 데이터
"
34412,[NH농협카드] 2022년 7월 성별/연령별 업종별 소비현황_30대 남성,"30대 남성고객의 거주지별 이용업종별 소비현황 데이터
"
34411,[NH농협카드] 2022년 7월 성별/연령별 업종별 소비현황_20대 여성,"20대 여성고객의 거주지별 이용업종별 소비현황 데이터
"
34410,[NH농협카드] 2022년 7월 성별/연령별 업종별 소비현황_20대 남성,"20대 남성고객의 거주지별 이용업종별 소비현황 데이터
"
34408,[NH농협카드] 2022년 7월 성별/연령별 업종별 소비현황_10대 이하 여성,"10대 이하 여성고객의 거주지별 이용업종별 소비현황
"
34407,영문개요,국내 기업정보에 대한 영문 기업개요를 제공하는 상품입니다.
34406,영문재무비율,국내 기업의 재무 현황을 직관적으로 확인할 수 있는 재무 비율을 제공하는 상품입니다.
34405,영문개요*,국내 기업정보에 대한 영문 기업개요를 제공하는 상품입니다.
34404,영문재무비율 *,국내 기업의 재무 현황을 직관적으로 확인할 수 있는 재무 비율을 제공하는 상품입니다.
34397,[NH농협카드] 2022년 7월 성별/연령별 업종별 소비현황_10대 이하 남성,"10대 이하 남성고객의 거주지별 이용업종별 소비현황 데이터"
34361,"202207 전국 행정동단위 SOHO 데이터",본 데이터는 KCB가 각 금융사들로부터 매일 수집하는 최신 금융 데이터를 공간 단위로 재가공해 월별로 제공하고 있습니다.
34360,"202207 전국 시군구단위 SOHO 데이터",본 데이터는 KCB가 각 금융사들로부터 매일 수집하는 최신 금융 데이터를 공간 단위로 재가공해 월별로 제공하고 있습니다.
34359,"202207 전국 시도단위 SOHO 데이터",본 데이터는 KCB가 각 금융사들로부터 매일 수집하는 최신 금융 데이터를 공간 단위로 재가공해 월별로 제공하고 있습니다.
34358,"202207 전국 행정동단위 하이엔드 데이터",본 데이터는 KCB가 각 금융사들로부터 매일 수집하는 최신 금융 데이터를 공간 단위로 재가공해 월별로 제공하고 있습니다.
34357,"202207 전국 시군구단위 하이엔드 데이터",본 데이터는 KCB가 각 금융사들로부터 매일 수집하는 최신 금융 데이터를 공간 단위로 재가공해 월별로 제공하고 있습니다.
34356,"202207 전국 시도단위 하이엔드 데이터",본 데이터는 KCB가 각 금융사들로부터 매일 수집하는 최신 금융 데이터를 공간 단위로 재가공해 월별로 제공하고 있습니다.
34355,"202207 전국 행정동단위 자산평가 데이터",본 데이터는 KCB가 각 금융사들로부터 매일 수집하는 최신 금융 데이터를 공간 단위로 재가공해 월별로 제공하고 있습니다.
34354,"202207 전국 시군구단위 자산평가 데이터",본 데이터는 KCB가 각 금융사들로부터 매일 수집하는 최신 금융 데이터를 공간 단위로 재가공해 월별로 제공하고 있습니다.
34353,"202207 전국 시도단위 자산평가 데이터",본 데이터는 KCB가 각 금융사들로부터 매일 수집하는 최신 금융 데이터를 공간 단위로 재가공해 월별로 제공하고 있습니다.
34352,"202207 전국 행정동단위 예금여력 데이터",본 데이터는 KCB가 각 금융사들로부터 매일 수집하는 최신 금융 데이터를 공간 단위로 재가공해 월별로 제공하고 있습니다.
34351,"202207 전국 시군구단위 예금여력 데이터",본 데이터는 KCB가 각 금융사들로부터 매일 수집하는 최신 금융 데이터를 공간 단위로 재가공해 월별로 제공하고 있습니다.
34350,"202207 전국 시도단위 예금여력 데이터",본 데이터는 KCB가 각 금융사들로부터 매일 수집하는 최신 금융 데이터를 공간 단위로 재가공해 월별로 제공하고 있습니다.
34349,"202207 전국 행정동단위 연체정보 데이터",본 데이터는 KCB가 각 금융사들로부터 매일 수집하는 최신 금융 데이터를 공간 단위로 재가공해 월별로 제공하고 있습니다.
34348,"202207 전국 시군구단위 연체정보 데이터",본 데이터는 KCB가 각 금융사들로부터 매일 수집하는 최신 금융 데이터를 공간 단위로 재가공해 월별로 제공하고 있습니다.
34347,"202207 전국 시도단위 연체정보 데이터",본 데이터는 KCB가 각 금융사들로부터 매일 수집하는 최신 금융 데이터를 공간 단위로 재가공해 월별로 제공하고 있습니다.
34346,"202207 전국 행정동단위 대출정보 데이터",본 데이터는 KCB가 각 금융사들로부터 매일 수집하는 최신 금융 데이터를 공간 단위로 재가공해 월별로 제공하고 있습니다.
34345,"202207 전국 시군구단위 대출정보 데이터",본 데이터는 KCB가 각 금융사들로부터 매일 수집하는 최신 금융 데이터를 공간 단위로 재가공해 월별로 제공하고 있습니다.
34344,"202207 전국 시도단위 대출정보 데이터",본 데이터는 KCB가 각 금융사들로부터 매일 수집하는 최신 금융 데이터를 공간 단위로 재가공해 월별로 제공하고 있습니다.
34343,"202207 전국 행정동단위 소비정보 데이터",본 데이터는 KCB가 각 금융사들로부터 매일 수집하는 최신 금융 데이터를 공간 단위로 재가공해 월별로 제공하고 있습니다.
34342,"202207 전국 시군구단위 소비정보 데이터",본 데이터는 KCB가 각 금융사들로부터 매일 수집하는 최신 금융 데이터를 공간 단위로 재가공해 월별로 제공하고 있습니다.
34341,"202207 전국 시도단위 소비정보 데이터",본 데이터는 KCB가 각 금융사들로부터 매일 수집하는 최신 금융 데이터를 공간 단위로 재가공해 월별로 제공하고 있습니다.
34340,"202207 전국 행정동단위 소득정보 데이터",본 데이터는 KCB가 각 금융사들로부터 매일 수집하는 최신 금융 데이터를 공간 단위로 재가공해 월별로 제공하고 있습니다.
34339,"202207 전국 시군구단위 소득정보 데이터",본 데이터는 KCB가 각 금융사들로부터 매일 수집하는 최신 금융 데이터를 공간 단위로 재가공해 월별로 제공하고 있습니다.
34338,"202207전국 시도단위 소득정보 데이터",본 데이터는 KCB가 각 금융사들로부터 매일 수집하는 최신 금융 데이터를 공간 단위로 재가공해 월별로 제공하고 있습니다.
34336,유통업 세부업권별 재무실적 데이터,유통업권의 10차 산업분류 코드 중 세세분류별 재무실적을 통계 분석한 데이터입니다.
34335,영문재무,"국내 기업의 재무상태표, 포괄손익계산서, 현금흐름표, 자본변동표 각 항목에 대하여 요약형, 표준, 상세 세 가지 구분에 따른 재무정보를 영문화하여 제공하는 상품입니다."
34334,기업좌표,"국내 기업의 주소를 위도와 경도로 표현되는 지표로 제공하여, 지도 기반의 다양한 기업정보 시각화 서비스에 사용 가능한 상품입니다."
34333,국내 신설법인,국내 신설법인에 대한 사업자 정보를 제공합니다.
34332,현금흐름등급,재무제표 기반으로 산출된 현급 지급능력을 계량화한 등급정보를 제공합니다.
34331,국내 기업신용도확인 DB,국내 기업에 대한 체계적인 업종별/규모별 등급산출 모형을 바탕으로 제공되는 나이스디앤비 신용등급 정보를 제공합니다.
34330,국내 법인 휴폐업 DB,사업자번호 기준 휴폐업 상태정보 제공을 통해 기업정보 참조 데이터로서의 확장성을 제공합니다.
34329,재무정보,국내기업 재무상태표를 기반으로 153개 재무계정을 참조하는 년도별 재무데이터를 제공합니다. 사업자번호 기준 식별을 통해 데이터 품질에 대한 지속적인 관리로 높은 데이터 정합성 및 활용성을 지원합니다.
34328,산업 생태계 분석 데이터*,산업 생태계 주요 소속기업 정보와 함께 산업 내 기업의 규모를 정량적인 재무 계정 값을 통해 제시하는 데이터 상품입니다.
34327,행정처분정보,국내 사업자에 대한 행정처분 정보를 제공하는 상품입니다.
34151,[NH농협카드] 온라인 업종별 소비 트렌드_#40 기프티콘,"기프티콘을 구입하거나 선물한 고객의 속성 및 소비현황 데이터 
"
34150,[NH농협카드] 온라인 업종별 소비 트렌드_#39 후원금,"온라인으로 후원금을 납입한 고객의 속성 및 소비현황 데이터 
"
34149,[NH농협카드] 온라인 업종별 소비 트렌드_#38 꽃배달,"온라인 꽃배달 서비스를 이용한 고객의 속성 및 소비현황 데이터 
"
34148,[NH농협카드] 온라인 업종별 소비 트렌드_#37 외국어,"온라인으로 외국어 교육 컨텐츠를 구매한 고객의 속성 및 소비현황 데이터 
"
34147,[NH농협카드] 온라인 업종별 소비 트렌드_#36 육아,"온라인으로 육아 관련 용품이나 서비스를 이용한 고객의 속성 및 소비현황 데이터 
"
34146,[NH농협카드] 온라인 업종별 소비 트렌드_#35 공연,"온라인 공연 예매 서비스 이용 고객의 속성 및 소비현황 데이터 
"
34145,[NH농협카드] 온라인 업종별 소비 트렌드_#34 웹툰,"인터넷 웹툰 구매 고객의 속성 및 소비현황 데이터 
"
34144,[NH농협카드] 온라인 업종별 소비 트렌드_#33 도서,"온라인 도서 관련 서비스 이용 고객의 속성 및 소비현황 데이터 
"
34143,[NH농협카드] 온라인 업종별 소비 트렌드_#32 음악,"음원 스트리밍 등 음악 관련 온라인 서비스 이용 고객의 속성 및 소비현황 데이터 
"
34142,[NH농협카드] 온라인 업종별 소비 트렌드_#31 OTT,"OTT 서비스 이용 고객의 속성 및 소비현황 데이터 
"
34141,[NH농협카드] 온라인 업종별 소비 트렌드_#30 영화,"온라인 영화 예매 등 서비스 이용 고객의 속성 및 소비현황 데이터 
"
34140,[NH농협카드] 온라인 업종별 소비 트렌드_#29 보험,"온라인 보험 가입 고객의 속성 및 소비현황 데이터 
"
34139,[NH농협카드] 온라인 업종별 소비 트렌드_#28 홈서비스,"홈서비스 온라인 이용 고객의 속성 및 소비현황 데이터 
"
34138,[NH농협카드] 온라인 업종별 소비 트렌드_#27 인테리어,"온라인으로 인테리어 관련 구매를 한 고객의 속성 및 소비현황 데이터 
"
34137,[NH농협카드] 온라인 업종별 소비 트렌드_#26 가전,"가전제품을 온라인에서 구매한 고객의 속성 및 소비현황 데이터 
"
34136,[NH농협카드] 온라인 업종별 소비 트렌드_#25 홈쇼핑,"온라인 홈쇼핑 이용 고객의 속성 및 소비현황 데이터 
"
34135,[NH농협카드] 온라인 업종별 소비 트렌드_#24 온라인 마트,"온라인을 통해 마트를 이용한 고객의 속성 및 소비현황 데이터 
"
34134,[NH농협카드] 온라인 업종별 소비 트렌드_#23 모바일 어플리케이션,"모바일 기기에서 어플리케이션을 결제한 고객의 속성 및 소비현황 데이터 
"
34133,[NH농협카드] 온라인 업종별 소비 트렌드_#22 휴대폰 액세서리,"온라인으로 휴대폰 액세서리을 구매한 고객의 속성 및 소비현황 데이터 
"
34132,[NH농협카드] 온라인 업종별 소비 트렌드_#21 대리운전,"온라인을 통해 대리운전 서비스를 이용한 고객의 속성 및 소비현황 데이터 
"
34131,[NH농협카드] 온라인 업종별 소비 트렌드_#20 스포츠용품,"온라인으로 스포츠용품을 구매한 고객의 속성 및 소비현황 데이터 
"
34130,[NH농협카드] 온라인 업종별 소비 트렌드_#19 패션,"온라인으로 패션 상품을 구매한 고객의 속성 및 소비현황 데이터 
"
34129,[NH농협카드] 온라인 업종별 소비 트렌드_#18 화장품,"온라인으로 화장품을 구매한 고객의 속성 및 소비현황 데이터 
"
34128,[NH농협카드] 온라인 업종별 소비 트렌드_#17 해외직구,"해외 직구 이용 고객의 속성 및 소비현황 데이터 
"
34127,[NH농협카드] 온라인 업종별 소비 트렌드_#16 면세점,"온라인 면세점 이용 고객의 속성 및 소비현황 데이터 
"
34126,[NH농협카드] 온라인 업종별 소비 트렌드_#15 소셜/오픈마켓,"온라인 소셜, 오픈마켓 사이트 이용 고객의 속성 및 소비현황 데이터 
"
34125,[NH농협카드] 온라인 업종별 소비 트렌드_#14 중고마켓,"온라인 중고마켓 이용 고객의 속성 및 소비현황 데이터 
"
34124,[NH농협카드] 온라인 업종별 소비 트렌드_#13 게임,"온라인 게임사이트 결제 고객의 속성 및 소비현황 데이터 
"
34123,[NH농협카드] 온라인 업종별 소비 트렌드_#12 반려동물,"온라인을 통해 반려동물 관련 용품, 푸드, 미용 등을 구매한 고객의 속성 및 소비현황 데이터 
"
34122,[NH농협카드] 온라인 업종별 소비 트렌드_#11 전기차 충전,"전기차 충전결제 데이터을 통해 살펴보는 전기차 이용고객 속성 및 소비현황 데이터 
"
34121,[NH농협카드] 온라인 업종별 소비 트렌드_#10 자전거,"온라인으로 자전거나 자전거 용품을 구입하신 고객들의 속성 및 소비현황 데이터 
"
34120,[NH농협카드] 온라인 업종별 소비 트렌드_#9 낚시,"낚시 관련 용품 온라인 구매고객 속성 및 소비현황 데이터 
"
34119,[NH농협카드] 온라인 업종별 소비 트렌드_#8 골프,"골프 관련 상품 온라인 구매고객 속성 및 소비현황 데이터 
"
34118,[NH농협카드] 온라인 업종별 소비 트렌드_#7 공유서비스 (자동차),"공유 자동차 서비스 이용고객 속성 및 소비현황 데이터 
"
34117,[NH농협카드] 온라인 업종별 소비 트렌드_#6 공유서비스 (자전거/킥보드),"자전거, 킥보드 등 공유서비스 이용고객 속성 및 소비현황 데이터 
"
34116,[NH농협카드] 온라인 업종별 소비 트렌드_#5 커피,"커피 업체 앱 등 커피 관련 온라인 서비스 이용고객 속성 및 소비현황 데이터 
"
34115,[NH농협카드] 온라인 업종별 소비 트렌드_#4 외식배달,"온라인 외식 배달 서비스 이용고객 속성 및 소비현황 데이터 
"
34114,[NH농협카드] 온라인 업종별 소비 트렌드_#3 간편식/식자재,"간편식 및 식자재 온라인 구매고객 속성 및 소비현황 데이터 
"
34113,[NH농협카드] 온라인 업종별 소비 트렌드_#2 새벽배송,"새벽배송 온라인 이용고객 속성 및 소비현황 데이터 
"
34112,[NH농협카드] 온라인 업종별 소비 트렌드_#1 명품,"명품 관련 업종 온라인 구매고객 속성 및 소비현황 데이터 
"
34094,사람들의 이동 체류 분석 서비스 - SKT  Geovision Puzzle,"지오비전 퍼즐은 SK텔레콤 데이터를 활용, 사람들의 거주/이동/체류에 대한 인사이트를 제공하는 서비스입니다.  
장소, 지역, 이동수단 등 다양한 위치 인사이트를 확인하고 서비스에 적용해 서비스의 가치를 높일 수 있습니다. "
34092,"2022년 7월 울산,양산 지역 기업 DB 데이터","2022년 7월 울산,양산 지역 기업 DB 데이터"
34091,"202207 키오스크 단말기 구내식당 주문데이터",식신e식권을 이용하는 기업 중 복합 결제 단말기를 사용하는 구내식당 결제 데이터입니다.
34090,"202207 요일별 인기업종 카테고리 데이터",대한민국 NO. 맛집 서비스 식신 사용자가 요일별로 조회하는 맛집의 업종 카테고리 데이터입니다.
34089,"202207 직장인 업종별 식권 사용 주 시간대",식신e식권 가맹점을 대상으로 직장인들의 식권 결제시간 분포 통계 데이터입니다. 
34088,"202207 기업과 가맹점 거리별 이용통계",식신e식권 이용기업과 가맹점 거리별 이용통계입니다. 
34087,"202207 가맹점 조중석식 운영현황",식신e식권의 가맹점 업종별 조중석식 운영 현황 데이터입니다.
34086,"202207 직장인 기업 석식 이용 통계",식신e식권을 이용하는 직장인들의 석식 이용 통계입니다.
34085,"2022 2Q 직장인 식권 취급기업 정보",식신E식권을 이용하는 기업의 정보 데이터로 기업 업종 지역별 사용 인원 비율을 알 수 있습니다. 본 상품은 협의 후 구매가 가능합니다.
34084,직장인 식권 취급음식점 POI,식신e식권에 가입되어 있는 전국 가맹점 POI 주소 데이터입니다. 본 상품은 협의 후 구매가 가능합니다.
34083,[2022년 여름/가을] 계절별 직장인 방문 음식점 업종 TOP 5,"식신E식권을 이용하는 직장인들의 계절별 방문 음식점 업종 TOP 5를 나타낸 데이터입니다.
"
34082,"202207 요일별 직장인 방문 음식점 업종 TOP 5",식신E식권을 이용하는 직장인들의 요일별 방문 음식점 업종 TOP 5 데이터입니다. 요일별로 가장 인기 있는 음식 업종을 살펴볼 수 있습니다.
34081,"202207 기업 업종별 점심식대 평균",식신E식권 도입 기업의 종목별 식대 소비 통계 데이터입니다. 종목이 각기 다른 기업의 행정구역별 식대를 비교할 수 있습니다.
34080,"202207 요일별 직장인 점심식대 평균","식신E식권을 이용하는 직장인들의 요일별 점심 식대 소비 통계 데이터입니다. 직장인들이 요일별로 어떤 음식점 업종을 주로 이용하는지 살펴볼 수 있습니다.
"
34079,"202207 서울 직장인 점심식대 금액 평균",식신E식권을 이용하는 직장인들의 서울특별시 구단위 별 점심 식대 소비 통계 데이터입니다.
34078,"202207 전국 직장인 점심식대 금액 평균",식신E식권을 이용하는 직장인들의 대도시별 점심 식대 소비 통계 데이터 입니다. 대도시별 직장인들의 점심 식대 사용 금액을 대략적으로 비교할 수 있습니다.
34077,직장인 점심 식대 소비 통계,"식신E식권을 이용하는 직장인들의 점심 식대 소비 통계 데이터입니다. 구별, 음식 카테고리별, 삼식별(조식, 점심, 저녁 등) 평균 이용 횟수를 확인할 수 있습니다. "
34076,"202207 맛집별 조회 통계",식신에 등록되어 있는 음식점의 사용자 조회 데이터로 인기 매장과 인기 음식 카테고리 정보를 볼 수 있습니다. 
34075,"202207 음식 메뉴 및 가격 정보",식신이 수집한 전국 음식점 POI의 메뉴판을 기반으로 한 메뉴별 가격 정보 데이터입니다.
34074,큐레이션 푸드 매거진 컨텐츠,대한민국 NO.1 맛집 서비스 식신이 주제별로 선정한 맛집을 소개하는 기획기사형 매거진 데이터입니다.
34073,식신 사용자 음식점 평가 후기,"식신 사용자가 음식점을 직접 방문해 보고 경험한 맛, 서비스 등 음식점에 대한 평가를 모은 리뷰 데이터입니다."
34072,코로나19 전후 업종별 소비 금액 증감율_2022년 7월 (무료 데이터),코로나19 전후의 업종별 소비금액 증감율 비교
34071,코로나19 전후 업종별 소비 금액 증감율_2022년 6월 (무료 데이터),코로나19 전후의 업종별 소비금액 증감율 비교
34070,코로나19 전후 업종별 소비 금액 증감율_2022년 5월 (무료 데이터),코로나19 전후의 업종별 소비금액 증감율 비교
34069,"거주지역별, 성별, 연령별 이용 건수 증가율 상위 업종 TOP 10_2022년 7월 (무료 데이터)","거주지역별, 성별, 연령별 이용 건수 증가율 상위 업종 TOP 10_2022년 7월"
34068,"거주지역별, 성별, 연령별 이용 건수 증가율 상위 업종 TOP 10_2022년 6월 (무료 데이터)","거주지역별, 성별, 연령별 이용 건수 증가율 상위 업종 TOP 10_2022년 6월"
34031,전국 음식점 이미지,"대한민국 No.1 맛집 서비스 식신이 자체 촬영하거나, 식신 사용자가 업로드한 음식점 이미지 데이터입니다. "
34030,전국 핫플레이스 권역 정보 (폴리곤),전국 인기 지역(핫플레이스)을 권역별로 설정한 좌표 데이터입니다.
34029,"202207 전국 일반 맛집 정보",대한민국 NO.1 맛집 서비스 식신이 수집한 전국에 위치한 일반 음식점 POI 데이터입니다.
34028,"202207 전국 인기 맛집 정보","대한민국 NO.1 맛집 서비스 식신이 수집하고 관리하는 국내 인기 맛집 (핫플레이스) POI 데이터입니다.
"
34027,"202207 전국 BEST 맛집 정보",대한민국 NO.1 맛집 서비스 식신이 엄선한 전국 Best 맛집의 상세한 정보가 담긴 POI 데이터입니다.
33979,유통업 세부업권별 재무실적 데이터*,유통업권의 10차 산업분류 코드 중 세세분류별 재무실적을 통계 분석한 데이터입니다.
33978,영문재무*,"국내 기업의 재무상태표, 포괄손익계산서, 현금흐름표, 자본변동표 각 항목에 대하여 요약형, 표준, 상세 세 가지 구분에 따른 재무정보를 영문화하여 제공하는 상품입니다."
33966,"202206 전국 행정동단위 SOHO 데이터",본 데이터는 KCB가 각 금융사들로부터 매일 수집하는 최신 금융 데이터를 공간 단위로 재가공해 월별로 제공하고 있습니다.
33965,"202206 전국 시군구단위 SOHO 데이터",본 데이터는 KCB가 각 금융사들로부터 매일 수집하는 최신 금융 데이터를 공간 단위로 재가공해 월별로 제공하고 있습니다.
33964,"202206 전국 시도단위 SOHO 데이터",본 데이터는 KCB가 각 금융사들로부터 매일 수집하는 최신 금융 데이터를 공간 단위로 재가공해 월별로 제공하고 있습니다.
33963,"202206 전국 행정동단위 하이엔드 데이터",본 데이터는 KCB가 각 금융사들로부터 매일 수집하는 최신 금융 데이터를 공간 단위로 재가공해 월별로 제공하고 있습니다.
33962,"202206 전국 시군구단위 하이엔드 데이터",본 데이터는 KCB가 각 금융사들로부터 매일 수집하는 최신 금융 데이터를 공간 단위로 재가공해 월별로 제공하고 있습니다.
33961,"202206 전국 시도단위 하이엔드 데이터",본 데이터는 KCB가 각 금융사들로부터 매일 수집하는 최신 금융 데이터를 공간 단위로 재가공해 월별로 제공하고 있습니다.
33960,"202206 전국 행정동단위 자산평가 데이터",본 데이터는 KCB가 각 금융사들로부터 매일 수집하는 최신 금융 데이터를 공간 단위로 재가공해 월별로 제공하고 있습니다.
33959,"202206 전국 시군구단위 자산평가 데이터",본 데이터는 KCB가 각 금융사들로부터 매일 수집하는 최신 금융 데이터를 공간 단위로 재가공해 월별로 제공하고 있습니다.
33958,"202206 전국 시도단위 자산평가 데이터",본 데이터는 KCB가 각 금융사들로부터 매일 수집하는 최신 금융 데이터를 공간 단위로 재가공해 월별로 제공하고 있습니다.
33957,"202206 전국 행정동단위 예금여력 데이터",본 데이터는 KCB가 각 금융사들로부터 매일 수집하는 최신 금융 데이터를 공간 단위로 재가공해 월별로 제공하고 있습니다.
33956,"202206 전국 시군구단위 예금여력 데이터",본 데이터는 KCB가 각 금융사들로부터 매일 수집하는 최신 금융 데이터를 공간 단위로 재가공해 월별로 제공하고 있습니다.
33955,"202206 전국 시도단위 예금여력 데이터",본 데이터는 KCB가 각 금융사들로부터 매일 수집하는 최신 금융 데이터를 공간 단위로 재가공해 월별로 제공하고 있습니다.
33954,"202206 전국 행정동단위 연체정보 데이터",본 데이터는 KCB가 각 금융사들로부터 매일 수집하는 최신 금융 데이터를 공간 단위로 재가공해 월별로 제공하고 있습니다.
33953,"202206 전국 시군구단위 연체정보 데이터",본 데이터는 KCB가 각 금융사들로부터 매일 수집하는 최신 금융 데이터를 공간 단위로 재가공해 월별로 제공하고 있습니다.
33952,"202206 전국 시도단위 연체정보 데이터",본 데이터는 KCB가 각 금융사들로부터 매일 수집하는 최신 금융 데이터를 공간 단위로 재가공해 월별로 제공하고 있습니다.
33951,"202206 전국 행정동단위 대출정보 데이터",본 데이터는 KCB가 각 금융사들로부터 매일 수집하는 최신 금융 데이터를 공간 단위로 재가공해 월별로 제공하고 있습니다.
33950,"202206 전국 시군구단위 대출정보 데이터",본 데이터는 KCB가 각 금융사들로부터 매일 수집하는 최신 금융 데이터를 공간 단위로 재가공해 월별로 제공하고 있습니다.
33949,"202206 전국 시도단위 대출정보 데이터",본 데이터는 KCB가 각 금융사들로부터 매일 수집하는 최신 금융 데이터를 공간 단위로 재가공해 월별로 제공하고 있습니다.
33948,"202206 전국 행정동단위 소비정보 데이터",본 데이터는 KCB가 각 금융사들로부터 매일 수집하는 최신 금융 데이터를 공간 단위로 재가공해 월별로 제공하고 있습니다.
33947,"202206 전국 시군구단위 소비정보 데이터",본 데이터는 KCB가 각 금융사들로부터 매일 수집하는 최신 금융 데이터를 공간 단위로 재가공해 월별로 제공하고 있습니다.
33946,"202206 전국 시도단위 소비정보 데이터",본 데이터는 KCB가 각 금융사들로부터 매일 수집하는 최신 금융 데이터를 공간 단위로 재가공해 월별로 제공하고 있습니다.
33945,"202206 전국 행정동단위 소득정보 데이터",본 데이터는 KCB가 각 금융사들로부터 매일 수집하는 최신 금융 데이터를 공간 단위로 재가공해 월별로 제공하고 있습니다.
33944,"202206 전국 시군구단위 소득정보 데이터",본 데이터는 KCB가 각 금융사들로부터 매일 수집하는 최신 금융 데이터를 공간 단위로 재가공해 월별로 제공하고 있습니다.
33943,"2022년 6월 울산,양산 지역 기업 DB 데이터","2022년 6월 울산,양산 지역 기업 DB 데이터"
33934,"202206전국 시도단위 소득정보 데이터",본 데이터는 KCB가 각 금융사들로부터 매일 수집하는 최신 금융 데이터를 공간 단위로 재가공해 월별로 제공하고 있습니다.
33929,"202206 키오스크 단말기 구내식당 주문데이터",식신e식권을 이용하는 기업 중 복합 결제 단말기를 사용하는 구내식당 결제 데이터입니다.
33928,"202206 요일별 인기업종 카테고리 데이터",대한민국 NO. 맛집 서비스 식신 사용자가 요일별로 조회하는 맛집의 업종 카테고리 데이터입니다.
33927,"202206 직장인 업종별 식권 사용 주 시간대",식신e식권 가맹점을 대상으로 직장인들의 식권 결제시간 분포 통계 데이터입니다. 
33926,"202206 기업과 가맹점 거리별 이용통계",식신e식권 이용기업과 가맹점 거리별 이용통계입니다. 
33925,"202206 가맹점 조중석식 운영현황",식신e식권의 가맹점 업종별 조중석식 운영 현황 데이터입니다.
33924,"202206 직장인 기업 석식 이용 통계",식신e식권을 이용하는 직장인들의 석식 이용 통계입니다.
33923,"2022 직장인 식권 취급기업 정보",식신E식권을 이용하는 기업의 정보 데이터로 기업 업종 지역별 사용 인원 비율을 알 수 있습니다. 본 상품은 협의 후 구매가 가능합니다.
33922,직장인 식권 취급음식점 POI,"식신e식권에 가입되어 있는 전국 가맹점 POI 주소 데이터입니다. 본 상품은 협의 후 구매가 가능합니다.
"
33921,[2022년 여름/가을] 계절별 직장인 방문 음식점 업종 TOP 5,식신E식권을 이용하는 직장인들의 계절별 방문 음식점 업종 TOP 5를 나타낸 데이터입니다.
33920,"202206 요일별 직장인 방문 음식점 업종 TOP 5",식신E식권을 이용하는 직장인들의 요일별 방문 음식점 업종 TOP 5 데이터입니다. 요일별로 가장 인기 있는 음식 업종을 살펴볼 수 있습니다.
33919,"202206 기업 업종별 점심식대 평균",식신E식권 도입 기업의 종목별 식대 소비 통계 데이터입니다. 종목이 각기 다른 기업의 행정구역별 식대를 비교할 수 있습니다.
33918,"202206 요일별 직장인 점심식대 평균",식신E식권을 이용하는 직장인들의 요일별 점심 식대 소비 통계 데이터입니다. 직장인들이 요일별로 어떤 음식점 업종을 주로 이용하는지 살펴볼 수 있습니다.
33917,"202206 서울 직장인 점심식대 금액 평균",식신E식권을 이용하는 직장인들의 서울특별시 구단위 별 점심 식대 소비 통계 데이터입니다.
33916,"202100 전국 직장인 점심식대 금액 평균",식신E식권을 이용하는 직장인들의 대도시별 점심 식대 소비 통계 데이터 입니다. 대도시별 직장인들의 점심 식대 사용 금액을 대략적으로 비교할 수 있습니다.
33915,직장인 점심 식대 소비 통계,"식신E식권을 이용하는 직장인들의 점심 식대 소비 통계 데이터입니다. 구별, 음식 카테고리별, 삼식별(조식, 점심, 저녁 등) 평균 이용 횟수를 확인할 수 있습니다. "
33914,"202206 맛집별 조회 통계",식신에 등록되어 있는 음식점의 사용자 조회 데이터로 인기 매장과 인기 음식 카테고리 정보를 볼 수 있습니다. 
33913,"202206 음식 메뉴 및 가격 정보",식신이 수집한 전국 음식점 POI의 메뉴판을 기반으로 한 메뉴별 가격 정보 데이터입니다.
33912,큐레이션 푸드 매거진 컨텐츠,대한민국 NO.1 맛집 서비스 식신이 주제별로 선정한 맛집을 소개하는 기획기사형 매거진 데이터입니다.
33911,식신 사용자 음식점 평가 후기,"식신 사용자가 음식점을 직접 방문해 보고 경험한 맛, 서비스 등 음식점에 대한 평가를 모은 리뷰 데이터입니다."
33910,전국 음식점 이미지,"대한민국 No.1 맛집 서비스 식신이 자체 촬영하거나, 식신 사용자가 업로드한 음식점 이미지 데이터입니다. "
33909,전국 핫플레이스 권역 정보 (폴리곤),전국 인기 지역(핫플레이스)을 권역별로 설정한 좌표 데이터입니다.
33908,"202206 전국 일반 맛집 정보",대한민국 NO.1 맛집 서비스 식신이 수집한 전국에 위치한 일반 음식점 POI 데이터입니다.
33907,"202206 전국 인기 맛집 정보",대한민국 NO.1 맛집 서비스 식신이 수집하고 관리하는 국내 인기 맛집 (핫플레이스) POI 데이터입니다.
33906,"202206 전국 BEST 맛집 정보",대한민국 NO.1 맛집 서비스 식신이 엄선한 전국 Best 맛집의 상세한 정보가 담긴 POI 데이터입니다.
33727,ESG활동과 기업성과분석 데이터*,"기업별, 연도별 ESG 스코어와 재무정보를 융합하여 제공하는 상품으로, ESG점수와 재무비율간의 상관관계 등을 분석 가능한 상품입니다."
33726,기업좌표*,"국내 기업의 주소를 위도와 경도로 표현되는 지표로 제공하여, 지도 기반의 다양한 기업정보 시각화 서비스에 사용 가능한 상품입니다."
33716,[NH농협카드] 지역화폐 소비현황 분석 데이터 ,"지역화폐 지역 성별, 연령, 시간대별 소비현황
"
33715,[NH농협카드] 시도별 역내외 소비 및 외부 소비유입 현황 분석 데이터_제주,"제주 거주자의 지역 내외소비현황과 비거주자의 지역 소비유입 현황
"
33714,[NH농협카드] 시도별 역내외 소비 및 외부 소비유입 현황 분석 데이터_강원,"강원 거주자의 지역 내외소비현황과 비거주자의 지역 소비유입 현황
"
33713,[NH농협카드] 시도별 역내외 소비 및 외부 소비유입 현황 분석 데이터_전북,"전북 거주자의 지역 내외소비현황과 비거주자의 지역 소비유입 현황
"
33712,[NH농협카드] 시도별 역내외 소비 및 외부 소비유입 현황 분석 데이터_전남,"전남 거주자의 지역 내외소비현황과 비거주자의 지역 소비유입 현황
"
33711,[NH농협카드] 시도별 역내외 소비 및 외부 소비유입 현황 분석 데이터_경북,"경북 거주자의 지역 내외소비현황과 비거주자의 지역 소비유입 현황
"
33710,[NH농협카드] 시도별 역내외 소비 및 외부 소비유입 현황 분석 데이터_경남,"경남 거주자의 지역 내외소비현황과 비거주자의 지역 소비유입 현황
"
33709,[NH농협카드] 시도별 역내외 소비 및 외부 소비유입 현황 분석 데이터_충북,"충북 거주자의 지역 내외소비현황과 비거주자의 지역 소비유입 현황
"
33708,[NH농협카드] 시도별 역내외 소비 및 외부 소비유입 현황 분석 데이터_충남,"충남 거주자의 지역 내외소비현황과 비거주자의 지역 소비유입 현황
"
33707,[NH농협카드] 시도별 역내외 소비 및 외부 소비유입 현황 분석 데이터_세종,"세종 거주자의 지역 내외소비현황과 비거주자의 지역 소비유입 현황
"
33706,[NH농협카드] 시도별 역내외 소비 및 외부 소비유입 현황 분석 데이터_대전,"대전 거주자의 지역 내외소비현황과 비거주자의 지역 소비유입 현황
"
33705,[NH농협카드] 시도별 역내외 소비 및 외부 소비유입 현황 분석 데이터_광주,"광주 거주자의 지역 내외소비현황과 비거주자의 지역 소비유입 현황
"
33704,[NH농협카드] 시도별 역내외 소비 및 외부 소비유입 현황 분석 데이터_울산,"울산 거주자의 지역 내외소비현황과 비거주자의 지역 소비유입 현황
"
33703,[NH농협카드] 시도별 역내외 소비 및 외부 소비유입 현황 분석 데이터_대구,"대구 거주자의 지역 내외소비현황과 비거주자의 지역 소비유입 현황
"
33702,[NH농협카드] 시도별 역내외 소비 및 외부 소비유입 현황 분석 데이터_부산," 부산 거주자의 지역 내외소비현황과 비거주자의 지역 소비유입 현황
"
33701,[NH농협카드] 시도별 역내외 소비 및 외부 소비유입 현황 분석 데이터_인천," 인천 거주자의 지역 내외소비현황과 비거주자의 지역 소비유입 현황
"
33700,[NH농협카드] 시도별 역내외 소비 및 외부 소비유입 현황 분석 데이터_경기,"경기 거주자의 지역 내외소비현황과 비거주자의 지역 소비유입 현황
"
33699,[NH농협카드] 시도별 역내외 소비 및 외부 소비유입 현황 분석 데이터_서울,서울 거주자의 지역 내외소비현황과 비거주자의 지역 소비유입 현황
33690,"202205 전국 행정동단위 SOHO 데이터",본 데이터는 KCB가 각 금융사들로부터 매일 수집하는 최신 금융 데이터를 공간 단위로 재가공해 월별로 제공하고 있습니다.
33689,"202205 전국 시군구단위 SOHO 데이터",본 데이터는 KCB가 각 금융사들로부터 매일 수집하는 최신 금융 데이터를 공간 단위로 재가공해 월별로 제공하고 있습니다.
33688,"202205 전국 시도단위 SOHO 데이터",본 데이터는 KCB가 각 금융사들로부터 매일 수집하는 최신 금융 데이터를 공간 단위로 재가공해 월별로 제공하고 있습니다.
33687,"202205 전국 행정동단위 하이엔드 데이터",본 데이터는 KCB가 각 금융사들로부터 매일 수집하는 최신 금융 데이터를 공간 단위로 재가공해 월별로 제공하고 있습니다.
33686,"202205 전국 시군구단위 하이엔드 데이터",본 데이터는 KCB가 각 금융사들로부터 매일 수집하는 최신 금융 데이터를 공간 단위로 재가공해 월별로 제공하고 있습니다.
33685,"202205 전국 시도단위 하이엔드 데이터",본 데이터는 KCB가 각 금융사들로부터 매일 수집하는 최신 금융 데이터를 공간 단위로 재가공해 월별로 제공하고 있습니다.
33684,"202205 전국 행정동단위 자산평가 데이터",본 데이터는 KCB가 각 금융사들로부터 매일 수집하는 최신 금융 데이터를 공간 단위로 재가공해 월별로 제공하고 있습니다.
33683,"202205 전국 시군구단위 자산평가 데이터",본 데이터는 KCB가 각 금융사들로부터 매일 수집하는 최신 금융 데이터를 공간 단위로 재가공해 월별로 제공하고 있습니다.
33682,"202205 전국 시도단위 자산평가 데이터",본 데이터는 KCB가 각 금융사들로부터 매일 수집하는 최신 금융 데이터를 공간 단위로 재가공해 월별로 제공하고 있습니다.
33681,"202205 전국 행정동단위 예금여력 데이터",본 데이터는 KCB가 각 금융사들로부터 매일 수집하는 최신 금융 데이터를 공간 단위로 재가공해 월별로 제공하고 있습니다.
33680,"202205 전국 시군구단위 예금여력 데이터",본 데이터는 KCB가 각 금융사들로부터 매일 수집하는 최신 금융 데이터를 공간 단위로 재가공해 월별로 제공하고 있습니다.
33679,"202205 전국 시도단위 예금여력 데이터",본 데이터는 KCB가 각 금융사들로부터 매일 수집하는 최신 금융 데이터를 공간 단위로 재가공해 월별로 제공하고 있습니다.
33678,"202205 전국 행정동단위 연체정보 데이터",본 데이터는 KCB가 각 금융사들로부터 매일 수집하는 최신 금융 데이터를 공간 단위로 재가공해 월별로 제공하고 있습니다.
33677,"거주지역별, 성별, 연령별 이용 건수 증가율 상위 업종 TOP 10_2022년 5월 (무료 데이터)","거주지역별, 성별, 연령별 이용 건수 증가율 상위 업종 TOP 10_2022년 5월"
33676,"202205 전국 시군구단위 연체정보 데이터",본 데이터는 KCB가 각 금융사들로부터 매일 수집하는 최신 금융 데이터를 공간 단위로 재가공해 월별로 제공하고 있습니다.
33675,"202205 전국 시도단위 연체정보 데이터",본 데이터는 KCB가 각 금융사들로부터 매일 수집하는 최신 금융 데이터를 공간 단위로 재가공해 월별로 제공하고 있습니다.
33674,"202205 전국 행정동단위 대출정보 데이터",본 데이터는 KCB가 각 금융사들로부터 매일 수집하는 최신 금융 데이터를 공간 단위로 재가공해 월별로 제공하고 있습니다.
33673,"202205 전국 시군구단위 대출정보 데이터",본 데이터는 KCB가 각 금융사들로부터 매일 수집하는 최신 금융 데이터를 공간 단위로 재가공해 월별로 제공하고 있습니다.
33672,"202205 전국 시도단위 대출정보 데이터",본 데이터는 KCB가 각 금융사들로부터 매일 수집하는 최신 금융 데이터를 공간 단위로 재가공해 월별로 제공하고 있습니다.
33671,"202205 전국 행정동단위 소비정보 데이터",본 데이터는 KCB가 각 금융사들로부터 매일 수집하는 최신 금융 데이터를 공간 단위로 재가공해 월별로 제공하고 있습니다.
33670,"202205 전국 시군구단위 소비정보 데이터",본 데이터는 KCB가 각 금융사들로부터 매일 수집하는 최신 금융 데이터를 공간 단위로 재가공해 월별로 제공하고 있습니다.
33669,"202205 전국 시도단위 소비정보 데이터",본 데이터는 KCB가 각 금융사들로부터 매일 수집하는 최신 금융 데이터를 공간 단위로 재가공해 월별로 제공하고 있습니다.
33668,"202205 전국 행정동단위 소득정보 데이터",본 데이터는 KCB가 각 금융사들로부터 매일 수집하는 최신 금융 데이터를 공간 단위로 재가공해 월별로 제공하고 있습니다.
33667,"202205 전국 시군구단위 소득정보 데이터",본 데이터는 KCB가 각 금융사들로부터 매일 수집하는 최신 금융 데이터를 공간 단위로 재가공해 월별로 제공하고 있습니다.
33666,"202205전국 시도단위 소득정보 데이터",본 데이터는 KCB가 각 금융사들로부터 매일 수집하는 최신 금융 데이터를 공간 단위로 재가공해 월별로 제공하고 있습니다.
33650,유플러스 관광지 방문인구 ,ㅇ 전국 주요 관광지 스팟 인구 데이터  (20분/30분 이상 체류) 
33649,유플러스 상주인구 (주요 관심사별),ㅇ 특정 지역 상주 인구의 관심사 데이터 (관심사 예시. 영화/음악/유튜브/아이돌 etc.) 
33647,"유플러스 상주인구 특성 (가구유형, 1인/2인/키즈/etc)","ㅇ 특정 지역 상주 인구의 가구유형 데이터 (가구유형의 예시. 1인/2인/키즈맘/중년/시니어 etc. )
"
33642,"202205 키오스크 단말기 구내식당 주문데이터","식신e식권을 이용하는 기업 중 복합 결제 단말기를 사용하는 구내식당 결제 데이터입니다.
"
33640,"202205 요일별 인기업종 카테고리 데이터",대한민국 NO. 맛집 서비스 식신 사용자가 요일별로 조회하는 맛집의 업종 카테고리 데이터입니다.
33585,"202205 직장인 업종별 식권 사용 주 시간대",식신e식권 가맹점을 대상으로 직장인들의 식권 결제시간 분포 통계 데이터입니다. 
33580,"202205 기업과 가맹점 거리별 이용통계",식신e식권 이용기업과 가맹점 거리별 이용통계입니다. 
33518,"202205 가맹점 조중석식 운영현황",식신e식권의 가맹점 업종별 조중석식 운영 현황 데이터입니다.
33478,"202205 직장인 기업 석식 이용 통계",식신e식권을 이용하는 직장인들의 석식 이용 통계입니다.
33477,직장인 식권 취급기업 정보,식신E식권을 이용하는 기업의 정보 데이터로 기업 업종 지역별 사용 인원 비율을 알 수 있습니다. 본 상품은 협의 후 구매가 가능합니다.
33476,직장인 식권 취급음식점 POI,식신e식권에 가입되어 있는 전국 가맹점 POI 주소 데이터입니다. 본 상품은 협의 후 구매가 가능합니다.
33475,계절별 직장인 방문 음식점 업종 TOP 5,식신E식권을 이용하는 직장인들의 계절별 방문 음식점 업종 TOP 5를 나타낸 데이터입니다.
33474,"202205 요일별 직장인 방문 음식점 업종 TOP 5",식신E식권을 이용하는 직장인들의 요일별 방문 음식점 업종 TOP 5 데이터입니다. 요일별로 가장 인기 있는 음식 업종을 살펴볼 수 있습니다.
33473,"202205 기업 업종별 점심식대 평균",식신E식권 도입 기업의 종목별 식대 소비 통계 데이터입니다. 종목이 각기 다른 기업의 행정구역별 식대를 비교할 수 있습니다.
33472,"202205 요일별 직장인 점심식대 평균",식신E식권을 이용하는 직장인들의 요일별 점심 식대 소비 통계 데이터입니다. 직장인들이 요일별로 어떤 음식점 업종을 주로 이용하는지 살펴볼 수 있습니다.
33471,"202205 서울 직장인 점심식대 금액 평균",식신E식권을 이용하는 직장인들의 서울특별시 구단위 별 점심 식대 소비 통계 데이터입니다.
33470,"202205 전국 직장인 점심식대 금액 평균",식신E식권을 이용하는 직장인들의 대도시별 점심 식대 소비 통계 데이터 입니다. 대도시별 직장인들의 점심 식대 사용 금액을 대략적으로 비교할 수 있습니다.
33469,직장인 점심 식대 소비 통계,"식신E식권을 이용하는 직장인들의 점심 식대 소비 통계 데이터입니다. 구별, 음식 카테고리별, 삼식별(조식, 점심, 저녁 등) 평균 이용 횟수를 확인할 수 있습니다. "
33468,"202205 맛집별 조회 통계",식신에 등록되어 있는 음식점의 사용자 조회 데이터로 인기 매장과 인기 음식 카테고리 정보를 볼 수 있습니다. 
33467,"202205 음식 메뉴 및 정보",식신이 수집한 전국 음식점 POI의 메뉴판을 기반으로 한 메뉴별 가격 정보 데이터입니다.
33465,큐레이션 푸드 매거진 컨텐츠,대한민국 NO.1 맛집 서비스 식신이 주제별로 선정한 맛집을 소개하는 기획기사형 매거진 데이터입니다.
33464,식신 사용자 음식점 평가 후기,"식신 사용자가 음식점을 직접 방문해 보고 경험한 맛, 서비스 등 음식점에 대한 평가를 모은 리뷰 데이터입니다."
33463,전국 음식점 이미지,"대한민국 No.1 맛집 서비스 식신이 자체 촬영하거나, 식신 사용자가 업로드한 음식점 이미지 데이터입니다. "
33462,전국 핫플레이스 권역 정보 (폴리곤),전국 인기 지역(핫플레이스)을 권역별로 설정한 좌표 데이터입니다.
33461,"202205 전국 일반 맛집 정보",대한민국 NO.1 맛집 서비스 식신이 수집한 전국에 위치한 일반 음식점 POI 데이터입니다.
33460,"202205 전국 인기 맛집 정보",대한민국 NO.1 맛집 서비스 식신이 수집하고 관리하는 국내 인기 맛집 (핫플레이스) POI 데이터입니다.
33459,"202205 전국 BEST 맛집 정보",대한민국 NO.1 맛집 서비스 식신이 엄선한 전국 Best 맛집의 상세한 정보가 담긴 POI 데이터입니다.
33458,선거일(공휴일) 소비 분석,"&#39;22년 3월 대통령선거일, 6월 지방선거일의 소비를 평일/주말과 비교 분석"
33448,"유플러스 생활인구 (광역시/도, 집계구 단위) ","ㅇ 특정 지역에 특정 시점 동안 머무르는 모든 인구 통계 데이터 
ㅇ 시간대별 (주간/야간), 주생활권별 (상주/비상주인구)"
33434,"유플러스 외국인 유동인구 (전국, 장단기 체류 구분)",ㅇ 단기/장기 체류 외국인의  보행/비보행 인구 데이터
33432,"유플러스 유동인구 (시/군/구, 행정동 단위)","ㅇ 유플러스 통신 신호를 바탕으로 집계한 보행/비보행 인구 데이터 (5G 포함, 전체 인구 보정)"
33431,"2022년 5월 울산,양산 지역 기업 DB 데이터","2022년 5월 울산,양산 지역 기업 DB 데이터"
33430,"2021년 울산 전입전출 이력","2021년 울산 전입전출 이력"
33429,"2020년 울산 전입전출 이력","2020년 울산 전입전출 이력"
33428,"2019년 울산 전입전출 이력","2019년 울산 전입전출 이력"
33416,"다시만난 일상, 엔데믹 시대의 소비 - 누가 시작하고 무엇을 원하는가? ",엔데믹 시대에 대한 소비자 인식 및 소비 트렌드 분석결과
33415,"202204 키오스크 단말기 구내식당 주문데이터",식신e식권을 이용하는 기업 중 복합 결제 단말기를 사용하는 구내식당 결제 데이터입니다.
33414,"202204 요일별 인기업종 카테고리 데이터",대한민국 NO. 맛집 서비스 식신 사용자가 요일별로 조회하는 맛집의 업종 카테고리 데이터입니다.
33413,"202204 직장인 업종별 식권 사용 주 시간대",식신e식권 가맹점을 대상으로 직장인들의 식권 결제시간 분포 통계 데이터입니다. 
33412,"202204 기업과 가맹점 거리별 이용통계",식신e식권 이용기업과 가맹점 거리별 이용통계입니다. 
33411,"202204 가맹점 조중석식 운영현황",식신e식권의 가맹점 업종별 조중석식 운영 현황 데이터입니다.
33410,"202204 직장인 기업 석식 이용 통계",식신e식권을 이용하는 직장인들의 석식 이용 통계입니다.
33409,직장인 식권 취급기업 정보,식신E식권을 이용하는 기업의 정보 데이터로 기업 업종 지역별 사용 인원 비율을 알 수 있습니다. 본 상품은 협의 후 구매가 가능합니다.
33408,직장인 식권 취급음식점 POI,식신e식권에 가입되어 있는 전국 가맹점 POI 주소 데이터입니다. 본 상품은 협의 후 구매가 가능합니다.
33407,계절별 직장인 방문 음식점 업종 TOP 5,식신E식권을 이용하는 직장인들의 계절별 방문 음식점 업종 TOP 5를 나타낸 데이터입니다.
33406,"202204 요일별 직장인 방문 음식점 업종 TOP 5",식신E식권을 이용하는 직장인들의 요일별 방문 음식점 업종 TOP 5 데이터입니다. 요일별로 가장 인기 있는 음식 업종을 살펴볼 수 있습니다.
33405,"202204 기업 업종별 점심식대 평균",식신E식권 도입 기업의 종목별 식대 소비 통계 데이터입니다. 종목이 각기 다른 기업의 행정구역별 식대를 비교할 수 있습니다.
33404,"202204 요일별 직장인 점심식대 평균",식신E식권을 이용하는 직장인들의 요일별 점심 식대 소비 통계 데이터입니다. 직장인들이 요일별로 어떤 음식점 업종을 주로 이용하는지 살펴볼 수 있습니다.
33403,"202204 서울 직장인 점심식대 금액 평균",식신E식권을 이용하는 직장인들의 서울특별시 구단위 별 점심 식대 소비 통계 데이터입니다.
33402,"202204 전국 직장인 점심식대 금액 평균",식신E식권을 이용하는 직장인들의 대도시별 점심 식대 소비 통계 데이터 입니다. 대도시별 직장인들의 점심 식대 사용 금액을 대략적으로 비교할 수 있습니다.
33401,직장인 점심 식대 소비 통계,"식신E식권을 이용하는 직장인들의 점심 식대 소비 통계 데이터입니다. 구별, 음식 카테고리별, 삼식별(조식, 점심, 저녁 등) 평균 이용 횟수를 확인할 수 있습니다. "
33400,"202204 맛집별 조회 통계",식신에 등록되어 있는 음식점의 사용자 조회 데이터로 인기 매장과 인기 음식 카테고리 정보를 볼 수 있습니다. 
33399,"202204 음식 메뉴 및 가격 정보",식신이 수집한 전국 음식점 POI의 메뉴판을 기반으로 한 메뉴별 가격 정보 데이터입니다.
33398,큐레이션 푸드 매거진 컨텐츠,대한민국 NO.1 맛집 서비스 식신이 주제별로 선정한 맛집을 소개하는 기획기사형 매거진 데이터입니다.
33397,식신 사용자 음식점 평가 후기,"식신 사용자가 음식점을 직접 방문해 보고 경험한 맛, 서비스 등 음식점에 대한 평가를 모은 리뷰 데이터입니다."
33396,전국 음식점 이미지,"대한민국 No.1 맛집 서비스 식신이 자체 촬영하거나, 식신 사용자가 업로드한 음식점 이미지 데이터입니다. "
33395,전국 핫플레이스 권역 정보 (폴리곤),전국 인기 지역(핫플레이스)을 권역별로 설정한 좌표 데이터입니다.
33394,"202204 전국 일반 맛집 정보",대한민국 NO.1 맛집 서비스 식신이 수집한 전국에 위치한 일반 음식점 POI 데이터입니다.
33393,"202204 전국 인기 맛집 정보",대한민국 NO.1 맛집 서비스 식신이 수집하고 관리하는 국내 인기 맛집 (핫플레이스) POI 데이터입니다.
33392,"202204 전국 BEST 맛집 정보",대한민국 NO.1 맛집 서비스 식신이 엄선한 전국 Best 맛집의 상세한 정보가 담긴 POI 데이터입니다.
33391,코로나19 전후 업종별 소비 금액 증감율_2022년 4월 (무료 데이터),로나19 전후의 업종별 소비금액 증감율 비교
33387,"2022년 5월 울산 현시점 공실 정보","2022년 5월 울산 현시점 공실 정보"
33363,"거주지역별, 성별, 연령별 이용 건수 증가율 상위 업종 TOP 10_2022년 4월 (무료 데이터)","거주지역별, 성별, 연령별 이용 건수 증가율 상위 업종 TOP 10_2022년 4월"
33358,"2022년 계량기이미지정보","2022년 계량기이미지정보"
33357,"202204 전국 행정동단위 SOHO 데이터",본 데이터는 KCB가 각 금융사들로부터 매일 수집하는 최신 금융 데이터를 공간 단위로 재가공해 월별로 제공하고 있습니다.
33356,"202204 전국 시군구단위 SOHO 데이터",본 데이터는 KCB가 각 금융사들로부터 매일 수집하는 최신 금융 데이터를 공간 단위로 재가공해 월별로 제공하고 있습니다.
33355,"202204 전국 시도단위 SOHO 데이터",본 데이터는 KCB가 각 금융사들로부터 매일 수집하는 최신 금융 데이터를 공간 단위로 재가공해 월별로 제공하고 있습니다.
33354,"202204 전국 행정동단위 하이엔드 데이터",본 데이터는 KCB가 각 금융사들로부터 매일 수집하는 최신 금융 데이터를 공간 단위로 재가공해 월별로 제공하고 있습니다.
33353,"202204 전국 시군구단위 하이엔드 데이터",본 데이터는 KCB가 각 금융사들로부터 매일 수집하는 최신 금융 데이터를 공간 단위로 재가공해 월별로 제공하고 있습니다.
33352,"202204 전국 시도단위 하이엔드 데이터",본 데이터는 KCB가 각 금융사들로부터 매일 수집하는 최신 금융 데이터를 공간 단위로 재가공해 월별로 제공하고 있습니다.
33351,"202204 전국 행정동단위 자산평가 데이터",본 데이터는 KCB가 각 금융사들로부터 매일 수집하는 최신 금융 데이터를 공간 단위로 재가공해 월별로 제공하고 있습니다.
33350,"202204 전국 시군구단위 자산평가 데이터",본 데이터는 KCB가 각 금융사들로부터 매일 수집하는 최신 금융 데이터를 공간 단위로 재가공해 월별로 제공하고 있습니다.
33349,"202204 전국 시도단위 자산평가 데이터",본 데이터는 KCB가 각 금융사들로부터 매일 수집하는 최신 금융 데이터를 공간 단위로 재가공해 월별로 제공하고 있습니다.
33348,"202204 전국 행정동단위 예금여력 데이터",본 데이터는 KCB가 각 금융사들로부터 매일 수집하는 최신 금융 데이터를 공간 단위로 재가공해 월별로 제공하고 있습니다.
33347,"202204 전국 시군구단위 예금여력 데이터",본 데이터는 KCB가 각 금융사들로부터 매일 수집하는 최신 금융 데이터를 공간 단위로 재가공해 월별로 제공하고 있습니다.
33346,"202204 전국 시도단위 예금여력 데이터",본 데이터는 KCB가 각 금융사들로부터 매일 수집하는 최신 금융 데이터를 공간 단위로 재가공해 월별로 제공하고 있습니다.
33345,"202204 전국 행정동단위 연체정보 데이터",본 데이터는 KCB가 각 금융사들로부터 매일 수집하는 최신 금융 데이터를 공간 단위로 재가공해 월별로 제공하고 있습니다.
33344,"202204 전국 시군구단위 연체정보 데이터",본 데이터는 KCB가 각 금융사들로부터 매일 수집하는 최신 금융 데이터를 공간 단위로 재가공해 월별로 제공하고 있습니다.
33343,"202204 전국 시도단위 연체정보 데이터",본 데이터는 KCB가 각 금융사들로부터 매일 수집하는 최신 금융 데이터를 공간 단위로 재가공해 월별로 제공하고 있습니다.
33342,"202204 전국 행정동단위 대출정보 데이터",본 데이터는 KCB가 각 금융사들로부터 매일 수집하는 최신 금융 데이터를 공간 단위로 재가공해 월별로 제공하고 있습니다.
33341,"202204 전국 시군구단위 대출정보 데이터",본 데이터는 KCB가 각 금융사들로부터 매일 수집하는 최신 금융 데이터를 공간 단위로 재가공해 월별로 제공하고 있습니다.
33340,"202204 전국 시도단위 대출정보 데이터",본 데이터는 KCB가 각 금융사들로부터 매일 수집하는 최신 금융 데이터를 공간 단위로 재가공해 월별로 제공하고 있습니다.
33339,"202204 전국 행정동단위 소비정보 데이터",본 데이터는 KCB가 각 금융사들로부터 매일 수집하는 최신 금융 데이터를 공간 단위로 재가공해 월별로 제공하고 있습니다.
33338,"2022년 전입/전출정보 - 주택 현황",도시가스 전입/전출 기반 공실 및 임차 정보
33337,"202204 전국 시군구단위 소비정보 데이터",본 데이터는 KCB가 각 금융사들로부터 매일 수집하는 최신 금융 데이터를 공간 단위로 재가공해 월별로 제공하고 있습니다.
33336,"202204 전국 시도단위 소비정보 데이터",본 데이터는 KCB가 각 금융사들로부터 매일 수집하는 최신 금융 데이터를 공간 단위로 재가공해 월별로 제공하고 있습니다.
33335,"202204 전국 행정동단위 소득정보 데이터",본 데이터는 KCB가 각 금융사들로부터 매일 수집하는 최신 금융 데이터를 공간 단위로 재가공해 월별로 제공하고 있습니다.
33334,"202204 전국 시군구단위 소득정보 데이터",본 데이터는 KCB가 각 금융사들로부터 매일 수집하는 최신 금융 데이터를 공간 단위로 재가공해 월별로 제공하고 있습니다.
33333,"202204전국 시도단위 소득정보 데이터",본 데이터는 KCB가 각 금융사들로부터 매일 수집하는 최신 금융 데이터를 공간 단위로 재가공해 월별로 제공하고 있습니다.
33332,(NH농협은행) 반려동물 관련 업종별 온라인 이용내역,"NH농협카드를 활용하여 지역별, 연령대별, 업종별, 직업구분별 반려동물 관련 온라인 소비내역 현황"
33331,인공지능 운동(모션) 학습용 데이터셋,인공지능 학습용 - 운동(모션) 분석 동영상  데이터셋
33330,기업개요,국내 기업에 대한 실태를 파악할 수 있는 핵심 기업개요 정보를 제공하는 데이터 상품입니다.
33315,"20220506 전국법인기업 개요정보 및 신용등급상대순위",본 데이터는 KCB가 각 기업들로부터 수집한 법인기업의 개요정보 및 신용등급 상대순위를 제공합니다.
33155,"설렘 반, 걱정 반으로 2년 만에 떠나는 해외여행! 여행 계획부터 여행 소비 트렌드",설문조사 기반의 해외여행에 대한 소비자 인식 데이터
33154,우체국별 우편데이터(2022),우체국별 등기우편의 흐름을 볼 수 있도록 접수우체국 및 집배우체국의 데이터 공개
33153,국내우편물류데이터(2022),"집배기준 국내 우편물류의 접수 행정구역과 배송되는 읍면동까지 공개한 데이터로 날짜별로 정리해서 공개
인코딩: &quot;UTF-8&quot;
구분자: &quot; | &quot;"
33148,"202203 전국 행정동단위 SOHO 데이터",본 데이터는 KCB가 각 금융사들로부터 매일 수집하는 최신 금융 데이터를 공간 단위로 재가공해 월별로 제공하고 있습니다.
33147,"202203 전국 시군구단위 SOHO 데이터",본 데이터는 KCB가 각 금융사들로부터 매일 수집하는 최신 금융 데이터를 공간 단위로 재가공해 월별로 제공하고 있습니다.
33146,"202203 전국 시도단위 SOHO 데이터",본 데이터는 KCB가 각 금융사들로부터 매일 수집하는 최신 금융 데이터를 공간 단위로 재가공해 월별로 제공하고 있습니다.
33145,"202203 전국 행정동단위 하이엔드 데이터",본 데이터는 KCB가 각 금융사들로부터 매일 수집하는 최신 금융 데이터를 공간 단위로 재가공해 월별로 제공하고 있습니다.
33144,"202203 전국 시군구단위 하이엔드 데이터",본 데이터는 KCB가 각 금융사들로부터 매일 수집하는 최신 금융 데이터를 공간 단위로 재가공해 월별로 제공하고 있습니다.
33143,"202203 전국 시도단위 하이엔드 데이터",본 데이터는 KCB가 각 금융사들로부터 매일 수집하는 최신 금융 데이터를 공간 단위로 재가공해 월별로 제공하고 있습니다.
33142,"202203 전국 행정동단위 자산평가 데이터",본 데이터는 KCB가 각 금융사들로부터 매일 수집하는 최신 금융 데이터를 공간 단위로 재가공해 월별로 제공하고 있습니다.
33141,"202203 전국 시군구단위 자산평가 데이터",본 데이터는 KCB가 각 금융사들로부터 매일 수집하는 최신 금융 데이터를 공간 단위로 재가공해 월별로 제공하고 있습니다.
33140,"202203 전국 시도단위 자산평가 데이터",본 데이터는 KCB가 각 금융사들로부터 매일 수집하는 최신 금융 데이터를 공간 단위로 재가공해 월별로 제공하고 있습니다.
33139,"202203 전국 행정동단위 예금여력 데이터",본 데이터는 KCB가 각 금융사들로부터 매일 수집하는 최신 금융 데이터를 공간 단위로 재가공해 월별로 제공하고 있습니다.
33138,"202203 전국 시군구단위 예금여력 데이터",본 데이터는 KCB가 각 금융사들로부터 매일 수집하는 최신 금융 데이터를 공간 단위로 재가공해 월별로 제공하고 있습니다.
33137,"202203 전국 시도단위 예금여력 데이터",본 데이터는 KCB가 각 금융사들로부터 매일 수집하는 최신 금융 데이터를 공간 단위로 재가공해 월별로 제공하고 있습니다.
33136,"202203 전국 행정동단위 연체정보 데이터",본 데이터는 KCB가 각 금융사들로부터 매일 수집하는 최신 금융 데이터를 공간 단위로 재가공해 월별로 제공하고 있습니다.
33135,"202203 전국 시군구단위 연체정보 데이터",본 데이터는 KCB가 각 금융사들로부터 매일 수집하는 최신 금융 데이터를 공간 단위로 재가공해 월별로 제공하고 있습니다.
33134,"202203 전국 시도단위 연체정보 데이터",본 데이터는 KCB가 각 금융사들로부터 매일 수집하는 최신 금융 데이터를 공간 단위로 재가공해 월별로 제공하고 있습니다.
33133,"202203 전국 행정동단위 대출정보 데이터",본 데이터는 KCB가 각 금융사들로부터 매일 수집하는 최신 금융 데이터를 공간 단위로 재가공해 월별로 제공하고 있습니다.
33132,"202203 전국 시군구단위 대출정보 데이터",본 데이터는 KCB가 각 금융사들로부터 매일 수집하는 최신 금융 데이터를 공간 단위로 재가공해 월별로 제공하고 있습니다.
33131,"202203 전국 시도단위 대출정보 데이터",본 데이터는 KCB가 각 금융사들로부터 매일 수집하는 최신 금융 데이터를 공간 단위로 재가공해 월별로 제공하고 있습니다.
33130,"202203 전국 행정동단위 소비정보 데이터",본 데이터는 KCB가 각 금융사들로부터 매일 수집하는 최신 금융 데이터를 공간 단위로 재가공해 월별로 제공하고 있습니다.
33129,"202203 전국 시군구단위 소비정보 데이터",본 데이터는 KCB가 각 금융사들로부터 매일 수집하는 최신 금융 데이터를 공간 단위로 재가공해 월별로 제공하고 있습니다.
33128,"202203 전국 시도단위 소비정보 데이터",본 데이터는 KCB가 각 금융사들로부터 매일 수집하는 최신 금융 데이터를 공간 단위로 재가공해 월별로 제공하고 있습니다.
33127,"202203 전국 행정동단위 소득정보 데이터",본 데이터는 KCB가 각 금융사들로부터 매일 수집하는 최신 금융 데이터를 공간 단위로 재가공해 월별로 제공하고 있습니다.
33126,"202203 전국 시군구단위 소득정보 데이터",본 데이터는 KCB가 각 금융사들로부터 매일 수집하는 최신 금융 데이터를 공간 단위로 재가공해 월별로 제공하고 있습니다.
33125,"202203전국 시도단위 소득정보 데이터",본 데이터는 KCB가 각 금융사들로부터 매일 수집하는 최신 금융 데이터를 공간 단위로 재가공해 월별로 제공하고 있습니다.
33077,"2022년 연체/미납정보 - 주택 현황","고객 유형, 지역별 연체, 미납 정보"
33076,"2022년 연체/미납정보 - 양산","고객 유형, 지역별 연체, 미납 정보"
33075,"2022년 연체/미납정보 - 울산 중구","고객 유형, 지역별 연체, 미납 정보"
33074,"2022년 연체/미납정보 - 울산 울주군","고객 유형, 지역별 연체, 미납 정보"
33073,"2022년 연체/미납정보 - 울산 북구","고객 유형, 지역별 연체, 미납 정보"
33072,"2022년 연체/미납정보 - 울산 남구","고객 유형, 지역별 연체, 미납 정보"
33071,"2022년 연체/미납정보 - 울산 동구","고객 유형, 지역별 연체, 미납 정보"
33070,"2022년 연체/미납정보 - 일반 현황","고객 유형, 지역별 연체, 미납 정보"
33069,"2022년 연체/미납정보 - 산업 현황","고객 유형, 지역별 연체, 미납 정보"
32909,"202203 키오스크 단말기 구내식당 주문데이터",식신e식권을 이용하는 기업 중 복합 결제 단말기를 사용하는 구내식당 결제 데이터입니다.
32908,"202203 요일별 인기업종 카테고리 데이터",대한민국 NO. 맛집 서비스 식신 사용자가 요일별로 조회하는 맛집의 업종 카테고리 데이터입니다.
32907,"202203 직장인 업종별 식권 사용 주 시간대",식신e식권 가맹점을 대상으로 직장인들의 식권 결제시간 분포 통계 데이터입니다. 
32906,"202203 기업과 가맹점 거리별 이용통계",식신e식권 이용기업과 가맹점 거리별 이용통계입니다. 
32905,"202203 가맹점 조중석식 운영현황",식신e식권의 가맹점 업종별 조중석식 운영 현황 데이터입니다.
32904,"202203 직장인 기업 석식 이용 통계",식신e식권을 이용하는 직장인들의 석식 이용 통계입니다.
32903,직장인 식권 취급기업 정보,식신E식권을 이용하는 기업의 정보 데이터로 기업 업종 지역별 사용 인원 비율을 알 수 있습니다. 본 상품은 협의 후 구매가 가능합니다.
32902,직장인 식권 취급음식점 POI,식신e식권에 가입되어 있는 전국 가맹점 POI 주소 데이터입니다. 본 상품은 협의 후 구매가 가능합니다.
32901, 계절별 직장인 방문 음식점 업종 TOP 5,식신E식권을 이용하는 직장인들의 계절별 방문 음식점 업종 TOP 5를 나타낸 데이터입니다.
32900,"202203 요일별 직장인 방문 음식점 업종 TOP 5",식신E식권을 이용하는 직장인들의 요일별 방문 음식점 업종 TOP 5 데이터입니다. 요일별로 가장 인기 있는 음식 업종을 살펴볼 수 있습니다.
32899,"202203 기업 업종별 점심식대 평균",식신E식권 도입 기업의 종목별 식대 소비 통계 데이터입니다. 종목이 각기 다른 기업의 행정구역별 식대를 비교할 수 있습니다.
32898,"202203 요일별 직장인 점심식대 평균",식신E식권을 이용하는 직장인들의 요일별 점심 식대 소비 통계 데이터입니다. 직장인들이 요일별로 어떤 음식점 업종을 주로 이용하는지 살펴볼 수 있습니다.
32897,"202203 서울 직장인 점심식대 금액 평균",식신E식권을 이용하는 직장인들의 서울특별시 구단위 별 점심 식대 소비 통계 데이터입니다.
32896,"202203 전국 직장인 점심식대 금액 평균",식신E식권을 이용하는 직장인들의 대도시별 점심 식대 소비 통계 데이터 입니다. 대도시별 직장인들의 점심 식대 사용 금액을 대략적으로 비교할 수 있습니다.
32895,직장인 점심식대 소비 통계,"식신E식권을 이용하는 직장인들의 점심 식대 소비 통계 데이터입니다. 구별, 음식 카테고리별, 삼식별(조식, 점심, 저녁 등) 평균 이용 횟수를 확인할 수 있습니다. "
32894,"202203 맛집별 조회 통계",식신에 등록되어 있는 음식점의 사용자 조회 데이터로 인기 매장과 인기 음식 카테고리 정보를 볼 수 있습니다. 
32893,"202203 음식 메뉴 및 가격 정보",식신이 수집한 전국 음식점 POI의 메뉴판을 기반으로 한 메뉴별 가격 정보 데이터입니다.
32892,큐레이션 푸드 매거진 컨텐츠,대한민국 NO.1 맛집 서비스 식신이 주제별로 선정한 맛집을 소개하는 기획기사형 매거진 데이터입니다.
32891,식신 사용자 음식점 평가 후기,"식신 사용자가 음식점을 직접 방문해 보고 경험한 맛, 서비스 등 음식점에 대한 평가를 모은 리뷰 데이터입니다."
32890,전국 음식점 이미지,"대한민국 No.1 맛집 서비스 식신이 자체 촬영하거나, 식신 사용자가 업로드한 음식점 이미지 데이터입니다. "
32889,전국 핫플레이스 권역 정보 (폴리곤),전국 인기 지역(핫플레이스)을 권역별로 설정한 좌표 데이터입니다.
32888,"202203 전국 일반 맛집 정보",대한민국 NO.1 맛집 서비스 식신이 수집한 전국에 위치한 일반 음식점 POI 데이터입니다.
32887,"202203 전국 인기 맛집 정보",대한민국 NO.1 맛집 서비스 식신이 수집하고 관리하는 국내 인기 맛집 (핫플레이스) POI 데이터입니다.
32886,"202203 전국 BEST 맛집 정보",대한민국 NO.1 맛집 서비스 식신이 엄선한 전국 Best 맛집의 상세한 정보가 담긴 POI 데이터입니다.
32885,"거주지역별, 성별, 연령별 이용 건수 증가율 상위 업종 TOP 10_2022년 3월 (무료 데이터)","거주지역별, 성별, 연령별 이용 건수 증가율 상위 업종 TOP 10_2022년 3월"
32884,코로나19 전후 업종별 소비 금액 증감율_2022년 3월 (무료 데이터),코로나19 전후의 업종별 소비금액 증감율 비교
32881,"거주지역별, 성별, 연령별 이용 건수 증가율 상위 업종 TOP 10_2022년 2월","거주지역별, 성별, 연령별 이용 건수 증가율 상위 업종 TOP 10_2022년 2월"
32880,코로나19 전후 업종별 소비 금액 증감율_2022년 2월,코로나19 전후의 업종별 소비금액 증감율 비교
32879,"202202 전국 행정동단위 SOHO 데이터",본 데이터는 KCB가 각 금융사들로부터 매일 수집하는 최신 금융 데이터를 공간 단위로 재가공해 월별로 제공하고 있습니다.
32878,"202202 전국 시군구단위 SOHO 데이터",본 데이터는 KCB가 각 금융사들로부터 매일 수집하는 최신 금융 데이터를 공간 단위로 재가공해 월별로 제공하고 있습니다.
32877,"202202 전국 시도단위 SOHO 데이터",본 데이터는 KCB가 각 금융사들로부터 매일 수집하는 최신 금융 데이터를 공간 단위로 재가공해 월별로 제공하고 있습니다.
32876,"202202 전국 행정동단위 하이엔드 데이터",본 데이터는 KCB가 각 금융사들로부터 매일 수집하는 최신 금융 데이터를 공간 단위로 재가공해 월별로 제공하고 있습니다.
32875,"202202 전국 시군구단위 하이엔드 데이터",본 데이터는 KCB가 각 금융사들로부터 매일 수집하는 최신 금융 데이터를 공간 단위로 재가공해 월별로 제공하고 있습니다.
32874,"202202 전국 시도단위 하이엔드 데이터",본 데이터는 KCB가 각 금융사들로부터 매일 수집하는 최신 금융 데이터를 공간 단위로 재가공해 월별로 제공하고 있습니다.
32873,"202202 전국 행정동단위 자산평가 데이터",본 데이터는 KCB가 각 금융사들로부터 매일 수집하는 최신 금융 데이터를 공간 단위로 재가공해 월별로 제공하고 있습니다.
32872,"202202 전국 시군구단위 자산평가 데이터",본 데이터는 KCB가 각 금융사들로부터 매일 수집하는 최신 금융 데이터를 공간 단위로 재가공해 월별로 제공하고 있습니다.
32871,카드사와 편의점 데이터가 만나면? 새롭게 찾은 편의점 쇼핑 인사이트,이업종간의 결제데이터 결합을 통한 편의점 이용 행태 분석
32870,"202202 전국 시도단위 자산평가 데이터",본 데이터는 KCB가 각 금융사들로부터 매일 수집하는 최신 금융 데이터를 공간 단위로 재가공해 월별로 제공하고 있습니다.
32869,"202202 전국 행정동단위 예금여력 데이터",본 데이터는 KCB가 각 금융사들로부터 매일 수집하는 최신 금융 데이터를 공간 단위로 재가공해 월별로 제공하고 있습니다.
32868,"202202 전국 시군구단위 예금여력 데이터",본 데이터는 KCB가 각 금융사들로부터 매일 수집하는 최신 금융 데이터를 공간 단위로 재가공해 월별로 제공하고 있습니다.
32867,"202202 전국 시도단위 예금여력 데이터",본 데이터는 KCB가 각 금융사들로부터 매일 수집하는 최신 금융 데이터를 공간 단위로 재가공해 월별로 제공하고 있습니다.
32866,"202202 전국 행정동단위 연체정보 데이터",본 데이터는 KCB가 각 금융사들로부터 매일 수집하는 최신 금융 데이터를 공간 단위로 재가공해 월별로 제공하고 있습니다.
32865,"202202 전국 시군구단위 연체정보 데이터",본 데이터는 KCB가 각 금융사들로부터 매일 수집하는 최신 금융 데이터를 공간 단위로 재가공해 월별로 제공하고 있습니다.
32864,"202202 전국 시도단위 연체정보 데이터",본 데이터는 KCB가 각 금융사들로부터 매일 수집하는 최신 금융 데이터를 공간 단위로 재가공해 월별로 제공하고 있습니다.
32863,"202202 전국 행정동단위 대출정보 데이터",본 데이터는 KCB가 각 금융사들로부터 매일 수집하는 최신 금융 데이터를 공간 단위로 재가공해 월별로 제공하고 있습니다.
32862,"202202 전국 시군구단위 대출정보 데이터",본 데이터는 KCB가 각 금융사들로부터 매일 수집하는 최신 금융 데이터를 공간 단위로 재가공해 월별로 제공하고 있습니다.
32861,"202202 전국 시도단위 대출정보 데이터",본 데이터는 KCB가 각 금융사들로부터 매일 수집하는 최신 금융 데이터를 공간 단위로 재가공해 월별로 제공하고 있습니다.
32860,"202202 전국 행정동단위 소비정보 데이터",본 데이터는 KCB가 각 금융사들로부터 매일 수집하는 최신 금융 데이터를 공간 단위로 재가공해 월별로 제공하고 있습니다.
32859,"202202 전국 시군구단위 소비정보 데이터",본 데이터는 KCB가 각 금융사들로부터 매일 수집하는 최신 금융 데이터를 공간 단위로 재가공해 월별로 제공하고 있습니다.
32858,"202202 전국 시도단위 소비정보 데이터",본 데이터는 KCB가 각 금융사들로부터 매일 수집하는 최신 금융 데이터를 공간 단위로 재가공해 월별로 제공하고 있습니다.
32857,"202202 전국 행정동단위 소득정보 데이터",본 데이터는 KCB가 각 금융사들로부터 매일 수집하는 최신 금융 데이터를 공간 단위로 재가공해 월별로 제공하고 있습니다.
32856,"202202 전국 시군구단위 소득정보 데이터",본 데이터는 KCB가 각 금융사들로부터 매일 수집하는 최신 금융 데이터를 공간 단위로 재가공해 월별로 제공하고 있습니다.
32855,"202202전국 시도단위 소득정보 데이터",본 데이터는 KCB가 각 금융사들로부터 매일 수집하는 최신 금융 데이터를 공간 단위로 재가공해 월별로 제공하고 있습니다.
32854,"202201 전국 행정동단위 SOHO 데이터",본 데이터는 KCB가 각 금융사들로부터 매일 수집하는 최신 금융 데이터를 공간 단위로 재가공해 월별로 제공하고 있습니다.
32853,"202201 전국 시군구단위 SOHO 데이터",본 데이터는 KCB가 각 금융사들로부터 매일 수집하는 최신 금융 데이터를 공간 단위로 재가공해 월별로 제공하고 있습니다.
32852,"202201 전국 시도단위 SOHO 데이터",본 데이터는 KCB가 각 금융사들로부터 매일 수집하는 최신 금융 데이터를 공간 단위로 재가공해 월별로 제공하고 있습니다.
32851,"202201 전국 행정동단위 하이엔드 데이터",본 데이터는 KCB가 각 금융사들로부터 매일 수집하는 최신 금융 데이터를 공간 단위로 재가공해 월별로 제공하고 있습니다.
32850,"202201 전국 시군구단위 하이엔드 데이터",본 데이터는 KCB가 각 금융사들로부터 매일 수집하는 최신 금융 데이터를 공간 단위로 재가공해 월별로 제공하고 있습니다.
32849,"202201 전국 시도단위 하이엔드 데이터",본 데이터는 KCB가 각 금융사들로부터 매일 수집하는 최신 금융 데이터를 공간 단위로 재가공해 월별로 제공하고 있습니다.
32848,"202201 전국 행정동단위 자산평가 데이터",본 데이터는 KCB가 각 금융사들로부터 매일 수집하는 최신 금융 데이터를 공간 단위로 재가공해 월별로 제공하고 있습니다.
32847,"202201 전국 시군구단위 자산평가 데이터",본 데이터는 KCB가 각 금융사들로부터 매일 수집하는 최신 금융 데이터를 공간 단위로 재가공해 월별로 제공하고 있습니다.
32846,"202201 전국 시도단위 자산평가 데이터",본 데이터는 KCB가 각 금융사들로부터 매일 수집하는 최신 금융 데이터를 공간 단위로 재가공해 월별로 제공하고 있습니다.
32845,"202201 전국 행정동단위 예금여력 데이터",본 데이터는 KCB가 각 금융사들로부터 매일 수집하는 최신 금융 데이터를 공간 단위로 재가공해 월별로 제공하고 있습니다.
32844,"202201 전국 시군구단위 예금여력 데이터",본 데이터는 KCB가 각 금융사들로부터 매일 수집하는 최신 금융 데이터를 공간 단위로 재가공해 월별로 제공하고 있습니다.
32843,"202201 전국 시도단위 예금여력 데이터",본 데이터는 KCB가 각 금융사들로부터 매일 수집하는 최신 금융 데이터를 공간 단위로 재가공해 월별로 제공하고 있습니다.
32842,"202201 전국 행정동단위 연체정보 데이터",본 데이터는 KCB가 각 금융사들로부터 매일 수집하는 최신 금융 데이터를 공간 단위로 재가공해 월별로 제공하고 있습니다.
32841,"202201 전국 시군구단위 연체정보 데이터",본 데이터는 KCB가 각 금융사들로부터 매일 수집하는 최신 금융 데이터를 공간 단위로 재가공해 월별로 제공하고 있습니다.
32840,"202201 전국 시도단위 연체정보 데이터",본 데이터는 KCB가 각 금융사들로부터 매일 수집하는 최신 금융 데이터를 공간 단위로 재가공해 월별로 제공하고 있습니다.
32839,"202201 전국 행정동단위 대출정보 데이터",본 데이터는 KCB가 각 금융사들로부터 매일 수집하는 최신 금융 데이터를 공간 단위로 재가공해 월별로 제공하고 있습니다.
32838,"202201 전국 시군구단위 대출정보 데이터",본 데이터는 KCB가 각 금융사들로부터 매일 수집하는 최신 금융 데이터를 공간 단위로 재가공해 월별로 제공하고 있습니다.
32837,"202201 전국 시도단위 대출정보 데이터",본 데이터는 KCB가 각 금융사들로부터 매일 수집하는 최신 금융 데이터를 공간 단위로 재가공해 월별로 제공하고 있습니다.
32836,"202201 전국 행정동단위 소비정보 데이터",본 데이터는 KCB가 각 금융사들로부터 매일 수집하는 최신 금융 데이터를 공간 단위로 재가공해 월별로 제공하고 있습니다.
32835,"202201 전국 시군구단위 소비정보 데이터",본 데이터는 KCB가 각 금융사들로부터 매일 수집하는 최신 금융 데이터를 공간 단위로 재가공해 월별로 제공하고 있습니다.
32834,"202201 전국 시도단위 소비정보 데이터",본 데이터는 KCB가 각 금융사들로부터 매일 수집하는 최신 금융 데이터를 공간 단위로 재가공해 월별로 제공하고 있습니다.
32833,"202201 전국 행정동단위 소득정보 데이터",본 데이터는 KCB가 각 금융사들로부터 매일 수집하는 최신 금융 데이터를 공간 단위로 재가공해 월별로 제공하고 있습니다.
32832,"202201 전국 시군구단위 소득정보 데이터",본 데이터는 KCB가 각 금융사들로부터 매일 수집하는 최신 금융 데이터를 공간 단위로 재가공해 월별로 제공하고 있습니다.
32831,"202201전국 시도단위 소득정보 데이터",본 데이터는 KCB가 각 금융사들로부터 매일 수집하는 최신 금융 데이터를 공간 단위로 재가공해 월별로 제공하고 있습니다.
32830,"202112 전국 행정동단위 SOHO 데이터",본 데이터는 KCB가 각 금융사들로부터 매일 수집하는 최신 금융 데이터를 공간 단위로 재가공해 월별로 제공하고 있습니다.
32829,"202112 전국 시군구단위 SOHO 데이터",본 데이터는 KCB가 각 금융사들로부터 매일 수집하는 최신 금융 데이터를 공간 단위로 재가공해 월별로 제공하고 있습니다.
32828,"202112 전국 시도단위 SOHO 데이터","본 데이터는 KCB가 각 금융사들로부터 매일 수집하는 최신 금융 데이터를 공간 단위로 재가공해 월별로 제공하고 있습니다.
"
32827,"202112 전국 행정동단위 하이엔드 데이터","본 데이터는 KCB가 각 금융사들로부터 매일 수집하는 최신 금융 데이터를 공간 단위로 재가공해 월별로 제공하고 있습니다.
"
32826,"202112 전국 시군구단위 하이엔드 데이터","본 데이터는 KCB가 각 금융사들로부터 매일 수집하는 최신 금융 데이터를 공간 단위로 재가공해 월별로 제공하고 있습니다.
"
32825,"202112 전국 시도단위 하이엔드 데이터","본 데이터는 KCB가 각 금융사들로부터 매일 수집하는 최신 금융 데이터를 공간 단위로 재가공해 월별로 제공하고 있습니다.
"
32824,"202112 전국 행정동단위 자산평가 데이터","본 데이터는 KCB가 각 금융사들로부터 매일 수집하는 최신 금융 데이터를 공간 단위로 재가공해 월별로 제공하고 있습니다.
"
32823,"202112 전국 시군구단위 자산평가 데이터","본 데이터는 KCB가 각 금융사들로부터 매일 수집하는 최신 금융 데이터를 공간 단위로 재가공해 월별로 제공하고 있습니다.
"
32822,"202112 전국 시도단위 자산평가 데이터","본 데이터는 KCB가 각 금융사들로부터 매일 수집하는 최신 금융 데이터를 공간 단위로 재가공해 월별로 제공하고 있습니다.
"
32821,"202112 전국 행정동단위 예금여력 데이터","본 데이터는 KCB가 각 금융사들로부터 매일 수집하는 최신 금융 데이터를 공간 단위로 재가공해 월별로 제공하고 있습니다.
"
32820,"202112 전국 시군구단위 예금여력 데이터","본 데이터는 KCB가 각 금융사들로부터 매일 수집하는 최신 금융 데이터를 공간 단위로 재가공해 월별로 제공하고 있습니다.
"
32819,"202112 전국 시도단위 예금여력 데이터","본 데이터는 KCB가 각 금융사들로부터 매일 수집하는 최신 금융 데이터를 공간 단위로 재가공해 월별로 제공하고 있습니다.
"
32818,"202112 전국 행정동단위 연체정보 데이터","본 데이터는 KCB가 각 금융사들로부터 매일 수집하는 최신 금융 데이터를 공간 단위로 재가공해 월별로 제공하고 있습니다.
"
32817,"202112 전국 시군구단위 연체정보 데이터","본 데이터는 KCB가 각 금융사들로부터 매일 수집하는 최신 금융 데이터를 공간 단위로 재가공해 월별로 제공하고 있습니다.
"
32816,"202112 전국 시도단위 연체정보 데이터","본 데이터는 KCB가 각 금융사들로부터 매일 수집하는 최신 금융 데이터를 공간 단위로 재가공해 월별로 제공하고 있습니다.
"
32815,"202112 전국 행정동단위 대출정보 데이터","본 데이터는 KCB가 각 금융사들로부터 매일 수집하는 최신 금융 데이터를 공간 단위로 재가공해 월별로 제공하고 있습니다.
"
32814,"202112 전국 시군구단위 대출정보 데이터","본 데이터는 KCB가 각 금융사들로부터 매일 수집하는 최신 금융 데이터를 공간 단위로 재가공해 월별로 제공하고 있습니다.
"
32813,"202112 전국 시도단위 대출정보 데이터","본 데이터는 KCB가 각 금융사들로부터 매일 수집하는 최신 금융 데이터를 공간 단위로 재가공해 월별로 제공하고 있습니다.
"
32812,"202112 전국 행정동단위 소비정보 데이터","본 데이터는 KCB가 각 금융사들로부터 매일 수집하는 최신 금융 데이터를 공간 단위로 재가공해 월별로 제공하고 있습니다.
"
32811,"202112 전국 시도단위 소비정보 데이터","본 데이터는 KCB가 각 금융사들로부터 매일 수집하는 최신 금융 데이터를 공간 단위로 재가공해 월별로 제공하고 있습니다.
"
32810,"202112 전국 행정동단위 소득정보 데이터","본 데이터는 KCB가 각 금융사들로부터 매일 수집하는 최신 금융 데이터를 공간 단위로 재가공해 월별로 제공하고 있습니다.
"
32809,"202112 전국 시군구단위 소득정보 데이터","본 데이터는 KCB가 각 금융사들로부터 매일 수집하는 최신 금융 데이터를 공간 단위로 재가공해 월별로 제공하고 있습니다.
"
32808,"202112 전국 시군구단위 소비정보 데이터",본 데이터는 KCB가 각 금융사들로부터 매일 수집하는 최신 금융 데이터를 공간 단위로 재가공해 월별로 제공하고 있습니다.
32807,"202112 전국 시도단위 소득정보 데이터",본 데이터는 KCB가 각 금융사들로부터 매일 수집하는 최신 금융 데이터를 공간 단위로 재가공해 월별로 제공하고 있습니다.
32600,역대 대통령 선거 당선인명부 - 중앙선거관리위원회 제공 (제 20대 추가),"역대 대통령 선거 당선인 현황 - 중앙선거관리위원회 제공하는 xlsx 파일 형식으로 제공

(APP 개발 / 통계 활용)"
32593,역대 대통령 선거 투표 현황 - 중앙선거관리위원회 제공,"역대 대통령 선거 투표 현황 - 중앙선거관리위원회 제공하는 xlsx 파일 형식으로 제공

(APP 개발 / 통계 활용)"
32592,역대 대통령 선거 개표 현황 - 중앙선거관리위원회 제공 (제 20대 추가),"역대 대통령 선거 개표 현황 - 중앙선거관리위원회 제공하는 xlsx 파일 형식으로 제공

(APP 개발 / 통계 활용)
"
32590,"2022년 전입/전출정보 - 울산 동구",도시가스 전입/전출 기반 공실 및 임차 정보
32589,"2022년 전입/전출정보 - 양산",도시가스 전입/전출 기반 공실 및 임차 정보
32588,"2022년 전입/전출정보 - 울산 중구",도시가스 전입/전출 기반 공실 및 임차 정보
32587,"2022년 전입/전출정보 - 울산 울주군",도시가스 전입/전출 기반 공실 및 임차 정보
32586,"2022년 전입/전출정보 - 울산 북구",도시가스 전입/전출 기반 공실 및 임차 정보
32585,"2022년 전입/전출정보 - 울산 남구",도시가스 전입/전출 기반 공실 및 임차 정보
32584,"2022년 전입/전출정보 - 산업 현황",도시가스 전입/전출 기반 공실 및 임차 정보
32583,"2022년 전입/전출정보 - 일반 현황",도시가스 전입/전출 기반 공실 및 임차 정보
32581,"2022년 고객과금정보 - 양산","유형벌, 업종별, 과금량(사용량)정보"
32580,"2022년 고객과금정보 - 울산 중구","유형벌, 업종별, 과금량(사용량)정보"
32579,"2022년 고객과금정보 - 울산 울주군","유형벌, 업종별, 과금량(사용량)정보"
32578,"2022년 고객과금정보 - 울산 북구","유형벌, 업종별, 과금량(사용량)정보"
32577,"2022년 고객과금정보 - 울산 남구","유형벌, 업종별, 과금량(사용량)정보"
32576,"2022년 고객과금정보 - 울산 동구","유형벌, 업종별, 과금량(사용량)정보"
32573,"2022년 고객계약정보 - 일반 현황","고객 유형, 지역별 계약 정보"
32571,"2022년 고객계약정보 - 산업 현황","고객 유형, 지역별 계약 정보"
32570,"2022년 고객계약정보 - 주택 현황","고객 유형, 지역별 계약 정보"
32568,AI 학습용 대용량 데이터 - 시간 표현 탐지 텍스트 데이터 셋,"시간 표현 탐지 텍스트 데이터 셋
실제 방영된 방송 콘텐츠를 구매함으로써 인위적으로 설정한 영상이 아닌 실제 상황을 사업에 활용
연령대별, 성별 음성 분량 가능한 데이터 셋 제공 
지적재산권과 초상권 이슈를 해결한 데이터 셋 제공"
32567,AI 학습용 대용량 데이터 - 뉴스 대본 및 앵커 음성 데이터 셋,"뉴스 대본 및 앵커 음성 데이터 셋
실제 방영된 방송 콘텐츠를 구매함으로써 인위적으로 설정한 영상이 아닌 실제 상황을 사업에 활용
연령대별, 성별 음성 분량 가능한 데이터 셋 제공 
지적재산권과 초상권 이슈를 해결한 데이터 셋 제공"
32566,AI 학습용 대용량 데이터 - 연령대별 특징적 발화 음성 데이터 셋,"연령대별 특징적 발화 음성 데이터 셋
실제 방영된 방송 콘텐츠를 구매함으로써 인위적으로 설정한 영상이 아닌 실제 상황을 사업에 활용
연령대별, 성별 음성 분량 가능한 데이터 셋 제공 
지적재산권과 초상권 이슈를 해결한 데이터 셋 제공
"
32565,"거주지역별, 성별, 연령별 이용 건수 증가율 상위 업종 TOP 10_2022년 1월","거주지역별, 성별, 연령별 이용 건수 증가율 상위 업종 TOP 10_2022년 1월
"
32564,코로나19 전후 업종별 소비 금액 증감율_2022년 1월,코로나19 전후의 업종별 소비금액 즘감율 비교
32482,"동영상, 오디오, 텍스트 인공지능 학습용 데이터 _ 데이터 바우처 전용","데이터 바우처 사업을  통해  최대 7500만원의 데이터 구매, 가공을 지원합니다. "
32272,"2021년 시간대별 소비 트렌드","2021년 시간대별 삼성카드 이용 트렌드"
32008,"설 선물 트렌드 분석, KDX가 도와드립니다 ","설날, 매년 찾아온다고 매년 똑같은 선물을 가판에 올려놓고 있나요? 온라인 쇼핑몰을 운영하는데 설날 특수 어떻게 준비해야 할 지 모르시겠다구요? 
설 선물 트렌드 분석, KDX가 도와드립니다! "
32007,코로나19 전후 업종별 소비 금액 증감율_2021년 12월,코로나 19 전후의 업종별 소비금액 증감율 비교
32006,코로나 시대의 여가 생활 트렌드_골프,코로나19 전후의 골프 업종 이용 양상 분석
31984,"2021 좌표별 건물 유동인구 x 부동산 시세 데이터","본 데이터는 로플랫과 지인플러스의 융합 데이터로 좌표별 건물 유동인구와 부동산 시세를 분석할 수 있는 데이터입니다. 주상복합 아파트 브랜드 및 시세 등 부동산 정보와 상권의 유동인구, 업종 특징을 요일대/시간대별로 연계 분석할 수 있습니다. "
31983,울산/양산 기업 정보 데이터(맞춤형),울산/양산 지역 기업에 대한 수요기업 맞춤형 정보 제공
31981,"2021년도 4분기 온누리약국 고객판매 내역","2021년도 4분기  온누리약국 고객판매 내역
:해당 자료는 전국 2200여개의 온누리 약국체인중 500여개 POS 판매 정보입니다..
"
31978,"2021년 11월 일별 주요 미디어 부동산 인덱스",국내 2200개 미디어사로 유입된 부동산 키워드와 관련된 미디어 데이터입니다. 
31977,"2021년 11월 (넷째주) 일별 주요 미디어 기업 PR 인덱스",국내 2200개 미디어사로 유입된 KOSPI 100대 기업 키워드와 관련된 미디어 데이터입니다.  
31976,"2021년도 4분기 온누리회원약국 제품 공급 내역","2021년도 4분기 온누리회원약국 제품공급 내역
:해당 자료는 전국 2200여개의 온누리 약국체인으로 공급되고 있는 온누리에이치엔씨의 제품의 약 47개 카테고리 정보입니다."
31963,"202111 전국 행정동단위 할부이용정보 데이터","본 데이터는 KCB가 각 금융사들로부터 매일 수집하는 최신 금융 데이터를 공간 단위로 재가공해 월별로 제공하고 있습니다.
"
31962,"202111 전국 시군구단위 할부이용정보 데이터","본 데이터는 KCB가 각 금융사들로부터 매일 수집하는 최신 금융 데이터를 공간 단위로 재가공해 월별로 제공하고 있습니다.
"
31961,"202111 전국 시도단위 할부이용정보 데이터","본 데이터는 KCB가 각 금융사들로부터 매일 수집하는 최신 금융 데이터를 공간 단위로 재가공해 월별로 제공하고 있습니다.
"
31960,"202111 전국 행정동단위 SOHO 데이터","본 데이터는 KCB가 각 금융사들로부터 매일 수집하는 최신 금융 데이터를 공간 단위로 재가공해 월별로 제공하고 있습니다.
"
31959,"202111 전국 시군구단위 SOHO 데이터","본 데이터는 KCB가 각 금융사들로부터 매일 수집하는 최신 금융 데이터를 공간 단위로 재가공해 월별로 제공하고 있습니다.
"
31958,"202111 전국 시도단위 SOHO 데이터","본 데이터는 KCB가 각 금융사들로부터 매일 수집하는 최신 금융 데이터를 공간 단위로 재가공해 월별로 제공하고 있습니다.
"
31957,"202111 전국 행정동단위 하이엔드 데이터","본 데이터는 KCB가 각 금융사들로부터 매일 수집하는 최신 금융 데이터를 공간 단위로 재가공해 월별로 제공하고 있습니다.
"
31956,"202111 전국 시군구단위 하이엔드 데이터","본 데이터는 KCB가 각 금융사들로부터 매일 수집하는 최신 금융 데이터를 공간 단위로 재가공해 월별로 제공하고 있습니다.
"
31955,"202111 전국 시도단위 하이엔드 데이터","본 데이터는 KCB가 각 금융사들로부터 매일 수집하는 최신 금융 데이터를 공간 단위로 재가공해 월별로 제공하고 있습니다.
"
31954,"202111 전국 행정동단위 자산평가 데이터","본 데이터는 KCB가 각 금융사들로부터 매일 수집하는 최신 금융 데이터를 공간 단위로 재가공해 월별로 제공하고 있습니다.
"
31953,"202111 전국 시군구단위 자산평가 데이터","본 데이터는 KCB가 각 금융사들로부터 매일 수집하는 최신 금융 데이터를 공간 단위로 재가공해 월별로 제공하고 있습니다.
"
31952,"202111 전국 시도단위 자산평가 데이터","본 데이터는 KCB가 각 금융사들로부터 매일 수집하는 최신 금융 데이터를 공간 단위로 재가공해 월별로 제공하고 있습니다.
"
31951,"202111 전국 행정동단위 예금여력 데이터","본 데이터는 KCB가 각 금융사들로부터 매일 수집하는 최신 금융 데이터를 공간 단위로 재가공해 월별로 제공하고 있습니다.
"
31950,"202111 전국 시군구단위 예금여력 데이터","본 데이터는 KCB가 각 금융사들로부터 매일 수집하는 최신 금융 데이터를 공간 단위로 재가공해 월별로 제공하고 있습니다.
"
31949,"202111 전국 시도단위 예금여력 데이터","본 데이터는 KCB가 각 금융사들로부터 매일 수집하는 최신 금융 데이터를 공간 단위로 재가공해 월별로 제공하고 있습니다.
"
31948,"202111 전국 행정동단위 연체정보 데이터","본 데이터는 KCB가 각 금융사들로부터 매일 수집하는 최신 금융 데이터를 공간 단위로 재가공해 월별로 제공하고 있습니다.
"
31947,"202111 전국 시군구단위 연체정보 데이터","본 데이터는 KCB가 각 금융사들로부터 매일 수집하는 최신 금융 데이터를 공간 단위로 재가공해 월별로 제공하고 있습니다.
"
31946,"202111 전국 시도단위 연체정보 데이터","본 데이터는 KCB가 각 금융사들로부터 매일 수집하는 최신 금융 데이터를 공간 단위로 재가공해 월별로 제공하고 있습니다.
"
31945,"202111 전국 행정동단위 대출정보 데이터","본 데이터는 KCB가 각 금융사들로부터 매일 수집하는 최신 금융 데이터를 공간 단위로 재가공해 월별로 제공하고 있습니다.
"
31944,"202111 전국 시군구단위 대출정보 데이터","본 데이터는 KCB가 각 금융사들로부터 매일 수집하는 최신 금융 데이터를 공간 단위로 재가공해 월별로 제공하고 있습니다.
"
31943,"202111 전국 시도단위 대출정보 데이터","본 데이터는 KCB가 각 금융사들로부터 매일 수집하는 최신 금융 데이터를 공간 단위로 재가공해 월별로 제공하고 있습니다.
"
31942,"202111 전국 행정동단위 소비정보 데이터","본 데이터는 KCB가 각 금융사들로부터 매일 수집하는 최신 금융 데이터를 공간 단위로 재가공해 월별로 제공하고 있습니다.
"
31941,"202111 전국 시군구단위 소비정보 데이터","본 데이터는 KCB가 각 금융사들로부터 매일 수집하는 최신 금융 데이터를 공간 단위로 재가공해 월별로 제공하고 있습니다.
"
31940,"202111 전국 시도단위 소비정보 데이터","본 데이터는 KCB가 각 금융사들로부터 매일 수집하는 최신 금융 데이터를 공간 단위로 재가공해 월별로 제공하고 있습니다.
"
31939,"202111 전국 행정동단위 소득정보 데이터","본 데이터는 KCB가 각 금융사들로부터 매일 수집하는 최신 금융 데이터를 공간 단위로 재가공해 월별로 제공하고 있습니다.
"
31938,"202111 전국 시군구단위 소득정보 데이터","본 데이터는 KCB가 각 금융사들로부터 매일 수집하는 최신 금융 데이터를 공간 단위로 재가공해 월별로 제공하고 있습니다.
"
31937,"202111 전국 시도단위 소득정보 데이터","본 데이터는 KCB가 각 금융사들로부터 매일 수집하는 최신 금융 데이터를 공간 단위로 재가공해 월별로 제공하고 있습니다.
"
31886,품목정보*,국내 기업 상품 및 제품 정보를 바탕으로 구성된 품목정보를 제공하는 데이터 상품입니다.
31885,국내 신설법인 DB*,국내 신설법인에 대한 사업자 정보를 제공합니다.
31884,통신판매 사업자번호*,한국표준산업분류기준 통신판매업을 보유한 약 74만여개의 개인사업자 정보를 제공하는 데이터 상품입니다.
31883,부정당 제재정보*,"조달청 및 지자체로부터 등록된 부정당 제재정보를 제공하는 데이터 상품입니다.
제재근거에서부터 제재일자 및 만기일자까지 기업 부정당 행위에 대한 내용을 제공하고 있습니다."
31882,중소기업 특화 ESG 평가항목 데이터*,중소기업 특화 ESG 평가항목 데이터는 ESG 평가대상 기업에 대한 최근 뉴스 정보와 재무 및 비재무 기업정보와의 결합으로 구성된 데이터 상품입니다. 뉴스기사를 통한 데이터 식별을 통해 다양한 형태의 분석결과 도출이 가능한 분석용 데이터 셋 입니다.
31881,유통기업 국민연금정보*,유통소비 업종 해당 기업에 대한 국민연금 기준 종업원 정보를 제공합니다.
31880,변경등기정보*,"국내 법인사업자의 변경등기 정보를 제공하는 데이터 상품입니다. 
법인번호 기준의 기업별 고유 식별이 가능하며 변경구분에 대한 일자 정보를 함께 제공하고 있습니다."
31879,재무정보*,국내기업 재무상태표를 기반으로 153개 재무계정을 참조하는 년도별 재무데이터를 제공합니다. 사업자번호 기준 식별을 통해 데이터 품질에 대한 지속적인 관리로 높은 데이터 정합성 및 활용성을 지원합니다.
31878,채무불이행 정보*,"한국신용정보원으로 집중관리되는 국내 5,000여개 여신금융기관의 기업신용정보 중 기업 채무불이행에 대한 발생일, 제공일, 해제일, 등록금액, 연체금액 등 신용불량정보를 제공합니다."
31877,현금흐름등급*,재무제표 기반으로 산출된 현급 지급능력을 계량화한 등급정보를 제공합니다.
31876,단기연체 정보*,"한국신용정보원으로 집중관리되는 국내 5,000여개 여신금융기관의 기업신용정보 중 30일 이상 90일 미만 연체 건에 대한 정보로 구성되어 있습니다. 연체 건별 발생일, 제공일, 해제일, 등록금액, 연체금액 등 신용불량정보를 제공합니다"
31875,국내 기업신용도확인 DB*,국내 기업에 대한 체계적인 업종별/규모별 등급산출 모형을 바탕으로 제공되는 나이스디앤비 신용등급 정보를 제공합니다.
31874,당좌거래정지정보*,금융결재원으로부터 입수된 기업의 당좌거래정지 정보를 제공하는 데이터 상품으로 부도사실 확인의 핵심 정보를 제공합니다.
31873,국내 법인 휴폐업 DB*,사업자번호 기준 휴폐업 상태정보 제공을 통해 기업정보 참조 데이터로서의 확장성을 제공합니다.
31852,오프라인 매장 데이터(무료),"2021년 5월 기준 로플랫매장데이터(전체)_로플랫이 수집하고 검증한 매장 데이터 중 특정 상권 내 매장 정보
"
31851,오프라인 매장방문통계 커피전문점카테고리 Top30(무료),로플랫매장방문통계_로플랫 커피전문점카테고리 내 방문수가 가장 많은 매장 30개 정보
31850,코로나19 여파 유동인구 데이터 카테고리(2021.11~2021.12),"전국 241곳의 주요 상권내 매장 카테고리별 유동인구 데이터를 제공하는 상품의 무료 샘플 버전 상품
"
31849,코로나19 여파 유동인구 데이터 상권(2021.11~2021.12),전국 241곳의 주요 상권별 유동인구 데이터를 제공하는 상품의 무료 샘플 버전 상품
31848,코로나19 여파 유동인구 데이터(2021.11~2021.12),전국 241곳의 주요 상권별 유동인구 데이터를 제공하는 상품의 무료 샘플 버전 상품
31818,건설 및 토목공사용 기계&bull;장비 임대업 산업분석 보고서,한국표준산업분류기준 건설 및 토목공사용 기계&bull;장비 임대업의 산업현황 및 산업 재무현황 분석을 제공하는 보고서 상품입니다.
31817,데이터베이스 및 온라인 정보 제공업 산업분석 보고서,한국표준산업분류기준 데이터베이스 및 온라인 정보 제공업의 산업현황 및 산업 재무현황 분석을 제공하는 보고서 상품입니다.
31816,"컴퓨터 프로그래밍, 시스템 통합 및 관리업 산업분석 보고서","한국표준산업분류기준 컴퓨터 프로그래밍, 시스템 통합 및 관리업의 산업현황 및 산업 재무현황 분석을 제공하는 보고서 상품입니다."
31815,일반 건축자재 도매업 산업분석 보고서,한국표준산업분류기준 일반 건축자재 도매업의 산업현황 및 산업 재무현황 분석을 제공하는 보고서 상품입니다.
31814,화장품 및 화장용품 도매업 산업분석 보고서,한국표준산업분류기준 화장품 및 화장용품 도매업의 산업현황 및 산업 재무현황 분석을 제공하는 보고서 상품입니다.
31813,산업 재무분석 데이터,"5개 산업군의 산업분석 보고서에 활용된 재무 현황 RAW DATA입니다."
31812,가맹점 기반 지역별 소비행태,"특정 지역의 법정동 기준 업종별, 고객 특징별 소비 건수 합계 데이터"
31803,키오스크 단말기 구내식당 주문데이터 (무료버전),식신e식권을 이용하는 기업 중 복합 결제 단말기를 사용하는 구내식당 결제 데이터입니다.
31802,"음식점 인기 지역, 업종 분포현황 (무료버전)",사람들은 어느 위치에서 어느 지역에 있는 음식점을 찾아보며 어떤 메뉴를 원하는지 살펴볼 수 있는 데이터입니다.
31801,포털검색/식품 품목별 연관키워드 (무료버전),"포털 사이트에서 식품명을 검색했을 때 표출되는 연관키워드, 컨텐츠 내의 태그 키워드를 보여주는 데이터입니다."
31800,포털검색/식품 품목별 검색순위 정보 (무료버전),포털 사이트에서 식품명을 검색했을 때 표출되는 컨텐츠의 순위를 보여주는 데이터입니다.
31799,포털검색/식품 시리즈 베스트 컨텐츠데이터 (무료버전),식품 관련 발행 시리즈 컨텐츠의 조회 정보와 접속 계정ID를 확인할 수 있는 데이터입니다. 
31798,포털검색/맛집 지역별 신규상점 (무료버전),포털 사이트에서 지역명과 맛집 키워드 조합으로 검색했을 때 표출되는 새로 생긴 상점 정보 데이터입니다.
31797,"2021년 연체/미납정보 - 양산","고객 유형, 지역별 연체, 미납 정보"
31796,"2021년 연체/미납정보 - 울산 중구","고객 유형, 지역별 연체, 미납 정보"
31795,포털검색/맛집 검색 추천연관어 (무료버전),"포털 사이트에서 지역명과 맛집 키워드 조합으로 검색했을 때 표출되는 연관키워드, 컨텐츠 내의 태그 키워드를 보여주는 데이터입니다."
31794,"2021년 연체/미납정보 - 울산 울주군","고객 유형, 지역별 연체, 미납 정보"
31793,"2021년 연체/미납정보 - 울산 북구","고객 유형, 지역별 연체, 미납 정보"
31791,"2021년 연체/미납정보 - 울산 남구","고객 유형, 지역별 연체, 미납 정보"
31790,"2021년 연체/미납정보 - 울산 동구","고객 유형, 지역별 연체, 미납 정보"
31788,포털검색/맛집 시리즈 베스트 컨텐츠데이터 (무료버전),맛집 소개 발행 시리즈 컨텐츠의 조회 정보와 경로를 확인할 수 있는 데이터입니다.
31787,"2021년 연체/미납정보 - 산업 현황","고객 유형, 지역별 연체, 미납 정보"
31786,"2021년 연체/미납정보 - 일반 현황","고객 유형, 지역별 연체, 미납 정보"
31785,"2021년 연체/미납정보 - 주택 현황","고객 유형, 지역별 연체, 미납 정보"
31784,"2021년 전입/전출정보 - 양산",도시가스 전입/전출 기반 공실 및 임차 정보
31783,"2021년 전입/전출정보 - 울산 중구",도시가스 전입/전출 기반 공실 및 임차 정보
31781,"2021년 전입/전출정보 - 울산 울주군",도시가스 전입/전출 기반 공실 및 임차 정보
31780,"2021년 전입/전출정보 - 울산 북구",도시가스 전입/전출 기반 공실 및 임차 정보
31779,포털검색/맛집 검색순위 정보 (무료버전),포털 사이트에서 지역명과 맛집 키워드 조합으로 검색했을 때 표출되는 컨텐츠의 순위를 보여주는 데이터입니다.
31778,"2021년 전입/전출정보 - 울산 남구",도시가스 전입/전출 기반 공실 및 임차 정보
31776,"2021년 전입/전출정보 - 울산 동구",도시가스 전입/전출 기반 공실 및 임차 정보
31775,"2021년 전입/전출정보 - 산업 현황",도시가스 전입/전출 기반 공실 및 임차 정보
31774,"2021년 전입/전출정보 - 일반 현황",도시가스 전입/전출 기반 공실 및 임차 정보
31773,"2021년 전입/전출정보 - 주택 현황",도시가스 전입/전출 기반 공실 및 임차 정보
31772,맛집 지역 폴리곤별 온라인조회 데이터 (무료버전),사용자들이 조회한 맛집의 주소와 위경도 정보를 확인하고 핫플레이스 폴리곤별로 조회할 수 있는 데이터입니다.
31771,"2021년 고객과금정보 - 양산","유형벌, 업종별, 과금량(사용량)정보"
31770,"2021년 고객과금정보 - 울산 중구","유형벌, 업종별, 과금량(사용량)정보"
31768,"2021년 고객과금정보 - 울산 울주군","유형벌, 업종별, 과금량(사용량)정보"
31767,"2021년 고객과금정보 - 울산 북구","유형벌, 업종별, 과금량(사용량)정보"
31766,"2021년 고객과금정보 - 울산 남구","유형벌, 업종별, 과금량(사용량)정보"
31765,"2021년 고객과금정보 - 울산 동구","유형벌, 업종별, 과금량(사용량)정보"
31764,"2021년 고객과금정보 - 산업 현황","유형벌, 업종별, 과금량(사용량)정보"
31763,"2021년 고객과금정보 - 일반 현황","유형벌, 업종별, 과금량(사용량)정보"
31762,"2021년 고객과금정보 - 주택 현황","유형벌, 업종별, 과금량(사용량)정보"
31760,"2021년 고객계약정보 - 산업 현황","고객 유형, 지역별 계약 정보"
31759,"2021년 고객계약정보 - 일반 현황","고객 유형, 지역별 계약 정보"
31758,"2021년 고객계약정보 - 주택 현황","고객 유형, 지역별 계약 정보"
31757,연령대별 선호카테고리(무료버전),"편의점 이용 고객의 연령대/성별에 따른 선호 데이터 제공
-. 연령대별 편의점 선호 카테고리를 파악하여 타겟대상에 따른 마케팅 수단으로 활용가능
-. 카테고리의 선호대상을 확인하여 상품개발시 활용가능"
31730,"2021년7월_온누리스토어 판매데이터(샘플데이터)",해당 자료는 국내 최대규모의 온라인 헬스케어몰 온누리 스토어  판매내역의 샘플데이터 입니다. 
31729,"2021년4월_온누리스토어 판매데이터(샘플데이터)",해당 자료는 국내 최대규모의 온라인 헬스케어몰 온누리 스토어  판매내역의 샘플데이터 입니다. 
31728,"2021년1월_온누리스토어 판매데이터(샘플데이터)",해당 자료는 국내 최대규모의 온라인 헬스케어몰 온누리 스토어  판매내역의 샘플데이터 입니다. 
31727,"2021년7월_POS_판매데이터(샘플데이터)",해당 자료는 전국 2200여개의 온누리 약국체인중 500여개 POS 판매 정보 무료 샘플자료 입니다.
31726,"2021년4월_POS_판매데이터(샘플데이터)",해당 자료는 전국 2200여개의 온누리 약국체인중 500여개 POS 판매 정보 무료 샘플자료 입니다.
31725,"2021년1월_POS_판매데이터(샘플데이터)",해당 자료는 전국 2200여개의 온누리 약국체인중 500여개 POS 판매 정보 무료 샘플자료 입니다.
31724,"2020년10월_POS_판매데이터(샘플데이터)",해당 자료는 전국 2200여개의 온누리 약국체인중 500여개 POS 판매 정보 무료 샘플자료 입니다.
31723,"2020년7월_POS_판매데이터(샘플데이터)",해당 자료는 전국 2200여개의 온누리 약국체인중 500여개 POS 판매 정보 무료 샘플자료 입니다.
31722,"2020년4월_POS_판매데이터(샘플데이터)",해당 자료는 전국 2200여개의 온누리 약국체인중 500여개 POS 판매 정보 무료 샘플자료 입니다.
31721,"2020년1월_POS_판매데이터(샘플데이터)",해당 자료는 전국 2200여개의 온누리 약국체인중 500여개 POS 판매 정보 무료 샘플자료 입니다.
31704,NH금융여지도,전국 지자체별 금융생활(소득/소비/저축/대출)을 지역 기반으로 시군구 간 금융거래 현황을 비교 분석 할 수 있는 데이터셋. 또한 필요 금융데이터 항목 추가 가능
31644,"2021년 도시가스 신규사업자 업종별,  월별,  행정동별 사용량","2021년 도시가스 신규사업자 업종별,  월별,  행정동별 사용량"
31608,지역별 업종별 가맹점지수 (성장전망 및 경쟁력 지수),"삼성카드 데이터로 추정한 가맹점의 성장전망지수와 경쟁력지수를 지역, 업종별로 집계한 데이터입니다. "
31547,"202110 키오스크 단말기 구내식당 주문데이터",식신e식권을 이용하는 기업 중 복합 결제 단말기를 사용하는 구내식당 결제 데이터입니다.
31546,"202110 음식점 인기 지역, 업종 분포현황",사람들은 어느 위치에서 어느 지역에 있는 음식점을 찾아보며 어떤 메뉴를 원하는지 살펴볼 수 있는 데이터입니다.
31545,"202110 포털검색/식품 품목별 검색광고 트렌드",포털 사이트에서 식품명을 검색했을 때 노출되는 광고 컨텐츠의 순위를 보여주는 데이터입니다.
31544,"202110 포털검색/식품 품목별 상위노출 경쟁추이",포털 사이트에서 식품 키워드로 검색했을 때 표출되는 상위 컨텐츠의 순위를 보여주는 데이터입니다.
31543,"202110 포털검색/식품 품목별 연관키워드","포털 사이트에서 식품명을 검색했을 때 표출되는 연관키워드, 컨텐츠 내의 태그 키워드를 보여주는 데이터입니다."
31542,"202110 포털검색/식품 품목별 경쟁사 트렌드","포털 사이트에서 식품명을 검색했을 때 판매되고 있는 상품들의 브랜드, 가격 등을 비교할 수 있는 데이터입니다."
31541,"202110 포털검색/식품 품목별 검색순위 정보",포털 사이트에서 식품명을 검색했을 때 표출되는 컨텐츠의 순위를 보여주는 데이터입니다.
31540,"202110 포털검색/맛집 지역별 신규상점",포털 사이트에서 지역명과 맛집 키워드 조합으로 검색했을 때 표출되는 새로 생긴 상점 정보 데이터입니다.
31539,"202110 포털검색/맛집 검색 상위노출 경쟁추이",포털 사이트에서 지역명과 맛집 키워드 조합으로 검색했을 때 표출되는 상위 컨텐츠의 순위를 보여주는 데이터입니다.
31538,"202110 포털검색/맛집 지역별 광고정보",포털 사이트에서 지역명과 맛집 키워드 조합으로 검색했을 때 표출되는 광고 콘텐츠의 순위를 보여주는 데이터입니다.
31537,"202110 포털검색/맛집 검색 추천연관어","포털 사이트에서 지역명과 맛집 키워드 조합으로 검색했을 때 표출되는 연관키워드, 컨텐츠 내의 태그 키워드를 보여주는 데이터입니다."
31536,"202110 포털검색/맛집 검색순위 정보",포털 사이트에서 지역명과 맛집 키워드 조합으로 검색했을 때 표출되는 컨텐츠의 순위를 보여주는 데이터입니다.
31535,"202110 맛집 지역 폴리곤별 온라인조회 데이터",사용자들이 조회한 맛집의 주소와 위경도 정보를 확인하고 핫플레이스 폴리곤별로 조회할 수 있는 데이터입니다.
31534,"202110 포털 인기검색 맛집 트렌드",대한민국 NO. 맛집 서비스 식신에서 발행한 매거진을 페이지 뷰 순으로 나열한 데이터입니다.
31533,"202110 전국 시도별 맛집 PV 순위",대한민국 NO. 맛집 서비스 식신 사용자가 한 접속 지역과 당시 조회한 맛집의 페이지 뷰 순위 데이터입니다.
31532,"202110 요일별 인기업종 카테고리 데이터",대한민국 NO. 맛집 서비스 식신 사용자가 요일별로 조회하는 맛집의 업종 카테고리 데이터입니다.
31531,"202110 사용자 선호 맛집 가격 분포",대한민국 NO.1 맛집 서비스 식신 사용자의 성별별 선호 맛집과 대표메뉴의 가격 분포 데이터입니다.
31530,"202110 직장인 업종별 식권 사용 주 시간대",식신e식권 가맹점을 대상으로 직장인들의 식권 결제시간 분포 통계 데이터입니다. 
31529,"202110 기업과 가맹점 거리별 이용통계",식신e식권 이용기업과 가맹점 거리별 이용통계입니다. 
31528,"202110 사용자 성별별 관심 맛집 데이터",대한민국 NO.1 맛집 서비스 식신 사용자의 성별별로 관심을 갖는 맛집 데이터입니다.
31527,"202110 사용자 연령대별 관심 맛집 데이터",대한민국 NO.1 맛집 서비스 식신 사용자의 연령대별로 관심을 갖는 맛집 데이터입니다.
31526,"202110 외식 키워드",대한민국 NO.1 맛집 서비스 식신을 방문하는 사용자들이 주로 검색하는 키워드 데이터입니다.
31525,"202110 가맹점 조중석식 운영현황",식신e식권의 가맹점 업종별 조중석식 운영 현황 데이터입니다.
31524,"202110 직장인 기업 석식 이용 통계",식신e식권을 이용하는 직장인들의 석식 이용 통계입니다.
31523,"202110 계절별 인기 메뉴",대한민국 NO.1 맛집 서비스 식신의 사용자가 각 계절마다 많이 조회하는 맛집의 메뉴 데이터입니다.
31522,"2021 3Q 직장인 식권 취급기업 정보",식신E식권을 이용하는 기업의 정보 데이터로 기업 업종 지역별 사용 인원 비율을 알 수 있습니다.
31521,직장인 식권 취급음식점 POI,식신e식권에 가입되어 있는 전국 가맹점 POI 주소 데이터입니다. 본 상품은 협의 후 구매가 가능합니다.
31520,"202110 요일별 직장인 방문 음식점 업종 TOP 5",식신E식권을 이용하는 직장인들의 요일별 방문 음식점 업종 TOP 5 데이터입니다. 요일별로 가장 인기 있는 음식 업종을 살펴볼 수 있습니다.
31519,"202110 기업 업종별 점심식대 평균",식신E식권 도입 기업의 종목별 식대 소비 통계 데이터입니다. 종목이 각기 다른 기업의 행정구역별 식대를 비교할 수 있습니다.
31518,"202110 요일별 직장인 점심식대 평균",식신E식권을 이용하는 직장인들의 요일별 점심 식대 소비 통계 데이터입니다. 직장인들이 요일별로 어떤 음식점 업종을 주로 이용하는지 살펴볼 수 있습니다.
31517,"202110 서울 직장인 점심식대 금액 평균",식신E식권을 이용하는 직장인들의 서울특별시 구단위 별 점심 식대 소비 통계 데이터입니다.
31516,"202110 전국 직장인 점심식대 금액 평균",식신E식권을 이용하는 직장인들의 대도시별 점심 식대 소비 통계 데이터 입니다. 대도시별 직장인들의 점심 식대 사용 금액을 대략적으로 비교할 수 있습니다.
31515,직장인 점심 식대 소비 통계,"식신E식권을 이용하는 직장인들의 점심 식대 소비 통계 데이터입니다. 구별, 음식 카테고리별, 삼식별(조식, 점심, 저녁 등) 평균 이용 횟수를 확인할 수 있습니다. "
31514,"202110 맛집별 조회 통계",식신에 등록되어 있는 음식점의 사용자 조회 데이터로 인기 매장과 인기 음식 카테고리 정보를 볼 수 있습니다. 
31513,"202110 음식 메뉴 및 가격 정보",식신이 수집한 전국 음식점 POI의 메뉴판을 기반으로 한 메뉴별 가격 정보 데이터입니다.
31512,큐레이션 푸드 매거진 컨텐츠,대한민국 NO.1 맛집 서비스 식신이 주제별로 선정한 맛집을 소개하는 기획기사형 매거진 데이터입니다.
31511,식신 사용자 음식점 평가 후기,"식신 사용자가 음식점을 직접 방문해 보고 경험한 맛, 서비스 등 음식점에 대한 평가를 모은 리뷰 데이터입니다."
31510,전국 음식점 이미지,"대한민국 No.1 맛집 서비스 식신이 자체 촬영하거나, 식신 사용자가 업로드한 음식점 이미지 데이터입니다. "
31509,전국 핫플레이스 권역 정보 (폴리곤),전국 인기 지역(핫플레이스)을 권역별로 설정한 좌표 데이터입니다.
31508,"202110 전국 일반 맛집 정보",대한민국 NO.1 맛집 서비스 식신이 수집한 전국에 위치한 일반 음식점 POI 데이터입니다.
31507,"202110 전국 인기 맛집 정보",대한민국 NO.1 맛집 서비스 식신이 수집하고 관리하는 국내 인기 맛집 (핫플레이스) POI 데이터입니다.
31506,"202110 전국 BEST 맛집 정보",대한민국 NO.1 맛집 서비스 식신이 엄선한 전국 Best 맛집의 상세한 정보가 담긴 POI 데이터입니다.
31505,SKT 마켓 인사이트  - 인구 접촉 지수  ,"우리는 평소에 얼마나 많은 사람들과 접촉할까?
통신데이터를 기반으로 날짜별, 지역별, 연령대별, 성별 기지국내에서 접촉하는 인구수를 보여줍니다.  "
31504,SKT 마켓 인사이트 - 이동 반경/거리 지수,"사람들은 평소에 얼마나 움직일까?
통신데이터를 바탕으로,  날짜별,  지역별, 성별, 연령별 사람들의 이동반경과 이동거리를 제공합니다. "
31503,"2020년1월~2021년9월 POS 판매데이터","2020년도 1월 부터  2021년도 9월  온누리약국 고객판매 내역
:해당 자료는 전국 2200여개의 온누리 약국체인중 500여개 POS 판매 정보입니다."
31501,"2020 미디어 콘텐츠 소비 트렌드","2020 미디어 콘텐츠 소비 트렌드"
31495,우체국별 국제우편 데이터(Inbound),"해외에서 우체국으로 발송되는 일반 및 통상 우편물의 우체국별 정보를, 도착일자, 출발국가명, 대륙, 중량등을 포함한 데이터 셋"
31479,"이용건수 증가 상위 업종 TOP 10_2021.1월~10월 (거주지, 성별, 연령 기준)","거주지역별, 성별, 연령별 이용 건수 증가율 상위 업종 TOP 10_2021.1월 ~ 10월"
31458,우체국별 국제우편 데이터(Outbound),"우체국을 통해서 해외로 발송되는 일반 및 통상 우편물의 우체국별 정보를, 접수일자, 도착국가명, 대륙, 중량, 가격 등을 포함한 데이터 셋"
31454,온라인쇼핑 요일/시간대별 이용 특징,온라인쇼핑의 세부 업종별 소비 특징 데이터.  &#39;19.5월/&#39;20.5월/&#39;21.5월  기간에 대해 14개의 주요 온라인 쇼핑 업종의 연령/성별/구매시간대별 소비 건수를 집계한 데이터 
31293,제품 개발 및 마케팅용 융&middot;복합 분석 정보,"온누리 POS판매데이터와 금융문자알림 데이터를 마케팅 활용을 위해 자체 분석한 sample 입니다.
데이터 항목 등 세부 요건은 별도 협의가 필요합니다."
31292,가맹점 정보 데이터,"카드사에 등록된 가맹점 상호명, 위치, 대/중/소 분류, 개폐업 정보 데이터
데이터지도 연계상품입니다. 세부내용은 https://kdx.kr/data/view/29968 상품을 참고해주세요. "
31279,온누리에이치엔씨 ETC 데이터,"2015~2021 온누리약국 ETC 데이터 입니다."
31278,"2021년1~3분기_전국TOP카테고리","2021년도 1~3분기  전국TOP카테고리 정보 입니다.
:해당 자료는 전국 2200여개의 온누리 약국체인중 500여개 POS 판매 정보와
 국내 최대규모의 온라인 헬스케어몰 온누리 스토어의 판매분석 자료 입니다."
31265,"지역별(시도/시군구), 연령, 직업별 디지털 활동성 및 디지털성향 지수","시도 및 시군구, 연령별, 직업별 디지털 채널을 통해 채널활동성, 금융, 오픈마켓 등 이용에 대한 성향 측정 지수"
31264,"202110 음식점 인기 지역, 업종 분포현황",사람들은 어느 위치에서 어느 지역에 있는 음식점을 찾아보며 어떤 메뉴를 원하는지 살펴볼 수 있는 데이터입니다.
31252,편의점 방문데이터,전국 주요도시 편의점의 방문데이터 제공
31251,POI(편의점)별 방문데이터,전국 편의점별 방문 데이터
31250,POI(편의점)별 방문데이터,전국 주요 POI(편의점)별 방문 UV
31249,지역별 주 교통수단,주요도시별 사용 교통수단
31248,AOI(Area Of Interest)기반 지역방문 시계열 데이터,지역별 방문데이터의 시계열적인 UV 데이터
31239,"202110 전국 행정동단위 할부이용정보 데이터","본 데이터는 KCB가 각 금융사들로부터 매일 수집하는 최신 금융 데이터를 공간 단위로 재가공해 월별로 제공하고 있습니다.
"
31238,"202110 전국 시군구단위 할부이용정보 데이터","본 데이터는 KCB가 각 금융사들로부터 매일 수집하는 최신 금융 데이터를 공간 단위로 재가공해 월별로 제공하고 있습니다.
"
31237,"202110 전국 시도단위 할부이용정보 데이터","본 데이터는 KCB가 각 금융사들로부터 매일 수집하는 최신 금융 데이터를 공간 단위로 재가공해 월별로 제공하고 있습니다.
"
31236,중소기업 특화 ESG 평가항목 데이터,중소기업 특화 ESG 평가항목 데이터는 ESG 평가대상 기업에 대한 최근 뉴스 정보와 재무 및 비재무 기업정보와의 결합으로 구성된 데이터 상품입니다. 뉴스기사를 통한 데이터 식별을 통해 다양한 형태의 분석결과 도출이 가능한 분석용 데이터 셋 입니다.
31226,유통기업 코드정보*,"한국표준산업분류 10차 대분류 기준 도매 및 소매업을 영위하는 104만 여 개의 기업에 대하여,
중분류 및 대분류 코드정보를 제공하는 데이터 상품 입니다."
31221,유통기업 코드정보,"한국표준산업분류 10차 대분류 기준 도매 및 소매업을 영위하는 104만 여 개의 기업에 대하여,
중분류 및 대분류 코드정보를 제공하는 데이터 상품 입니다."
31217,부정당 제재정보,"조달청 및 지자체로부터 등록된 부정당 제재정보를 제공하는 데이터 상품입니다.
제재근거에서부터 제재일자 및 만기일자까지 기업 부정당 행위에 대한 내용을 제공하고 있습니다."
31216,통신판매 사업자번호,한국표준산업분류기준 통신판매업을 보유한 약 74만여개의 개인사업자 정보를 제공하는 데이터 상품입니다.
31215,변경등기정보,"국내 법인사업자의 변경등기 정보를 제공하는 데이터 상품입니다. 
법인번호 기준의 기업별 고유 식별이 가능하며 변경구분에 대한 일자 정보를 함께 제공하고 있습니다.
"
31214,"202110 전국 행정동단위 SOHO 데이터","본 데이터는 KCB가 각 금융사들로부터 매일 수집하는 최신 금융 데이터를 공간 단위로 재가공해 월별로 제공하고 있습니다.
"
31213,"202110 전국 시군구단위 SOHO 데이터","본 데이터는 KCB가 각 금융사들로부터 매일 수집하는 최신 금융 데이터를 공간 단위로 재가공해 월별로 제공하고 있습니다.
"
31209,"202110 전국 시도단위 SOHO 데이터","본 데이터는 KCB가 각 금융사들로부터 매일 수집하는 최신 금융 데이터를 공간 단위로 재가공해 월별로 제공하고 있습니다.
"
31208,"202110 전국 행정동단위 하이엔드 데이터","본 데이터는 KCB가 각 금융사들로부터 매일 수집하는 최신 금융 데이터를 공간 단위로 재가공해 월별로 제공하고 있습니다.
"
31207,"202110 전국 시군구단위 하이엔드 데이터","본 데이터는 KCB가 각 금융사들로부터 매일 수집하는 최신 금융 데이터를 공간 단위로 재가공해 월별로 제공하고 있습니다.
"
31194,"202110 전국 시도단위 하이엔드 데이터","본 데이터는 KCB가 각 금융사들로부터 매일 수집하는 최신 금융 데이터를 공간 단위로 재가공해 월별로 제공하고 있습니다.
"
31193,"202110 전국 행정동단위 자산평가 데이터","본 데이터는 KCB가 각 금융사들로부터 매일 수집하는 최신 금융 데이터를 공간 단위로 재가공해 월별로 제공하고 있습니다.
"
31192,"202110 전국 시군구단위 자산평가 데이터","본 데이터는 KCB가 각 금융사들로부터 매일 수집하는 최신 금융 데이터를 공간 단위로 재가공해 월별로 제공하고 있습니다.
"
31191,"202110 전국 시도단위 자산평가 데이터","본 데이터는 KCB가 각 금융사들로부터 매일 수집하는 최신 금융 데이터를 공간 단위로 재가공해 월별로 제공하고 있습니다.
"
31190,"202110 전국 행정동단위 예금여력 데이터","본 데이터는 KCB가 각 금융사들로부터 매일 수집하는 최신 금융 데이터를 공간 단위로 재가공해 월별로 제공하고 있습니다.
"
31189,"202110 전국 시군구단위 예금여력 데이터","본 데이터는 KCB가 각 금융사들로부터 매일 수집하는 최신 금융 데이터를 공간 단위로 재가공해 월별로 제공하고 있습니다.
"
31188,"202110 전국 시도단위 예금여력 데이터","본 데이터는 KCB가 각 금융사들로부터 매일 수집하는 최신 금융 데이터를 공간 단위로 재가공해 월별로 제공하고 있습니다.
"
31187,"202110 전국 행정동단위 연체정보 데이터","본 데이터는 KCB가 각 금융사들로부터 매일 수집하는 최신 금융 데이터를 공간 단위로 재가공해 월별로 제공하고 있습니다.
"
31186,"202110 전국 시군구단위 연체정보 데이터","본 데이터는 KCB가 각 금융사들로부터 매일 수집하는 최신 금융 데이터를 공간 단위로 재가공해 월별로 제공하고 있습니다.
"
31185,"202110 전국 시도단위 연체정보 데이터","본 데이터는 KCB가 각 금융사들로부터 매일 수집하는 최신 금융 데이터를 공간 단위로 재가공해 월별로 제공하고 있습니다.
"
31184,"202110 전국 행정동단위 대출정보 데이터","본 데이터는 KCB가 각 금융사들로부터 매일 수집하는 최신 금융 데이터를 공간 단위로 재가공해 월별로 제공하고 있습니다.
"
31183,우체국별 우편데이터(2021),우체국별 등기우편의 흐름을 볼 수 있도록 접수우체국 및 집배우체국의 데이터 공개
31182,"202110 전국 시군구단위 대출정보 데이터","본 데이터는 KCB가 각 금융사들로부터 매일 수집하는 최신 금융 데이터를 공간 단위로 재가공해 월별로 제공하고 있습니다.
"
31181,"202110 전국 시도단위 대출정보 데이터","본 데이터는 KCB가 각 금융사들로부터 매일 수집하는 최신 금융 데이터를 공간 단위로 재가공해 월별로 제공하고 있습니다.
"
31180,"202110 전국 행정동단위 소비정보 데이터","본 데이터는 KCB가 각 금융사들로부터 매일 수집하는 최신 금융 데이터를 공간 단위로 재가공해 월별로 제공하고 있습니다.
"
31179,"202110 전국 시군구단위 소비정보 데이터","본 데이터는 KCB가 각 금융사들로부터 매일 수집하는 최신 금융 데이터를 공간 단위로 재가공해 월별로 제공하고 있습니다.
"
31178,"202110 전국 시도단위 소비정보 데이터","본 데이터는 KCB가 각 금융사들로부터 매일 수집하는 최신 금융 데이터를 공간 단위로 재가공해 월별로 제공하고 있습니다.
"
31177,"202110 전국 행정동단위 소득정보 데이터","본 데이터는 KCB가 각 금융사들로부터 매일 수집하는 최신 금융 데이터를 공간 단위로 재가공해 월별로 제공하고 있습니다.
"
31176,"202110 전국 시군구단위 소득정보 데이터","본 데이터는 KCB가 각 금융사들로부터 매일 수집하는 최신 금융 데이터를 공간 단위로 재가공해 월별로 제공하고 있습니다.
"
31175,GS25 상품카테고리 별 지역별 강세 분석_202109,"전국 시/군/구 단위로 편의점의 상품 매출 비율을 통계하여 제공 
각 지역의 상품 판매 평균과 전국 평균을 상품별로 비교하여 각 지역의 편의점 선호 상품을 제공함"
31174,지역별 GS25점포 매출분포_202109,"-. 전국 시/군/구 단위로 편의점 점포 매출수준을 통계하여 제공 
-. 각 지역의 점포별 매출수준을 그룹화하여 해당그룹에 어느정도의 점포가 포함되어 있는지를 수치화 하여 제공 "
31173,"202110 전국 시도단위 소득정보 데이터","본 데이터는 KCB가 각 금융사들로부터 매일 수집하는 최신 금융 데이터를 공간 단위로 재가공해 월별로 제공하고 있습니다.
"
31172,아파트 타겟 마케팅용 융∙복합 정보,&#39;KCB - 신한카드 - SK텔레콤&#39; 3사 가명 결합한 정보를 이용해 아파트 타겟마케팅 활용을 위해 재집계한 데이터 입니다. 데이터 항목 등 세부 요건은 별도 협의가 필요합니다.
31129,국내우편물류데이터(2021),"집배기준 국내 우편물류의 접수 행정구역과 배송되는 읍면동까지 공개한 데이터로 날짜별로 정리해서 공개
공개기간: `20.10.1 ~ `21.9.30
인코딩: &quot;UTF-8&quot;
구분자: &quot; | &quot;"
31108,"2021 경제 뉴스","- 매일방송, 2020년도 정치 카테고리 뉴스 정보 데이터 셋
- 텍스트를 이용한 AI 개발 등 다양한 방면에서 활용 가능"
31107,"2021 국제 뉴스","- 매일방송, 2020년도 정치 카테고리 뉴스 정보 데이터 셋
- 텍스트를 이용한 AI 개발 등 다양한 방면에서 활용 가능"
31106,"2021 문화 뉴스","- 매일방송, 2020년도 정치 카테고리 뉴스 정보 데이터 셋
- 텍스트를 이용한 AI 개발 등 다양한 방면에서 활용 가능"
31105,"2021 사회 뉴스","- 매일방송, 2020년도 정치 카테고리 뉴스 정보 데이터 셋
- 텍스트를 이용한 AI 개발 등 다양한 방면에서 활용 가능"
31104,"2021 생활건강 뉴스","- 매일방송, 2020년도 정치 카테고리 뉴스 정보 데이터 셋
- 텍스트를 이용한 AI 개발 등 다양한 방면에서 활용 가능"
31103,"2021 스포츠 뉴스","- 매일방송, 2020년도 정치 카테고리 뉴스 정보 데이터 셋
- 텍스트를 이용한 AI 개발 등 다양한 방면에서 활용 가능"
31102,"2021년 정치 뉴스","- 매일방송, 2019년도 경제 카테고리 뉴스 정보 데이터 셋
- 텍스트를 이용한 AI 개발 등 다양한 방면에서 활용 가능"
31101,"201907 전국 행정동단위 연체정보 데이터","본 데이터는 KCB가 각 금융사들로부터 매일 수집하는 최신 금융 데이터를 공간 단위로 재가공해 월별로 제공하고 있습니다.
"
31100,"201907 전국 시군구단위 연체정보 데이터","본 데이터는 KCB가 각 금융사들로부터 매일 수집하는 최신 금융 데이터를 공간 단위로 재가공해 월별로 제공하고 있습니다.
"
31099,"201907 전국 시도단위 연체정보 데이터","본 데이터는 KCB가 각 금융사들로부터 매일 수집하는 최신 금융 데이터를 공간 단위로 재가공해 월별로 제공하고 있습니다.
"
31098,"201907 전국 행정동단위 대출정보 데이터","본 데이터는 KCB가 각 금융사들로부터 매일 수집하는 최신 금융 데이터를 공간 단위로 재가공해 월별로 제공하고 있습니다.
"
31097,"201907 전국 시군구단위 대출정보 데이터","본 데이터는 KCB가 각 금융사들로부터 매일 수집하는 최신 금융 데이터를 공간 단위로 재가공해 월별로 제공하고 있습니다.
"
31096,"201907 전국 시도단위 대출정보 데이터","본 데이터는 KCB가 각 금융사들로부터 매일 수집하는 최신 금융 데이터를 공간 단위로 재가공해 월별로 제공하고 있습니다.
"
31095,"201907 전국 행정동단위 소비정보 데이터","본 데이터는 KCB가 각 금융사들로부터 매일 수집하는 최신 금융 데이터를 공간 단위로 재가공해 월별로 제공하고 있습니다.
"
31094,"201907 전국 시군구단위 소비정보 데이터","본 데이터는 KCB가 각 금융사들로부터 매일 수집하는 최신 금융 데이터를 공간 단위로 재가공해 월별로 제공하고 있습니다.
"
31093,"201907 전국 시도단위 소비정보 데이터","본 데이터는 KCB가 각 금융사들로부터 매일 수집하는 최신 금융 데이터를 공간 단위로 재가공해 월별로 제공하고 있습니다.
"
31092,"201907 전국 행정동단위 소득정보 데이터","본 데이터는 KCB가 각 금융사들로부터 매일 수집하는 최신 금융 데이터를 공간 단위로 재가공해 월별로 제공하고 있습니다.
"
31091,"201907 전국 시군구단위 소득정보 데이터","본 데이터는 KCB가 각 금융사들로부터 매일 수집하는 최신 금융 데이터를 공간 단위로 재가공해 월별로 제공하고 있습니다.
"
31090,"201907 전국 시도단위 소득정보 데이터","본 데이터는 KCB가 각 금융사들로부터 매일 수집하는 최신 금융 데이터를 공간 단위로 재가공해 월별로 제공하고 있습니다.
"
31086,이혼판례 분석 데이터 (판결금예측),국내 이혼소송 판례 데이터입니다. 3000여건의 유효 데이터를 정제하여 제공합니다. 
31083,"2021년 계량기이미지 정보",가스계량기 검침 이미지 정보
31078,고유 매장 방문 분석 상품,로플랫의 Wi-Fi Fingerprint 기술을 이용한 오프라인 매장 방문 분석 상품
31077,당좌거래정지정보,금융결재원으로부터 입수된 기업의 당좌거래정지 정보를 제공하는 데이터 상품으로 부도사실 확인의 핵심 정보를 제공합니다.
31076,유통기업 국민연금정보*,유통소비 업종 해당 기업에 대한 국민연금 기준 종업원 정보를 제공합니다.
31075,품목정보,국내 기업 상품 및 제품 정보를 바탕으로 구성된 품목정보를 제공하는 데이터 상품입니다.
31074,"2021년1~3분기_지역별인기카테고리","2021년도 1~3분기  지역별 인기카테고리 정보 입니다.
:해당 자료는 전국 2200여개의 온누리 약국체인중 500여개 POS 판매 정보입니다."
31060,키워드별 기사 KDX 데이터 ,매경미디어그룹 MBN 방송 텍스트 데이터를 AI 머신러닝에 활용 할 수 있게 제공
31059,인물별 기사 KDX 데이터,매경미디어그룹 MBN 방송 텍스트 데이터를 AI 머신러닝에 활용 할 수 있게 제공
31058,뉴스 미디어 KDX 데이터,매경미디어그룹 MBN 방송 텍스트 데이터를 AI 머신러닝에 활용 할 수 있게 제공
31057,"1인 미디어 KDX 데이터",매경미디어그룹 MBN 방송 텍스트 데이터를 AI 머신러닝에 활용 할 수 있게 제공
31056,뉴스 긍부정 KDX 데이터,매경미디어그룹 MBN 방송 텍스트 데이터를 AI 머신러닝에 활용 할 수 있게 제공
30980,"2020년1월~2021년9월 온누리POS 판매데이터_피로,건강증진 카테고리","2020년도 1월 부터  2021년도 9월  온누리약국 고객판매 내역 - 피로,건강증진 카테고리
:해당 자료는 전국 2200여개의 온누리 약국체인중 500여개 POS 판매 정보입니다."
30979,"2021년 6월 (넷째주) 일별 주요 미디어 기업 PR 인덱스",국내 2200개 미디어사로 유입된 KOSPI 100대 기업 키워드와 관련된 미디어 데이터입니다.   
30978,"2021년 6월 (셋째주) 일별 주요 미디어 기업 PR 인덱스",국내 2200개 미디어사로 유입된 KOSPI 100대 기업 키워드와 관련된 미디어 데이터입니다.  
30977,"2021년 6월 (둘째주) 일별 주요 미디어 기업 PR 인덱스",국내 2200개 미디어사로 유입된 KOSPI 100대 기업 키워드와 관련된 미디어 데이터입니다.   
30976,"2021년 6월 (첫째주) 일별 주요 미디어 기업 PR 인덱스",국내 2200개 미디어사로 유입된 KOSPI 100대 기업 키워드와 관련된 미디어 데이터입니다.  
30975,"2021년 5월 (넷째주) 일별 주요 미디어 기업 PR 인덱스",국내 2200개 미디어사로 유입된 KOSPI 100대 기업 키워드와 관련된 미디어 데이터입니다.  
30974,"2021년 5월 (셋째주) 일별 주요 미디어 기업 PR 인덱스",국내 2200개 미디어사로 유입된 KOSPI 100대 기업 키워드와 관련된 미디어 데이터입니다.  
30973,"2021년 5월 (둘째주) 일별 주요 미디어 기업 PR 인덱스",국내 2200개 미디어사로 유입된 KOSPI 100대 기업 키워드와 관련된 미디어 데이터입니다.  
30971,"2021년 4월 (넷째주) 일별 주요 미디어 기업 PR 인덱스",국내 2200개 미디어사로 유입된 KOSPI 100대 기업 키워드와 관련된 미디어 데이터입니다.  
30970,"2021년 4월 (셋째주) 일별 주요 미디어 기업 PR 인덱스",국내 2200개 미디어사로 유입된 KOSPI 100대 기업 키워드와 관련된 미디어 데이터입니다.  
30969,"2021년 7월 (넷째주) 일별 주요 미디어 기업 PR 인덱스",국내 2200개 미디어사로 유입된 KOSPI 100대 기업 키워드와 관련된 미디어 데이터입니다. 
30968,"2021년 7월 (셋째주) 일별 주요 미디어 기업 PR 인덱스",국내 2200개 미디어사로 유입된 KOSPI 100대 기업 키워드와 관련된 미디어 데이터입니다. 
30967,"2021년 7월 (둘째주) 일별 주요 미디어 기업 PR 인덱스",국내 2200개 미디어사로 유입된 KOSPI 100대 기업 키워드와 관련된 미디어 데이터입니다. 
30966,"2021년 8월 (넷째주) 일별 주요 미디어 기업 PR 인덱스",국내 2200개 미디어사로 유입된 KOSPI 100대 기업 키워드와 관련된 미디어 데이터입니다.  
30965,"2021년 10월 (넷째주) 일별 주요 미디어 기업 PR 인덱스",국내 2200개 미디어사로 유입된 KOSPI 100대 기업 키워드와 관련된 미디어 데이터입니다.  
30964,"2021년 10월 (셋째주) 일별 주요 미디어 기업 PR 인덱스",국내 2200개 미디어사로 유입된 KOSPI 100대 기업 키워드와 관련된 미디어 데이터입니다. 
30963,"2021년 10월 (둘째주) 일별 주요 미디어 기업 PR 인덱스",국내 2200개 미디어사로 유입된 KOSPI 100대 기업 키워드와 관련된 미디어 데이터입니다. 
30962,"2021년 10월 (첫째주) 일별 주요 미디어 기업 PR 인덱스",국내 2200개 미디어사로 유입된 KOSPI 100대 기업 키워드와 관련된 미디어 데이터입니다.  
30959,"2021년 10월 일별 주요 미디어 부동산 인덱스",국내 2200개 미디어사로 유입된 부동산 키워드와 관련된 미디어 데이터입니다. 
30958,"2021년 7월 일별 주요 미디어 부동산 인덱스",국내 2200개 미디어사로 유입된 부동산 키워드와 관련된 미디어 데이터입니다. 
30957,"2021년 6월 일별 주요 미디어 부동산 인덱스",국내 2200개 미디어사로 유입된 부동산 키워드와 관련된 미디어 데이터입니다.   
30956,"2021년 5월 일별 주요 미디어 부동산 인덱스",국내 2200개 미디어사로 유입된 부동산 키워드와 관련된 미디어 데이터입니다.   
30955,"2021년 10월 (넷째주) 일별 주요 미디어지수_KOSPI 100대 기업","국내 2200개 미디어사로 유입된 급상승 KOSPI 100대 기업 키워드 트래픽 데이터입니다. [TRFIC_OCC_DT : 트래픽 발생 일시, RANK : 순위, SRCH_KWRD_NM :유입키워드 명,TRFIC_CT : 트래픽 수]"
30954,"2021년 10월 (셋째주) 일별 주요 미디어지수_KOSPI 100대 기업","국내 2200개 미디어사로 유입된 급상승 KOSPI 100대 기업 키워드 트래픽 데이터입니다. [TRFIC_OCC_DT : 트래픽 발생 일시, RANK : 순위, SRCH_KWRD_NM :유입키워드 명,TRFIC_CT : 트래픽 수]"
30953,"2021년 10월 (둘째주) 일별 주요 미디어지수_KOSPI 100대 기업","국내 2200개 미디어사로 유입된 급상승 KOSPI 100대 기업 키워드 트래픽 데이터입니다. [TRFIC_OCC_DT : 트래픽 발생 일시, RANK : 순위, SRCH_KWRD_NM :유입키워드 명,TRFIC_CT : 트래픽 수]"
30952,"2021년 10월 (첫째주) 일별 주요 미디어지수_KOSPI 100대 기업","국내 2200개 미디어사로 유입된 급상승 KOSPI 100대 기업 키워드 트래픽 데이터입니다. [TRFIC_OCC_DT : 트래픽 발생 일시, RANK : 순위, SRCH_KWRD_NM :유입키워드 명,TRFIC_CT : 트래픽 수]"
30951,"2021년 10월 일별 인기기사 Top10","&quot;2021년 10월 국내 2200개 미디어의  일별 인기기사 Top10 데이터입니다.
DATE: 날짜        RANK: 일별 순위        ART_SJ_CN: 기사 제목        URL_ADDR: 해당 기사 링크&quot;"
30950,"2021년 10월 일별 발행 기사 수 분석 데이터","&quot;2021년 10월 국내 2200개 미디어의  일별 발행 기사 수 분석데이터입니다.
date: 일자        trfic_ct: 발행 기사 수&quot;"
30949,"2021년 10월 카테고리별 방문 pv","&quot;2021년 10월 국내 2200개 미디어의  카테고리별 방문 pv 데이터입니다.
cgr_nm: 카테고리 명[연예/스포츠, 경제/전문지, 종합일간지, 인터넷신문, 방송/통신사]        
dable_pv_per_user: 인당 트래픽 수 입니다&quot;"
30948,"2021년 10월 미디어 모바일 트래픽 인덱스","&quot;2021년 10월 국내 2200개 미디어의 모바일 트래픽 데이터입니다.
- 2개의 인덱스를 기준으로 책정된 트래픽 수치입니다[2019 일별 전체 트래픽의 평균, 2019년 각 시간대별 평균]
- 기준_트래픽 ; STD_TRFIC(100기준) &quot;"
30947,"2021년 10월 미디어 SNS 트렌드 데이터","&quot;2021년 10월 국내 2200개 미디어의  SNS 트렌드 데이터입니다.
유입경로의 비율을 통해 어떤 유입경로가 유의미한지 알 수 있습니다.
DATE,
CGR_NM, [카테고리 명]
- 종합일간지&#39;,&#39;인터넷신문&#39;,&#39;경제지&#39;,&#39;전문지&#39;,&#39;연예&#39;
&quot;"
30946,"2021년 10월 미디어 방문자 유입 경로 추정 데이터","&quot;2021년 10월의 국내 1500개 미디어의 방문자 유입 경로 추정 데이터입니다.
INFW_CRS_KIND_NM[유입경로 종류 이름] 
-Direct : 직접경로 
-Others: 기타&quot;"
30945,"2021년 10월 미디어 방문자 연령대 추정 데이터","2021년 10월의 국내 1500개 미디어의 방문자 연령대 추정 데이터입니다."
30944,"2021년 10월 미디어 방문자 성별 추정 데이터","&quot;2021년 10월의
국내외 1500개 미디어의 방문자 성별 추정 데이터입니다.
Gender Code: [남성 : 1 /여성 : 2]&quot;"
30943,"2021년 10월 미디어 방문자 브라우저 추정 데이터","2021년 10월의 국내 1500개 미디어의 방문자 브라우저 추정 데이터입니다."
30942,"2021년 10월 미디어 방문자 OS 추정 데이터","2021년 10월 국내 1500개 미디어의 방문자 OS 추정 데이터입니다."
30787,"2021년도 3분기_온누리스토어 판매데이터","2021년 3분기 온누리스토어(온라인몰) 판매내역 
: 해당 자료는 국내 최대규모의 온라인 헬스케어몰 온누리 스토어의 모든 카테고리 판매자료입니다. "
30786,"2021년도 3분기 온누리회원약국 제품 공급 내역","2021년도 3분기 온누리회원약국 제품공급 내역
:해당 자료는 전국 2200여개의 온누리 약국체인으로 공급되고 있는 온누리에이치엔씨의 제품의 약 47개 카테고리 정보입니다."
30785,"2021년도 3분기 온누리약국 고객판매 내역","2021년도 3분기  온누리약국 고객판매 내역
:해당 자료는 전국 2200여개의 온누리 약국체인중 500여개 POS 판매 정보입니다..
"
30772,"2021년 9월 (넷째주) 일별 주요 미디어 기업 PR 인덱스",국내 2200개 미디어사로 유입된 KOSPI 100대 기업 키워드와 관련된 미디어 데이터입니다. 
30771,"2021년 9월 (셋째주) 일별 주요 미디어 기업 PR 인덱스",국내 2200개 미디어사로 유입된 KOSPI 100대 기업 키워드와 관련된 미디어 데이터입니다. 
30770,"2021년 9월 (둘째주) 일별 주요 미디어 기업 PR 인덱스",국내 2200개 미디어사로 유입된 KOSPI 100대 기업 키워드와 관련된 미디어 데이터입니다. 
30769,"2021년 9월 (첫째주) 일별 주요 미디어 기업 PR 인덱스",국내 2200개 미디어사로 유입된 KOSPI 100대 기업 키워드와 관련된 미디어 데이터입니다. 
30768,"2021년 8월 (셋째주) 일별 주요 미디어 기업 PR 인덱스",국내 2200개 미디어사로 유입된 KOSPI 100대 기업 키워드와 관련된 미디어 데이터입니다. 
30767,"2021년 8월 (둘째주) 일별 주요 미디어 기업 PR 인덱스",국내 2200개 미디어사로 유입된 KOSPI 100대 기업 키워드와 관련된 미디어 데이터입니다. 
30766,"2021년 8월 (첫째주) 일별 주요 미디어 기업 PR 인덱스",국내 2200개 미디어사로 유입된 KOSPI 100대 기업 키워드와 관련된 미디어 데이터입니다. 
30765,"2021년 7월 (첫째주) 일별 주요 미디어 기업 PR 인덱스",국내 2200개 미디어사로 유입된 KOSPI 100대 기업 키워드와 관련된 미디어 데이터입니다. 
30764,"2021년 9월 일별 주요 미디어 부동산 인덱스",국내 2200개 미디어사로 유입된 부동산 키워드와 관련된 미디어 데이터입니다. 
30763,"2021년 8월 일별 주요 미디어 부동산 인덱스",국내 2200개 미디어사로 유입된 부동산 키워드와 관련된 미디어 데이터입니다. 
30761,"2021년 9월 (넷째주) 일별 주요 미디어지수_KOSPI 100대 기업","국내 2200개 미디어사로 유입된 급상승 KOSPI 100대 기업 키워드 트래픽 데이터입니다. [TRFIC_OCC_DT : 트래픽 발생 일시, RANK : 순위, SRCH_KWRD_NM :유입키워드 명,TRFIC_CT : 트래픽 수]"
30760,"2021년 9월 (셋째주) 일별 주요 미디어지수_KOSPI 100대 기업","국내 2200개 미디어사로 유입된 급상승 KOSPI 100대 기업 키워드 트래픽 데이터입니다. [TRFIC_OCC_DT : 트래픽 발생 일시, RANK : 순위, SRCH_KWRD_NM :유입키워드 명,TRFIC_CT : 트래픽 수]"
30759,"2021년 9월 (둘째주) 일별 주요 미디어지수_KOSPI 100대 기업","국내 2200개 미디어사로 유입된 급상승 KOSPI 100대 기업 키워드 트래픽 데이터입니다. [TRFIC_OCC_DT : 트래픽 발생 일시, RANK : 순위, SRCH_KWRD_NM :유입키워드 명,TRFIC_CT : 트래픽 수]"
30758,"2021년 9월 (첫째주) 일별 주요 미디어지수_KOSPI 100대 기업","국내 2200개 미디어사로 유입된 급상승 KOSPI 100대 기업 키워드 트래픽 데이터입니다. [TRFIC_OCC_DT : 트래픽 발생 일시, RANK : 순위, SRCH_KWRD_NM :유입키워드 명,TRFIC_CT : 트래픽 수]"
30757,"2021년 8월 (넷째주) 일별 주요 미디어지수_KOSPI 100대 기업","국내 2200개 미디어사로 유입된 급상승 KOSPI 100대 기업 키워드 트래픽 데이터입니다. [TRFIC_OCC_DT : 트래픽 발생 일시, RANK : 순위, SRCH_KWRD_NM :유입키워드 명,TRFIC_CT : 트래픽 수]"
30756,"2021년 8월 (셋째주) 일별 주요 미디어지수_KOSPI 100대 기업","국내 2200개 미디어사로 유입된 급상승 KOSPI 100대 기업 키워드 트래픽 데이터입니다. [TRFIC_OCC_DT : 트래픽 발생 일시, RANK : 순위, SRCH_KWRD_NM :유입키워드 명,TRFIC_CT : 트래픽 수]"
30755,"2021년 8월 (둘째주) 일별 주요 미디어지수_KOSPI 100대 기업","국내 2200개 미디어사로 유입된 급상승 KOSPI 100대 기업 키워드 트래픽 데이터입니다. [TRFIC_OCC_DT : 트래픽 발생 일시, RANK : 순위, SRCH_KWRD_NM :유입키워드 명,TRFIC_CT : 트래픽 수]"
30754,"2021년 8월 (첫째주) 일별 주요 미디어지수_KOSPI 100대 기업","국내 2200개 미디어사로 유입된 급상승 KOSPI 100대 기업 키워드 트래픽 데이터입니다. [TRFIC_OCC_DT : 트래픽 발생 일시, RANK : 순위, SRCH_KWRD_NM :유입키워드 명,TRFIC_CT : 트래픽 수]"
30753,"2021년 7월 (넷째주) 일별 주요 미디어지수_KOSPI 100대 기업","국내 2200개 미디어사로 유입된 급상승 KOSPI 100대 기업 키워드 트래픽 데이터입니다. [TRFIC_OCC_DT : 트래픽 발생 일시, RANK : 순위, SRCH_KWRD_NM :유입키워드 명,TRFIC_CT : 트래픽 수]"
30752,"2021년 7월 (셋째주) 일별 주요 미디어지수_KOSPI 100대 기업","국내 2200개 미디어사로 유입된 급상승 KOSPI 100대 기업 키워드 트래픽 데이터입니다. [TRFIC_OCC_DT : 트래픽 발생 일시, RANK : 순위, SRCH_KWRD_NM :유입키워드 명,TRFIC_CT : 트래픽 수]"
30751,"2021년 7월 (둘째주) 일별 주요 미디어지수_KOSPI 100대 기업","국내 2200개 미디어사로 유입된 급상승 KOSPI 100대 기업 키워드 트래픽 데이터입니다. [TRFIC_OCC_DT : 트래픽 발생 일시, RANK : 순위, SRCH_KWRD_NM :유입키워드 명,TRFIC_CT : 트래픽 수]"
30750,"2021년 7월 (첫째주) 일별 주요 미디어지수_KOSPI 100대 기업","국내 2200개 미디어사로 유입된 급상승 KOSPI 100대 기업 키워드 트래픽 데이터입니다. [TRFIC_OCC_DT : 트래픽 발생 일시, RANK : 순위, SRCH_KWRD_NM :유입키워드 명,TRFIC_CT : 트래픽 수]"
30748,"202109 키오스크 단말기 구내식당 주문데이터",식신e식권을 이용하는 기업 중 복합 결제 단말기를 사용하는 구내식당 결제 데이터입니다.
30747,"202109 음식점 인기 지역, 업종 분포현황",사람들은 어느 위치에서 어느 지역에 있는 음식점을 찾아보며 어떤 메뉴를 원하는지 살펴볼 수 있는 데이터입니다.
30746,"202109 포털검색/식품 품목별 검색광고 트렌드",포털 사이트에서 식품명을 검색했을 때 노출되는 광고 컨텐츠의 순위를 보여주는 데이터입니다.
30745,"202109 포털검색/식품 품목별 상위노출 경쟁추이",포털 사이트에서 식품 키워드로 검색했을 때 표출되는 상위 컨텐츠의 순위를 보여주는 데이터입니다.
30744,"202109 포털검색/식품 품목별 연관키워드","포털 사이트에서 식품명을 검색했을 때 표출되는 연관키워드, 컨텐츠 내의 태그 키워드를 보여주는 데이터입니다."
30743,"202109 포털검색/식품 품목별 경쟁사 트렌드","포털 사이트에서 식품명을 검색했을 때 판매되고 있는 상품들의 브랜드, 가격 등을 비교할 수 있는 데이터입니다."
30741,"202109 포털검색/식품 품목별 검색순위 정보",포털 사이트에서 식품명을 검색했을 때 표출되는 컨텐츠의 순위를 보여주는 데이터입니다.
30740,"202109 포털검색/맛집 지역별 신규상점",포털 사이트에서 지역명과 맛집 키워드 조합으로 검색했을 때 표출되는 새로 생긴 상점 정보 데이터입니다.
30739,"202109 포털검색/맛집 검색 상위노출 경쟁추이",포털 사이트에서 지역명과 맛집 키워드 조합으로 검색했을 때 표출되는 상위 컨텐츠의 순위를 보여주는 데이터입니다.
30738,"202109 포털검색/맛집 지역별 광고정보",포털 사이트에서 지역명과 맛집 키워드 조합으로 검색했을 때 표출되는 광고 콘텐츠의 순위를 보여주는 데이터입니다.
30737,"202109 포털검색/맛집 검색 추천연관어","포털 사이트에서 지역명과 맛집 키워드 조합으로 검색했을 때 표출되는 연관키워드, 컨텐츠 내의 태그 키워드를 보여주는 데이터입니다."
30736,"202109 포털검색/맛집 검색순위 정보",포털 사이트에서 지역명과 맛집 키워드 조합으로 검색했을 때 표출되는 컨텐츠의 순위를 보여주는 데이터입니다.
30735,"202109 맛집 지역 폴리곤별 온라인조회 데이터",사용자들이 조회한 맛집의 주소와 위경도 정보를 확인하고 핫플레이스 폴리곤별로 조회할 수 있는 데이터입니다.
30734,"202109 포털 인기검색 맛집 트렌드",대한민국 NO. 맛집 서비스 식신에서 발행한 매거진을 페이지 뷰 순으로 나열한 데이터입니다.
30733,"202109 전국 시도별 맛집 PV 순위",대한민국 NO. 맛집 서비스 식신 사용자가 한 접속 지역과 당시 조회한 맛집의 페이지 뷰 순위 데이터입니다.
30732,"202109 요일별 인기업종 카테고리 데이터",대한민국 NO. 맛집 서비스 식신 사용자가 요일별로 조회하는 맛집의 업종 카테고리 데이터입니다.
30731,"202109 사용자 선호 맛집 가격 분포",대한민국 NO.1 맛집 서비스 식신 사용자의 성별별 선호 맛집과 대표메뉴의 가격 분포 데이터입니다.
30730,"202109 직장인 업종별 식권 사용 주 시간대",식신e식권 가맹점을 대상으로 직장인들의 식권 결제시간 분포 통계 데이터입니다. 
30729,"202109 기업과 가맹점 거리별 이용통계",식신e식권 이용기업과 가맹점 거리별 이용통계입니다. 
30728,"202109 사용자 성별별 관심 맛집 데이터",대한민국 NO.1 맛집 서비스 식신 사용자의 성별별로 관심을 갖는 맛집 데이터입니다.
30727,"202109 사용자 연령대별 관심 맛집 데이터",대한민국 NO.1 맛집 서비스 식신 사용자의 연령대별로 관심을 갖는 맛집 데이터입니다.
30726,"202109 외식 키워드",대한민국 NO.1 맛집 서비스 식신을 방문하는 사용자들이 주로 검색하는 키워드 데이터입니다.
30724,"202109 가맹점 조중석식 운영현황",식신e식권의 가맹점 업종별 조중석식 운영 현황 데이터입니다.
30723,"202109 직장인 기업 석식 이용 통계",식신e식권을 이용하는 직장인들의 석식 이용 통계입니다.
30722,"202109 계절별 인기 메뉴",대한민국 NO.1 맛집 서비스 식신의 사용자가 각 계절마다 많이 조회하는 맛집의 메뉴 데이터입니다.
30721,직장인 식권 취급음식점 POI,식신e식권에 가입되어 있는 전국 가맹점 POI 주소 데이터입니다. 본 상품은 협의 후 구매가 가능합니다.
30720,"202109 요일별 직장인 방문 음식점 업종 TOP 5",식신E식권을 이용하는 직장인들의 요일별 방문 음식점 업종 TOP 5 데이터입니다. 요일별로 가장 인기 있는 음식 업종을 살펴볼 수 있습니다.
30719,"202109 기업 업종별 점심식대 평균",식신E식권 도입 기업의 종목별 식대 소비 통계 데이터입니다. 종목이 각기 다른 기업의 행정구역별 식대를 비교할 수 있습니다.
30718,"202109 요일별 직장인 점심식대 평균",식신E식권을 이용하는 직장인들의 요일별 점심 식대 소비 통계 데이터입니다. 직장인들이 요일별로 어떤 음식점 업종을 주로 이용하는지 살펴볼 수 있습니다.
30717,"202109 서울 직장인 점심식대 금액 평균",식신E식권을 이용하는 직장인들의 서울특별시 구단위 별 점심 식대 소비 통계 데이터입니다.
30716,"202109 전국 직장인 점심식대 금액 평균",식신E식권을 이용하는 직장인들의 대도시별 점심 식대 소비 통계 데이터 입니다. 대도시별 직장인들의 점심 식대 사용 금액을 대략적으로 비교할 수 있습니다.
30715,직장인 점심 식대 소비 통계,"식신E식권을 이용하는 직장인들의 점심 식대 소비 통계 데이터입니다. 구별, 음식 카테고리별, 삼식별(조식, 점심, 저녁 등) 평균 이용 횟수를 확인할 수 있습니다. "
30714,"202109 맛집별 조회 통계",식신에 등록되어 있는 음식점의 사용자 조회 데이터로 인기 매장과 인기 음식 카테고리 정보를 볼 수 있습니다.
30713,"202109 음식 메뉴 및 가격 정보",식신이 수집한 전국 음식점 POI의 메뉴판을 기반으로 한 메뉴별 가격 정보 데이터입니다.
30712,큐레이션 푸드 매거진 컨텐츠,대한민국 NO.1 맛집 서비스 식신이 주제별로 선정한 맛집을 소개하는 기획기사형 매거진 데이터입니다.
30711,식신 사용자 음식점 평가 후기,"식신 사용자가 음식점을 직접 방문해 보고 경험한 맛, 서비스 등 음식점에 대한 평가를 모은 리뷰 데이터입니다."
30710,전국 음식점 이미지,"대한민국 No.1 맛집 서비스 식신이 자체 촬영하거나, 식신 사용자가 업로드한 음식점 이미지 데이터입니다. "
30709,"202109 전국 일반 맛집 정보",대한민국 NO.1 맛집 서비스 식신이 수집한 전국에 위치한 일반 음식점 POI 데이터입니다.
30708,"202109 전국 인기 맛집 정보",대한민국 NO.1 맛집 서비스 식신이 수집하고 관리하는 국내 인기 맛집 (핫플레이스) POI 데이터입니다.
30707,"202109 전국 BEST 맛집 정보",대한민국 NO.1 맛집 서비스 식신이 엄선한 전국 Best 맛집의 상세한 정보가 담긴 POI 데이터입니다.
30706,"2021년 9월 일별 인기기사 Top10","&quot;2021년 9월 국내 2200개 미디어의  일별 인기기사 Top10 데이터입니다.
DATE: 날짜        RANK: 일별 순위        ART_SJ_CN: 기사 제목        URL_ADDR: 해당 기사 링크&quot;"
30705,"2021년 8월 일별 인기기사 Top10","&quot;2021년 8월 국내 2200개 미디어의  일별 인기기사 Top10 데이터입니다.
DATE: 날짜        RANK: 일별 순위        ART_SJ_CN: 기사 제목        URL_ADDR: 해당 기사 링크&quot;"
30704,"2021년 6월 일별 인기기사 Top10","&quot;2021년 6월 국내 2200개 미디어의  일별 인기기사 Top10 데이터입니다.
DATE: 날짜        RANK: 일별 순위        ART_SJ_CN: 기사 제목        URL_ADDR: 해당 기사 링크&quot;"
30703,"2021년 5월 일별 인기기사 Top10","&quot;2021년 5월 국내 2200개 미디어의  일별 인기기사 Top10 데이터입니다.
DATE: 날짜        RANK: 일별 순위        ART_SJ_CN: 기사 제목        URL_ADDR: 해당 기사 링크&quot;"
30702,"2021년 4월 일별 인기기사 Top10","&quot;2021년 4월 국내 2200개 미디어의  일별 인기기사 Top10 데이터입니다.
DATE: 날짜        RANK: 일별 순위        ART_SJ_CN: 기사 제목        URL_ADDR: 해당 기사 링크&quot;"
30701,"2021년 3월 일별 인기기사 Top10","&quot;2021년 3월 국내 2200개 미디어의  일별 인기기사 Top10 데이터입니다.
DATE: 날짜        RANK: 일별 순위        ART_SJ_CN: 기사 제목        URL_ADDR: 해당 기사 링크&quot;"
30700,"2021년 2월 일별 인기기사 Top10","&quot;2021년 2월 국내 2200개 미디어의  일별 인기기사 Top10 데이터입니다.
DATE: 날짜        RANK: 일별 순위        ART_SJ_CN: 기사 제목        URL_ADDR: 해당 기사 링크&quot;"
30699,"2021년 9월 일별 발행 기사 수 분석 데이터","&quot;2021년 9월 국내 2200개 미디어의  일별 발행 기사 수 분석데이터입니다.
date: 일자        trfic_ct: 발행 기사 수&quot;"
30698,"2021년 8월 일별 발행 기사 수 분석 데이터","&quot;2021년 8월 국내 2200개 미디어의  일별 발행 기사 수 분석데이터입니다.
date: 일자        trfic_ct: 발행 기사 수&quot;"
30697,"2021년 6월 일별 발행 기사 수 분석 데이터","&quot;2021년 6월 국내 2200개 미디어의  일별 발행 기사 수 분석데이터입니다.
date: 일자        trfic_ct: 발행 기사 수&quot;"
30696,"2021년 5월 일별 발행 기사 수 분석 데이터","&quot;2021년 5월 국내 2200개 미디어의  일별 발행 기사 수 분석데이터입니다.
date: 일자        trfic_ct: 발행 기사 수&quot;"
30695,"2021년 4월 일별 발행 기사 수 분석 데이터","&quot;2021년 4월 국내 2200개 미디어의  일별 발행 기사 수 분석데이터입니다.
date: 일자        trfic_ct: 발행 기사 수&quot;"
30694,"2021년 3월 일별 발행 기사 수 분석 데이터","&quot;2021년 3월 국내 2200개 미디어의  일별 발행 기사 수 분석데이터입니다.
date: 일자        trfic_ct: 발행 기사 수&quot;"
30693,"2021년 2월 일별 발행 기사 수 분석 데이터","&quot;2021년 2월 국내 2200개 미디어의  일별 발행 기사 수 분석데이터입니다.
date: 일자        trfic_ct: 발행 기사 수&quot;"
30692,"2021년 9월 카테고리별 방문 pv","&quot;2021년 9월 국내 2200개 미디어의  카테고리별 방문 pv 데이터입니다.
cgr_nm: 카테고리 명[연예/스포츠, 경제/전문지, 종합일간지, 인터넷신문, 방송/통신사]        
dable_pv_per_user: 인당 트래픽 수 입니다&quot;"
30691,"2021년 8월 카테고리별 방문 pv","&quot;2021년 8월 국내 2200개 미디어의  카테고리별 방문 pv 데이터입니다.
cgr_nm: 카테고리 명[연예/스포츠, 경제/전문지, 종합일간지, 인터넷신문, 방송/통신사]        
dable_pv_per_user: 인당 트래픽 수 입니다&quot;"
30690,"2021년 6월 카테고리별 방문 pv","&quot;2021년 6월 국내 2200개 미디어의  카테고리별 방문 pv 데이터입니다.
cgr_nm: 카테고리 명[연예/스포츠, 경제/전문지, 종합일간지, 인터넷신문, 방송/통신사]        
dable_pv_per_user: 인당 트래픽 수 입니다&quot;"
30689,"2021년 5월 카테고리별 방문 pv","&quot;2021년 5월 국내 2200개 미디어의  카테고리별 방문 pv 데이터입니다.
cgr_nm: 카테고리 명[연예/스포츠, 경제/전문지, 종합일간지, 인터넷신문, 방송/통신사]        
dable_pv_per_user: 인당 트래픽 수 입니다&quot;"
30688,"2021년 4월 카테고리별 방문 pv","&quot;2021년 4월 국내 2200개 미디어의  카테고리별 방문 pv 데이터입니다.
cgr_nm: 카테고리 명[연예/스포츠, 경제/전문지, 종합일간지, 인터넷신문, 방송/통신사]        
dable_pv_per_user: 인당 트래픽 수 입니다&quot;"
30687,"2021년 3월 카테고리별 방문 pv","&quot;2021년 3월 국내 2200개 미디어의  카테고리별 방문 pv 데이터입니다.
cgr_nm: 카테고리 명[연예/스포츠, 경제/전문지, 종합일간지, 인터넷신문, 방송/통신사]        
dable_pv_per_user: 인당 트래픽 수 입니다&quot;"
30686,"2021년 2월 카테고리별 방문 pv","&quot;2021년 2월 국내 2200개 미디어의  카테고리별 방문 pv 데이터입니다.
cgr_nm: 카테고리 명[연예/스포츠, 경제/전문지, 종합일간지, 인터넷신문, 방송/통신사]        
dable_pv_per_user: 인당 트래픽 수 입니다&quot;"
30685,"2021년 9월 미디어 모바일 트래픽 인덱스","&quot;2021년 9월 국내 2200개 미디어의 모바일 트래픽 데이터입니다.
- 2개의 인덱스를 기준으로 책정된 트래픽 수치입니다[2019 일별 전체 트래픽의 평균, 2019년 각 시간대별 평균]
- 기준_트래픽 ; STD_TRFIC(100기준) &quot;"
30684,"2021년 8월 미디어 모바일 트래픽 인덱스","&quot;2021년 8월 국내 2200개 미디어의 모바일 트래픽 데이터입니다.
- 2개의 인덱스를 기준으로 책정된 트래픽 수치입니다[2019 일별 전체 트래픽의 평균, 2019년 각 시간대별 평균]
- 기준_트래픽 ; STD_TRFIC(100기준) &quot;"
30683,"2021년 6월 미디어 모바일 트래픽 인덱스","&quot;2021년 6월 국내 2200개 미디어의 모바일 트래픽 데이터입니다.
- 2개의 인덱스를 기준으로 책정된 트래픽 수치입니다[2019 일별 전체 트래픽의 평균, 2019년 각 시간대별 평균]
- 기준_트래픽 ; STD_TRFIC(100기준) &quot;"
30682,"2021년 5월 미디어 모바일 트래픽 인덱스","&quot;2021년 5월 국내 2200개 미디어의 모바일 트래픽 데이터입니다.
- 2개의 인덱스를 기준으로 책정된 트래픽 수치입니다[2019 일별 전체 트래픽의 평균, 2019년 각 시간대별 평균]
- 기준_트래픽 ; STD_TRFIC(100기준) &quot;"
30681,"2021년 4월 미디어 모바일 트래픽 인덱스","&quot;2021년 4월 국내 2200개 미디어의 모바일 트래픽 데이터입니다.
- 2개의 인덱스를 기준으로 책정된 트래픽 수치입니다[2019 일별 전체 트래픽의 평균, 2019년 각 시간대별 평균]
- 기준_트래픽 ; STD_TRFIC(100기준) &quot;"
30680,"2021년 3월 미디어 모바일 트래픽 인덱스","&quot;2021년 3월 국내 2200개 미디어의 모바일 트래픽 데이터입니다.
- 2개의 인덱스를 기준으로 책정된 트래픽 수치입니다[2019 일별 전체 트래픽의 평균, 2019년 각 시간대별 평균]
- 기준_트래픽 ; STD_TRFIC(100기준) &quot;"
30679,"2021년 2월 미디어 모바일 트래픽 인덱스","&quot;2021년 2월 국내 2200개 미디어의 모바일 트래픽 데이터입니다.
- 2개의 인덱스를 기준으로 책정된 트래픽 수치입니다[2019 일별 전체 트래픽의 평균, 2019년 각 시간대별 평균]
- 기준_트래픽 ; STD_TRFIC(100기준) &quot;"
30678,"2021년 9월 미디어 SNS 트렌드 데이터","&quot;2021년 9월 국내 2200개 미디어의  SNS 트렌드 데이터입니다.
유입경로의 비율을 통해 어떤 유입경로가 유의미한지 알 수 있습니다.
DATE,
CGR_NM, [카테고리 명]
- 종합일간지&#39;,&#39;인터넷신문&#39;,&#39;경제지&#39;,&#39;전문지&#39;,&#39;연예&#39;
&quot;"
30677,"2021년 8월 미디어 SNS 트렌드 데이터","&quot;2021년 8월 국내 2200개 미디어의  SNS 트렌드 데이터입니다.
유입경로의 비율을 통해 어떤 유입경로가 유의미한지 알 수 있습니다.
DATE,
CGR_NM, [카테고리 명]
- 종합일간지&#39;,&#39;인터넷신문&#39;,&#39;경제지&#39;,&#39;전문지&#39;,&#39;연예&#39;
&quot;"
30676,"2021년 6월 미디어 SNS 트렌드 데이터","&quot;2021년 6월 국내 2200개 미디어의  SNS 트렌드 데이터입니다.
유입경로의 비율을 통해 어떤 유입경로가 유의미한지 알 수 있습니다.
DATE,
CGR_NM, [카테고리 명]
- 종합일간지&#39;,&#39;인터넷신문&#39;,&#39;경제지&#39;,&#39;전문지&#39;,&#39;연예&#39;
&quot;"
30675,"2021년 5월 미디어 SNS 트렌드 데이터","&quot;2021년 5월 국내 2200개 미디어의  SNS 트렌드 데이터입니다.
유입경로의 비율을 통해 어떤 유입경로가 유의미한지 알 수 있습니다.
DATE,
CGR_NM, [카테고리 명]
- 종합일간지&#39;,&#39;인터넷신문&#39;,&#39;경제지&#39;,&#39;전문지&#39;,&#39;연예&#39;
&quot;"
30674,"2021년 4월 미디어 SNS 트렌드 데이터","&quot;2021년 4월 국내 2200개 미디어의  SNS 트렌드 데이터입니다.
유입경로의 비율을 통해 어떤 유입경로가 유의미한지 알 수 있습니다.
DATE,
CGR_NM, [카테고리 명]
- 종합일간지&#39;,&#39;인터넷신문&#39;,&#39;경제지&#39;,&#39;전문지&#39;,&#39;연예&#39;
&quot;"
30673,"2021년 3월 미디어 SNS 트렌드 데이터","&quot;2021년 3월 국내 2200개 미디어의  SNS 트렌드 데이터입니다.
유입경로의 비율을 통해 어떤 유입경로가 유의미한지 알 수 있습니다.
DATE,
CGR_NM, [카테고리 명]
- 종합일간지&#39;,&#39;인터넷신문&#39;,&#39;경제지&#39;,&#39;전문지&#39;,&#39;연예&#39;
&quot;"
30672,"2021년 2월 미디어 SNS 트렌드 데이터","&quot;2021년 2월 국내 2200개 미디어의  SNS 트렌드 데이터입니다.
유입경로의 비율을 통해 어떤 유입경로가 유의미한지 알 수 있습니다.
DATE,
CGR_NM, [카테고리 명]
- 종합일간지&#39;,&#39;인터넷신문&#39;,&#39;경제지&#39;,&#39;전문지&#39;,&#39;연예&#39;
&quot;"
30671,"2021년 9월 미디어 방문자 유입 경로 추정 데이터","&quot;2021년 9월의 국내 1500개 미디어의 방문자 유입 경로 추정 데이터입니다.
INFW_CRS_KIND_NM[유입경로 종류 이름] 
-Direct : 직접경로 
-Others: 기타&quot;"
30670,"2021년 8월 미디어 방문자 유입 경로 추정 데이터","&quot;2021년 8월의 국내 1500개 미디어의 방문자 유입 경로 추정 데이터입니다.
INFW_CRS_KIND_NM[유입경로 종류 이름] 
-Direct : 직접경로 
-Others: 기타&quot;"
30669,"2021년 6월 미디어 방문자 유입 경로 추정 데이터","&quot;2021년 6월의 국내 1500개 미디어의 방문자 유입 경로 추정 데이터입니다.
INFW_CRS_KIND_NM[유입경로 종류 이름] 
-Direct : 직접경로 
-Others: 기타&quot;"
30668,"2021년 5월 미디어 방문자 유입 경로 추정 데이터","&quot;2021년 5월의 국내 1500개 미디어의 방문자 유입 경로 추정 데이터입니다.
INFW_CRS_KIND_NM[유입경로 종류 이름] 
-Direct : 직접경로 
-Others: 기타&quot;"
30667,"2021년 4월 미디어 방문자 유입 경로 추정 데이터","&quot;2021년 4월의 국내 1500개 미디어의 방문자 유입 경로 추정 데이터입니다.
INFW_CRS_KIND_NM[유입경로 종류 이름] 
-Direct : 직접경로 
-Others: 기타&quot;"
30666,"2021년 3월 미디어 방문자 유입 경로 추정 데이터","&quot;2021년 3월의 국내 1500개 미디어의 방문자 유입 경로 추정 데이터입니다.
INFW_CRS_KIND_NM[유입경로 종류 이름] 
-Direct : 직접경로 
-Others: 기타&quot;"
30665,"2021년 2월 미디어 방문자 유입 경로 추정 데이터","&quot;2021년 2월의 국내 1500개 미디어의 방문자 유입 경로 추정 데이터입니다.
INFW_CRS_KIND_NM[유입경로 종류 이름] 
-Direct : 직접경로 
-Others: 기타&quot;"
30663,"2021년 9월 미디어 방문자 연령대 추정 데이터","2021년 9월의 국내 1500개 미디어의 방문자 연령대 추정 데이터입니다."
30662,"2021년 8월 미디어 방문자 연령대 추정 데이터","2021년 8월의 국내 1500개 미디어의 방문자 연령대 추정 데이터입니다."
30661,단기연체 정보,"한국신용정보원으로 집중관리되는 국내 5,000여개 여신금융기관의 기업신용정보 중 30일 이상 90일 미만 연체 건에 대한 정보로 구성되어 있습니다. 연체 건별 발생일, 제공일, 해제일, 등록금액, 연체금액 등 신용불량정보를 제공합니다"
30660,"2021년 6월 미디어 방문자 연령대 추정 데이터","2021년 6월의 국내 1500개 미디어의 방문자 연령대 추정 데이터입니다."
30659,"2021년 5월 미디어 방문자 연령대 추정 데이터","2021년 5월의 국내 1500개 미디어의 방문자 연령대 추정 데이터입니다."
30658,"2021년 4월 미디어 방문자 연령대 추정 데이터","2021년 4월의 국내 1500개 미디어의 방문자 연령대 추정 데이터입니다."
30657,"2021년 3월 미디어 방문자 연령대 추정 데이터","2021년 3월의 국내 1500개 미디어의 방문자 연령대 추정 데이터입니다."
30656,"2021년 2월 미디어 방문자 연령대 추정 데이터","2021년 2월의 국내 1500개 미디어의 방문자 연령대 추정 데이터입니다."
30646,"2021년 9월 미디어 방문자 성별 추정 데이터","&quot;2021년 9월의 국내외 1500개 미디어의 방문자 성별 추정 데이터입니다.
Gender Code: [남성 : 1 /여성 : 2]&quot;"
30644,"2021년 8월 미디어 방문자 성별 추정 데이터","&quot;2021년 8월의 국내외 1500개 미디어의 방문자 성별 추정 데이터입니다.
Gender Code: [남성 : 1 /여성 : 2]&quot;"
30642,"2021년 6월 미디어 방문자 성별 추정 데이터","&quot;2021년 6월의 국내외 1500개 미디어의 방문자 성별 추정 데이터입니다.
Gender Code: [남성 : 1 /여성 : 2]&quot;"
30636,"2021년 5월 미디어 방문자 성별 추정 데이터","&quot;2021년 5월의 국내외 1500개 미디어의 방문자 성별 추정 데이터입니다.
Gender Code: [남성 : 1 /여성 : 2]&quot;"
30635,"2021년 4월 미디어 방문자 성별 추정 데이터","&quot;2021년 4월의 국내외 1500개 미디어의 방문자 성별 추정 데이터입니다.
Gender Code: [남성 : 1 /여성 : 2]&quot;"
30634,"2021년 3월 미디어 방문자 성별 추정 데이터","&quot;2021년 3월의 국내외 1500개 미디어의 방문자 성별 추정 데이터입니다.
Gender Code: [남성 : 1 /여성 : 2]&quot;"
30633,"2021년 2월 미디어 방문자 성별 추정 데이터","&quot;2021년 2월의 국내외 1500개 미디어의 방문자 성별 추정 데이터입니다.
Gender Code: [남성 : 1 /여성 : 2]&quot;"
30621,"2021년 9월 미디어 방문자 브라우저 추정 데이터","2021년 9월의 국내 1500개 미디어의 방문자 브라우저 추정 데이터입니다."
30620,"2021년 8월 미디어 방문자 브라우저 추정 데이터","2021년 8월의 국내 1500개 미디어의 방문자 브라우저 추정 데이터입니다."
30619,"2021년 6월 미디어 방문자 브라우저 추정 데이터","2021년 6월의 국내 1500개 미디어의 방문자 브라우저 추정 데이터입니다."
30618,"2021년 5월 미디어 방문자 브라우저 추정 데이터","2021년 5월의 국내 1500개 미디어의 방문자 브라우저 추정 데이터입니다."
30617,"2021년 4월 미디어 방문자 브라우저 추정 데이터","2021년 4월의 국내 1500개 미디어의 방문자 브라우저 추정 데이터입니다."
30616,"2021년 3월 미디어 방문자 브라우저 추정 데이터","2021년 3월의 국내 1500개 미디어의 방문자 브라우저 추정 데이터입니다."
30615,"2021년 2월 미디어 방문자 브라우저 추정 데이터","2021년 2월의 국내 1500개 미디어의 방문자 브라우저 추정 데이터입니다."
30614,"2021년 9월 미디어 방문자 OS 추정 데이터","2021년 9월 국내 1500개 미디어의 방문자 OS 추정 데이터입니다."
30613,"2021년 8월 미디어 방문자 OS 추정 데이터","2021년 8월 국내 1500개 미디어의 방문자 OS 추정 데이터입니다."
30612,"2021년 6월 미디어 방문자 OS 추정 데이터","2021년 6월 국내 1500개 미디어의 방문자 OS 추정 데이터입니다."
30611,"2021년 5월 미디어 방문자 OS 추정 데이터","2021년 5월 국내 1500개 미디어의 방문자 OS 추정 데이터입니다."
30610,"2021년 4월 미디어 방문자 OS 추정 데이터","2021년 4월 국내 1500개 미디어의 방문자 OS 추정 데이터입니다."
30607,"2021년 3월 미디어 방문자 OS 추정 데이터","2021년 3월 국내 1500개 미디어의 방문자 OS 추정 데이터입니다."
30606,"2021년 2월 미디어 방문자 OS 추정 데이터","2021년 2월 국내 1500개 미디어의 방문자 OS 추정 데이터입니다."
30605,"202109 전국 행정동단위 할부이용정보 데이터","본 데이터는 KCB가 각 금융사들로부터 매일 수집하는 최신 금융 데이터를 공간 단위로 재가공해 월별로 제공하고 있습니다.
"
30604,"202109 전국 시군구단위 할부이용정보 데이터","본 데이터는 KCB가 각 금융사들로부터 매일 수집하는 최신 금융 데이터를 공간 단위로 재가공해 월별로 제공하고 있습니다.
"
30603,"202109 전국 시도단위 할부이용정보 데이터","본 데이터는 KCB가 각 금융사들로부터 매일 수집하는 최신 금융 데이터를 공간 단위로 재가공해 월별로 제공하고 있습니다.
"
30602,"202109 전국 행정동단위 SOHO 데이터","본 데이터는 KCB가 각 금융사들로부터 매일 수집하는 최신 금융 데이터를 공간 단위로 재가공해 월별로 제공하고 있습니다.
"
30585,"202109 전국 시군구단위 SOHO 데이터","본 데이터는 KCB가 각 금융사들로부터 매일 수집하는 최신 금융 데이터를 공간 단위로 재가공해 월별로 제공하고 있습니다.
"
30584,"202109 전국 시도단위 SOHO 데이터","본 데이터는 KCB가 각 금융사들로부터 매일 수집하는 최신 금융 데이터를 공간 단위로 재가공해 월별로 제공하고 있습니다.
"
30583,"202109 전국 행정동단위 하이엔드 데이터","본 데이터는 KCB가 각 금융사들로부터 매일 수집하는 최신 금융 데이터를 공간 단위로 재가공해 월별로 제공하고 있습니다.
"
30582,"202109 전국 시군구단위 하이엔드 데이터","본 데이터는 KCB가 각 금융사들로부터 매일 수집하는 최신 금융 데이터를 공간 단위로 재가공해 월별로 제공하고 있습니다.
"
30581,"202109 전국 시도단위 하이엔드 데이터","본 데이터는 KCB가 각 금융사들로부터 매일 수집하는 최신 금융 데이터를 공간 단위로 재가공해 월별로 제공하고 있습니다.
"
30580,"202109 전국 행정동단위 자산평가 데이터","본 데이터는 KCB가 각 금융사들로부터 매일 수집하는 최신 금융 데이터를 공간 단위로 재가공해 월별로 제공하고 있습니다.
"
30579,"202109 전국 시군구단위 자산평가 데이터","본 데이터는 KCB가 각 금융사들로부터 매일 수집하는 최신 금융 데이터를 공간 단위로 재가공해 월별로 제공하고 있습니다.
"
30578,"202109 전국 시도단위 자산평가 데이터","본 데이터는 KCB가 각 금융사들로부터 매일 수집하는 최신 금융 데이터를 공간 단위로 재가공해 월별로 제공하고 있습니다.
"
30576,"202109 전국 행정동단위 예금여력 데이터","본 데이터는 KCB가 각 금융사들로부터 매일 수집하는 최신 금융 데이터를 공간 단위로 재가공해 월별로 제공하고 있습니다.
"
30575,"202109 전국 시군구단위 예금여력 데이터","본 데이터는 KCB가 각 금융사들로부터 매일 수집하는 최신 금융 데이터를 공간 단위로 재가공해 월별로 제공하고 있습니다.
"
30574,"202109 전국 시도단위 예금여력 데이터","본 데이터는 KCB가 각 금융사들로부터 매일 수집하는 최신 금융 데이터를 공간 단위로 재가공해 월별로 제공하고 있습니다.
"
30573,"202109 전국 행정동단위 연체정보 데이터","본 데이터는 KCB가 각 금융사들로부터 매일 수집하는 최신 금융 데이터를 공간 단위로 재가공해 월별로 제공하고 있습니다.
"
30572,"202109 전국 시군구단위 연체정보 데이터","본 데이터는 KCB가 각 금융사들로부터 매일 수집하는 최신 금융 데이터를 공간 단위로 재가공해 월별로 제공하고 있습니다.
"
30571,"202109 전국 시도단위 연체정보 데이터","본 데이터는 KCB가 각 금융사들로부터 매일 수집하는 최신 금융 데이터를 공간 단위로 재가공해 월별로 제공하고 있습니다.
"
30568,"202109 전국 행정동단위 대출정보 데이터","본 데이터는 KCB가 각 금융사들로부터 매일 수집하는 최신 금융 데이터를 공간 단위로 재가공해 월별로 제공하고 있습니다.
"
30566,"202109 전국 시군구단위 대출정보 데이터","본 데이터는 KCB가 각 금융사들로부터 매일 수집하는 최신 금융 데이터를 공간 단위로 재가공해 월별로 제공하고 있습니다.
"
30565,"202109 전국 시도단위 대출정보 데이터","본 데이터는 KCB가 각 금융사들로부터 매일 수집하는 최신 금융 데이터를 공간 단위로 재가공해 월별로 제공하고 있습니다.
"
30563,"202109 전국 행정동단위 소비정보 데이터","본 데이터는 KCB가 각 금융사들로부터 매일 수집하는 최신 금융 데이터를 공간 단위로 재가공해 월별로 제공하고 있습니다.
"
30562,"202109 전국 시군구단위 소비정보 데이터","본 데이터는 KCB가 각 금융사들로부터 매일 수집하는 최신 금융 데이터를 공간 단위로 재가공해 월별로 제공하고 있습니다.
"
30561,"202109 전국 시도단위 소비정보 데이터","본 데이터는 KCB가 각 금융사들로부터 매일 수집하는 최신 금융 데이터를 공간 단위로 재가공해 월별로 제공하고 있습니다.
"
30560,"202109 전국 행정동단위 소득정보 데이터","본 데이터는 KCB가 각 금융사들로부터 매일 수집하는 최신 금융 데이터를 공간 단위로 재가공해 월별로 제공하고 있습니다.
"
30559,"202109 전국 시군구단위 소득정보 데이터","본 데이터는 KCB가 각 금융사들로부터 매일 수집하는 최신 금융 데이터를 공간 단위로 재가공해 월별로 제공하고 있습니다.
"
30558,"202109 전국 시도단위 소득정보 데이터","본 데이터는 KCB가 각 금융사들로부터 매일 수집하는 최신 금융 데이터를 공간 단위로 재가공해 월별로 제공하고 있습니다.
"
30555,"2021년도 2분기 온누리약국 고객판매 내역","2021년도 2분기  온누리약국 고객판매 내역
:해당 자료는 전국 2200여개의 온누리 약국체인중 500여개 POS 판매 정보입니다.."
30536,매장 방문 데이터 x 맛집 평점&middot;리뷰 데이터,"본 데이터는 로플랫의 매장 방문 데이터와 식신의 맛집 및 평점 리뷰 데이터를 융합한 데이터로, 각 매장별 온라인 선호도와 실제 방문수를 비교할 수 있는 상품입니다."
30535,"2018년 ~ 2021년 재산세 납부 현황_거주지, 연령성별 기준","2018년 ~ 2021년 연도별 연령성별 및 거주지 기준 재산세 납부 고객수 비중 데이터"
30534,"202108 키오스크 단말기 구내식당 주문데이터",식신e식권을 이용하는 기업 중 복합 결제 단말기를 사용하는 구내식당 결제 데이터입니다.
30533,"202108 음식점 인기 지역, 업종 분포현황",사람들은 어느 위치에서 어느 지역에 있는 음식점을 찾아보며 어떤 메뉴를 원하는지 살펴볼 수 있는 데이터입니다.
30532,"202108 포털검색/식품 품목별 검색광고 트렌드",포털 사이트에서 식품명을 검색했을 때 노출되는 광고 컨텐츠의 순위를 보여주는 데이터입니다.
30531,"202108 포털검색/식품 품목별 상위노출 경쟁추이","포털, 포털검색, 식품, 식품트렌드, 식품컨텐츠, 외식, 식품키워드, 식품검색
"
30525,"202108 포털검색/식품 품목별 연관키워드","포털 사이트에서 식품명을 검색했을 때 표출되는 연관키워드, 컨텐츠 내의 태그 키워드를 보여주는 데이터입니다."
30524,"202108 포털검색/식품 품목별 경쟁사 트렌드","포털 사이트에서 식품명을 검색했을 때 판매되고 있는 상품들의 브랜드, 가격 등을 비교할 수 있는 데이터입니다."
30523,"202108 포털검색/식품 품목별 검색순위 정보",포털 사이트에서 식품명을 검색했을 때 표출되는 컨텐츠의 순위를 보여주는 데이터입니다.
30522,"202108 포털검색/맛집 지역별 신규상점",포털 사이트에서 지역명과 맛집 키워드 조합으로 검색했을 때 표출되는 새로 생긴 상점 정보 데이터입니다.
30521,"202108 포털검색/맛집 검색 상위노출 경쟁추이",포털 사이트에서 지역명과 맛집 키워드 조합으로 검색했을 때 표출되는 상위 컨텐츠의 순위를 보여주는 데이터입니다.
30520,"202108 포털검색/맛집 지역별 광고정보",포털 사이트에서 지역명과 맛집 키워드 조합으로 검색했을 때 표출되는 광고 콘텐츠의 순위를 보여주는 데이터입니다.
30519,"202108 포털검색/맛집 검색 추천연관어","포털 사이트에서 지역명과 맛집 키워드 조합으로 검색했을 때 표출되는 연관키워드, 컨텐츠 내의 태그 키워드를 보여주는 데이터입니다."
30518,"202108 포털검색/맛집 검색순위 정보",포털 사이트에서 지역명과 맛집 키워드 조합으로 검색했을 때 표출되는 컨텐츠의 순위를 보여주는 데이터입니다.
30517,"202108 맛집 지역 폴리곤별 온라인조회 데이터",사용자들이 조회한 맛집의 주소와 위경도 정보를 확인하고 핫플레이스 폴리곤별로 조회할 수 있는 데이터입니다.
30516,"202108 포털 인기검색 맛집 트렌드",대한민국 NO. 맛집 서비스 식신에서 발행한 매거진을 페이지 뷰 순으로 나열한 데이터입니다.
30515,"202108 전국 시도별 맛집 PV 순위",대한민국 NO. 맛집 서비스 식신 사용자가 한 접속 지역과 당시 조회한 맛집의 페이지 뷰 순위 데이터입니다.
30514,"202108 요일별 인기업종 카테고리 데이터",대한민국 NO. 맛집 서비스 식신 사용자가 요일별로 조회하는 맛집의 업종 카테고리 데이터입니다.
30513,"202108 사용자 선호 맛집 가격 분포",대한민국 NO.1 맛집 서비스 식신 사용자의 성별별 선호 맛집과 대표메뉴의 가격 분포 데이터입니다.
30512,"202108 직장인 업종별 식권 사용 주 시간대",식신e식권 가맹점을 대상으로 직장인들의 식권 결제시간 분포 통계 데이터입니다.
30511,"202108 기업과 가맹점 거리별 이용통계",식신e식권 이용기업과 가맹점 거리별 이용통계입니다. 
30510,"202108 사용자 성별별 관심 맛집 데이터",대한민국 NO.1 맛집 서비스 식신 사용자의 성별별로 관심을 갖는 맛집 데이터입니다.
30509,"202108 사용자 연령대별 관심 맛집 데이터",대한민국 NO.1 맛집 서비스 식신 사용자의 연령대별로 관심을 갖는 맛집 데이터입니다.
30508,"202108 외식 키워드",대한민국 NO.1 맛집 서비스 식신을 방문하는 사용자들이 주로 검색하는 키워드 데이터입니다.
30494,"202108 가맹점 조중석식 운영현황",식신e식권의 가맹점 업종별 조중석식 운영 현황 데이터입니다.
30493,"202108 직장인 기업 석식 이용 통계",식신e식권을 이용하는 직장인들의 석식 이용 통계입니다.
30492,"202108 계절별 인기 메뉴",대한민국 NO.1 맛집 서비스 식신의 사용자가 각 계절마다 많이 조회하는 맛집의 메뉴 데이터입니다.
30481,직장인 식권 취급음식점 POI,식신e식권에 가입되어 있는 전국 가맹점 POI 주소 데이터입니다. 본 상품은 협의 후 구매가 가능합니다.
30480,"2021년 여름 계절별 직장인 방문 음식점 업종 TOP 5",식신E식권을 이용하는 직장인들의 계절별 방문 음식점 업종 TOP 5를 나타낸 데이터입니다.
30479,"202108 요일별 직장인 방문 음식점 업종 TOP 5",식신E식권을 이용하는 직장인들의 요일별 방문 음식점 업종 TOP 5 데이터입니다. 요일별로 가장 인기 있는 음식 업종을 살펴볼 수 있습니다.
30478,"202108 기업 업종별 점심식대 평균",식신E식권 도입 기업의 종목별 식대 소비 통계 데이터입니다. 종목이 각기 다른 기업의 행정구역별 식대를 비교할 수 있습니다.
30477,"202108 요일별 직장인 점심식대 평균",식신E식권을 이용하는 직장인들의 요일별 점심 식대 소비 통계 데이터입니다. 직장인들이 요일별로 어떤 음식점 업종을 주로 이용하는지 살펴볼 수 있습니다.
30476,"202108 서울 직장인 점심식대 금액 평균",식신E식권을 이용하는 직장인들의 서울특별시 구단위 별 점심 식대 소비 통계 데이터입니다.
30475,"202108 전국 직장인 점심식대 금액 평균",식신E식권을 이용하는 직장인들의 대도시별 점심 식대 소비 통계 데이터 입니다. 대도시별 직장인들의 점심 식대 사용 금액을 대략적으로 비교할 수 있습니다.
30474,직장인 점심 식대 소비 통계,"식신E식권을 이용하는 직장인들의 점심 식대 소비 통계 데이터입니다. 구별, 음식 카테고리별, 삼식별(조식, 점심, 저녁 등) 평균 이용 횟수를 확인할 수 있습니다. "
30473,"202108 맛집별 조회 통계",식신에 등록되어 있는 음식점의 사용자 조회 데이터로 인기 매장과 인기 음식 카테고리 정보를 볼 수 있습니다. 
30472,"202108 음식 메뉴 및 가격 정보", 식신이 수집한 전국 음식점 POI의 메뉴판을 기반으로 한 메뉴별 가격 정보 데이터입니다.
30471,큐레이션 푸드 매거진 컨텐츠,대한민국 NO.1 맛집 서비스 식신이 주제별로 선정한 맛집을 소개하는 기획기사형 매거진 데이터입니다.
30470,식신 사용자 음식점 평가 후기,"식신 사용자가 음식점을 직접 방문해 보고 경험한 맛, 서비스 등 음식점에 대한 평가를 모은 리뷰 데이터입니다."
30468,전국 음식점 이미지,"대한민국 No.1 맛집 서비스 식신이 자체 촬영하거나, 식신 사용자가 업로드한 음식점 이미지 데이터입니다. "
30467,"202108 전국 일반 맛집 정보",대한민국 NO.1 맛집 서비스 식신이 수집한 전국에 위치한 일반 음식점 POI 데이터입니다.
30466,"202108 전국 인기 맛집 정보",대한민국 NO.1 맛집 서비스 식신이 수집하고 관리하는 국내 인기 맛집 (핫플레이스) POI 데이터입니다.
30465,"202108 전국 BEST 맛집 정보",대한민국 NO.1 맛집 서비스 식신이 엄선한 전국 Best 맛집의 상세한 정보가 담긴 POI 데이터입니다.
30298,GS25 상품카테고리 별 지역별 강세 분석_202108,"-. 전국 시/군/구 단위로 편의점의 상품 매출 비율을 통계하여 제공 
-. 각 지역의 상품 판매 평균과 전국 평균을 상품별로 비교하여 각 지역의 편의점 선호 상품을 제공함 "
30297,지역별 GS25점포 매출분포_202108,"-. 전국 시/군/구 단위로 편의점 점포 매출수준을 통계하여 제공 
-. 각 지역의 점포별 매출수준을 그룹화하여 해당그룹에 어느정도의 점포가 포함되어 있는지를 수치화 하여 제공 "
30296,GS25 상품카테고리 별 지역별 강세 분석_202107,"-. 전국 시/군/구 단위로 편의점의 상품 매출 비율을 통계하여 제공 
-. 각 지역의 상품 판매 평균과 전국 평균을 상품별로 비교하여 각 지역의 편의점 선호 상품을 제공함 
"
30295,지역별 GS25점포 매출분포_202107,"-. 전국 시/군/구 단위로 편의점 점포 매출수준을 통계하여 제공 
-. 각 지역의 점포별 매출수준을 그룹화하여 해당그룹에 어느정도의 점포가 포함되어 있는지를 수치화 하여 제공 "
30294,채무불이행 정보,"한국신용정보원으로 집중관리되는 국내 5,000여개 여신금융기관의 기업신용정보 중 기업 채무불이행에 대한 발생일, 제공일, 해제일, 등록금액, 연체금액 등 신용불량정보를 제공합니다."
30293,GS25 상품카테고리 별 지역별 강세 분석_202106,"-. 전국 시/군/구 단위로 편의점의 상품 매출 비율을 통계하여 제공 
-. 각 지역의 상품 판매 평균과 전국 평균을 상품별로 비교하여 각 지역의 편의점 선호 상품을 제공함 "
30292,지역별 GS25점포 매출분포_202106,"-. 전국 시/군/구 단위로 편의점 점포 매출수준을 통계하여 제공 
-. 각 지역의 점포별 매출수준을 그룹화하여 해당그룹에 어느정도의 점포가 포함되어 있는지를 수치화 하여 제공 
"
30291,"202108 전국 행정동단위 할부이용정보 데이터","본 데이터는 KCB가 각 금융사들로부터 매일 수집하는 최신 금융 데이터를 공간 단위로 재가공해 월별로 제공하고 있습니다.
"
30290,"202108 전국 시군구단위 할부이용정보 데이터","본 데이터는 KCB가 각 금융사들로부터 매일 수집하는 최신 금융 데이터를 공간 단위로 재가공해 월별로 제공하고 있습니다.
"
30289,"202108 전국 시도단위 할부이용정보 데이터","본 데이터는 KCB가 각 금융사들로부터 매일 수집하는 최신 금융 데이터를 공간 단위로 재가공해 월별로 제공하고 있습니다.
"
30288,"202108 전국 행정동단위 SOHO 데이터","본 데이터는 KCB가 각 금융사들로부터 매일 수집하는 최신 금융 데이터를 공간 단위로 재가공해 월별로 제공하고 있습니다.
"
30287,"202108 전국 시군구단위 SOHO 데이터","본 데이터는 KCB가 각 금융사들로부터 매일 수집하는 최신 금융 데이터를 공간 단위로 재가공해 월별로 제공하고 있습니다.
"
30286,"202108 전국 시도단위 SOHO 데이터","본 데이터는 KCB가 각 금융사들로부터 매일 수집하는 최신 금융 데이터를 공간 단위로 재가공해 월별로 제공하고 있습니다.
"
30285,"202108 전국 행정동단위 하이엔드 데이터","본 데이터는 KCB가 각 금융사들로부터 매일 수집하는 최신 금융 데이터를 공간 단위로 재가공해 월별로 제공하고 있습니다.
"
30284,"202108 전국 시군구단위 하이엔드 데이터","본 데이터는 KCB가 각 금융사들로부터 매일 수집하는 최신 금융 데이터를 공간 단위로 재가공해 월별로 제공하고 있습니다.
"
30283,"202108 전국 시도단위 하이엔드 데이터","본 데이터는 KCB가 각 금융사들로부터 매일 수집하는 최신 금융 데이터를 공간 단위로 재가공해 월별로 제공하고 있습니다.
"
30282,"202108 전국 행정동단위 자산평가 데이터","본 데이터는 KCB가 각 금융사들로부터 매일 수집하는 최신 금융 데이터를 공간 단위로 재가공해 월별로 제공하고 있습니다.
"
30281,"202108 전국 시군구단위 자산평가 데이터","본 데이터는 KCB가 각 금융사들로부터 매일 수집하는 최신 금융 데이터를 공간 단위로 재가공해 월별로 제공하고 있습니다.
"
30280,"202108 전국 시도단위 자산평가 데이터","본 데이터는 KCB가 각 금융사들로부터 매일 수집하는 최신 금융 데이터를 공간 단위로 재가공해 월별로 제공하고 있습니다.
"
30279,"202108 전국 행정동단위 예금여력 데이터","본 데이터는 KCB가 각 금융사들로부터 매일 수집하는 최신 금융 데이터를 공간 단위로 재가공해 월별로 제공하고 있습니다.
"
30278,"202108 전국 시군구단위 예금여력 데이터","본 데이터는 KCB가 각 금융사들로부터 매일 수집하는 최신 금융 데이터를 공간 단위로 재가공해 월별로 제공하고 있습니다.
"
30277,"202108 전국 시도단위 예금여력 데이터","본 데이터는 KCB가 각 금융사들로부터 매일 수집하는 최신 금융 데이터를 공간 단위로 재가공해 월별로 제공하고 있습니다.
"
30275,"202108 전국 행정동단위 연체정보 데이터","본 데이터는 KCB가 각 금융사들로부터 매일 수집하는 최신 금융 데이터를 공간 단위로 재가공해 월별로 제공하고 있습니다.
"
30274,"202108 전국 시군구단위 연체정보 데이터","본 데이터는 KCB가 각 금융사들로부터 매일 수집하는 최신 금융 데이터를 공간 단위로 재가공해 월별로 제공하고 있습니다.
"
30273,"202108 전국 시도단위 연체정보 데이터","본 데이터는 KCB가 각 금융사들로부터 매일 수집하는 최신 금융 데이터를 공간 단위로 재가공해 월별로 제공하고 있습니다.
"
30272,"202108 전국 행정동단위 대출정보 데이터","본 데이터는 KCB가 각 금융사들로부터 매일 수집하는 최신 금융 데이터를 공간 단위로 재가공해 월별로 제공하고 있습니다.
"
30271,"202108 전국 시군구단위 대출정보 데이터","본 데이터는 KCB가 각 금융사들로부터 매일 수집하는 최신 금융 데이터를 공간 단위로 재가공해 월별로 제공하고 있습니다.
"
30270,"202108 전국 시도단위 대출정보 데이터","본 데이터는 KCB가 각 금융사들로부터 매일 수집하는 최신 금융 데이터를 공간 단위로 재가공해 월별로 제공하고 있습니다.
"
30269,"202108 전국 행정동단위 소비정보 데이터","본 데이터는 KCB가 각 금융사들로부터 매일 수집하는 최신 금융 데이터를 공간 단위로 재가공해 월별로 제공하고 있습니다.
"
30268,"202108 전국 시군구단위 소비정보 데이터","본 데이터는 KCB가 각 금융사들로부터 매일 수집하는 최신 금융 데이터를 공간 단위로 재가공해 월별로 제공하고 있습니다.
"
30267,"202108 전국 시도단위 소비정보 데이터","본 데이터는 KCB가 각 금융사들로부터 매일 수집하는 최신 금융 데이터를 공간 단위로 재가공해 월별로 제공하고 있습니다.
"
30266,"202108 전국 행정동단위 소득정보 데이터","본 데이터는 KCB가 각 금융사들로부터 매일 수집하는 최신 금융 데이터를 공간 단위로 재가공해 월별로 제공하고 있습니다.
"
30265,"202108 전국 시군구단위 소득정보 데이터",본 데이터는 KCB가 각 금융사들로부터 매일 수집하는 최신 금융 데이터를 공간 단위로 재가공해 월별로 제공하고 있습니다.
30264,"202108 전국 시도단위 소득정보 데이터","본 데이터는 KCB가 각 금융사들로부터 매일 수집하는 최신 금융 데이터를 공간 단위로 재가공해 월별로 제공하고 있습니다.
"
30260,KDX UPDATE,"유통전략을 위한 분석 데이터부터 큐레이션(컨설팅), 실시간 보고서 까지 풀스택 서비스 제공"
30259,코로나 전후 1인가구 업종별 소비 데이터,"코로나 전후 1인 가구, 기타 가구 업종별, 월별 소비 데이터"
30239,코로나(COVID-19) 백신 예방 접종 현황 누적 데이터,"코로나(COVID-19) 백신 예방 접종 현황 데이터

보건복지부 제공 데이터 실시간 제공

앱 개발 / 통계 활용"
30199,급식 외식 트렌드 캐칭 컨설팅 (맞춤 데이터),빅데이터 분석을 통한 외식 트렌드 캐칭 데이터입니다.
30163,"202107 키오스크 단말기 구내식당 주문데이터",식신e식권을 이용하는 기업 중 복합 결제 단말기를 사용하는 구내식당 결제 데이터입니다.
30162,"202107 음식점 인기 지역, 업종 분포현황",사람들은 어느 위치에서 어느 지역에 있는 음식점을 찾아보며 어떤 메뉴를 먹고싶어하는지 살펴볼 수 있는 데이터입니다.
30161,"202107 포털검색/식품 품목별 상위노출 경쟁추이",포털 사이트에서 식품 키워드로 검색했을 때 표출되는 상위 컨텐츠의 순위를 보여주는 데이터입니다.
30160,"202107 맛집 지역 폴리곤별 온라인조회 데이터",사용자들이 조회한 맛집의 주소와 위경도를 확인하고 식신이 인기 지역으로 분류한 핫플레이스 폴리곤별 살펴볼 수 있는 데이터입니다.
30148,"202107 전국 행정동단위 할부이용정보 데이터","본 데이터는 KCB가 각 금융사들로부터 매일 수집하는 최신 금융 데이터를 공간 단위로 재가공해 월별로 제공하고 있습니다.
"
30147,"202107 전국 시군구단위 할부이용정보 데이터","본 데이터는 KCB가 각 금융사들로부터 매일 수집하는 최신 금융 데이터를 공간 단위로 재가공해 월별로 제공하고 있습니다.
"
30146,"202107 전국 시도단위 할부이용정보 데이터","본 데이터는 KCB가 각 금융사들로부터 매일 수집하는 최신 금융 데이터를 공간 단위로 재가공해 월별로 제공하고 있습니다.
"
30141,"202107 전국 행정동단위 SOHO 데이터","본 데이터는 KCB가 각 금융사들로부터 매일 수집하는 최신 금융 데이터를 공간 단위로 재가공해 월별로 제공하고 있습니다.
"
30101,"202107 전국 시군구단위 SOHO 데이터","본 데이터는 KCB가 각 금융사들로부터 매일 수집하는 최신 금융 데이터를 공간 단위로 재가공해 월별로 제공하고 있습니다.
"
30094,"202107 전국 시도단위 SOHO 데이터","본 데이터는 KCB가 각 금융사들로부터 매일 수집하는 최신 금융 데이터를 공간 단위로 재가공해 월별로 제공하고 있습니다.
"
30091,"202107 전국 행정동단위 하이엔드 데이터","본 데이터는 KCB가 각 금융사들로부터 매일 수집하는 최신 금융 데이터를 공간 단위로 재가공해 월별로 제공하고 있습니다.
"
29988,"202107 전국 시군구단위 하이엔드 데이터","본 데이터는 KCB가 각 금융사들로부터 매일 수집하는 최신 금융 데이터를 공간 단위로 재가공해 월별로 제공하고 있습니다.
"
29987,"202107 전국 시도단위 하이엔드 데이터","본 데이터는 KCB가 각 금융사들로부터 매일 수집하는 최신 금융 데이터를 공간 단위로 재가공해 월별로 제공하고 있습니다.
"
29986,"202107 전국 행정동단위 자산평가 데이터","본 데이터는 KCB가 각 금융사들로부터 매일 수집하는 최신 금융 데이터를 공간 단위로 재가공해 월별로 제공하고 있습니다.
"
29985,"202107 전국 시군구단위 자산평가 데이터","본 데이터는 KCB가 각 금융사들로부터 매일 수집하는 최신 금융 데이터를 공간 단위로 재가공해 월별로 제공하고 있습니다.
"
29984,"202107 전국 시도단위 자산평가 데이터","본 데이터는 KCB가 각 금융사들로부터 매일 수집하는 최신 금융 데이터를 공간 단위로 재가공해 월별로 제공하고 있습니다.
"
29983,"202107 전국 행정동단위 예금여력 데이터","본 데이터는 KCB가 각 금융사들로부터 매일 수집하는 최신 금융 데이터를 공간 단위로 재가공해 월별로 제공하고 있습니다.
"
29982,"202107 전국 시군구단위 예금여력 데이터","본 데이터는 KCB가 각 금융사들로부터 매일 수집하는 최신 금융 데이터를 공간 단위로 재가공해 월별로 제공하고 있습니다.
"
29981,"202107 전국 시도단위 예금여력 데이터","본 데이터는 KCB가 각 금융사들로부터 매일 수집하는 최신 금융 데이터를 공간 단위로 재가공해 월별로 제공하고 있습니다.
"
29980,"202107 전국 행정동단위 연체정보 데이터","본 데이터는 KCB가 각 금융사들로부터 매일 수집하는 최신 금융 데이터를 공간 단위로 재가공해 월별로 제공하고 있습니다.
"
29979,"202107 전국 시군구단위 연체정보 데이터","본 데이터는 KCB가 각 금융사들로부터 매일 수집하는 최신 금융 데이터를 공간 단위로 재가공해 월별로 제공하고 있습니다.
"
29978,"202107 전국 시도단위 연체정보 데이터","본 데이터는 KCB가 각 금융사들로부터 매일 수집하는 최신 금융 데이터를 공간 단위로 재가공해 월별로 제공하고 있습니다.
"
29977,"202107 전국 행정동단위 대출정보 데이터","본 데이터는 KCB가 각 금융사들로부터 매일 수집하는 최신 금융 데이터를 공간 단위로 재가공해 월별로 제공하고 있습니다.
"
29976,"202107 전국 시군구단위 대출정보 데이터","본 데이터는 KCB가 각 금융사들로부터 매일 수집하는 최신 금융 데이터를 공간 단위로 재가공해 월별로 제공하고 있습니다.
"
29975,"202107 전국 시도단위 대출정보 데이터","본 데이터는 KCB가 각 금융사들로부터 매일 수집하는 최신 금융 데이터를 공간 단위로 재가공해 월별로 제공하고 있습니다.
"
29974,"202107 전국 행정동단위 소비정보 데이터",본 데이터는 KCB가 각 금융사들로부터 매일 수집하는 최신 금융 데이터를 공간 단위로 재가공해 월별로 제공하고 있습니다.
29973,"202107 전국 시군구단위 소비정보 데이터",본 데이터는 KCB가 각 금융사들로부터 매일 수집하는 최신 금융 데이터를 공간 단위로 재가공해 월별로 제공하고 있습니다.
29972,"202107 전국 시도단위 소비정보 데이터",본 데이터는 KCB가 각 금융사들로부터 매일 수집하는 최신 금융 데이터를 공간 단위로 재가공해 월별로 제공하고 있습니다.
29971,"202107 전국 행정동단위 소득정보 데이터",본 데이터는 KCB가 각 금융사들로부터 매일 수집하는 최신 금융 데이터를 공간 단위로 재가공해 월별로 제공하고 있습니다.
29970,"202107 전국 시군구단위 소득정보 데이터","본 데이터는 KCB가 각 금융사들로부터 매일 수집하는 최신 금융 데이터를 공간 단위로 재가공해 월별로 제공하고 있습니다.
"
29969,"202107 전국 시도단위 소득정보 데이터",본 데이터는 KCB가 각 금융사들로부터 매일 수집하는 최신 금융 데이터를 공간 단위로 재가공해 월별로 제공하고 있습니다.
29968,가맹점 정보 데이터 ,"카드사에 등록된 가맹점 상호명, 위치, 대/중/소 분류, 개폐업 정보 데이터"
29967,식신 사용자 음식점 평가 후기 (맞춤데이터),"- 맞춤데이터로 데이터수량이 변경된 상품입니다.
"
29954,"202107 포털 인기검색 맛집 트렌드",대한민국 NO. 맛집 서비스 식신에서 발행한 매거진을 페이지 뷰 순으로 나열한 데이터입니다.
29953,"202107 전국 시도별 맛집 PV 순위",대한민국 NO. 맛집 서비스 식신 사용자가 한 접속 지역과 당시 조회한 맛집의 페이지 뷰 순위 데이터입니다.
29952,"202107 요일별 인기업종 카테고리 데이터",대한민국 NO. 맛집 서비스 식신 사용자가 요일별로 조회하는 맛집의 업종 카테고리 데이터입니다.
29951,"202107 사용자 선호 맛집 가격 분포",대한민국 NO.1 맛집 서비스 식신 사용자의 성별별 선호 맛집과 대표메뉴의 가격 분포 데이터입니다. 
29950,"202107 직장인 업종별 식권 사용 주 시간대",식신e식권 가맹점을 대상으로 직장인들의 식권 결제시간 분포 통계 데이터입니다. 
29949,"202107 기업과 가맹점 거리별 이용통계",식신e식권 이용기업과 가맹점 거리별 이용통계입니다. 해당 데이터를 통해 식당까지의 거리와 고객 식당 선택 여부가 관계 있는지 살펴볼 수 있습니다.
29948,"202107 사용자 성별별 관심 맛집 데이터",대한민국 NO.1 맛집 서비스 식신 사용자의 성별별로 관심을 갖는 맛집 데이터입니다.
29947,"202107 사용자 연령대별 관심 맛집 데이터",대한민국 NO.1 맛집 서비스 식신 사용자의 연령대별로 관심을 갖는 맛집 데이터입니다.
29946,"202107 외식 키워드",대한민국 NO.1 맛집 서비스 식신을 방문하는 사용자들이 주로 검색하는 키워드 데이터입니다.
29945,"202107 가맹점 조중석식 운영현황","식신e식권의 가맹점 업종별 조중석식 운영 현황 데이터입니다. 아침, 점심, 저녁 등 식사 시간 때 주로 어떤 식당 업종을 많이 이용하는지 살펴볼 수 있습니다."
29944,"202107 직장인 기업 석식 이용 통계",식신e식권을 이용하는 직장인들의 석식 이용 통계입니다.
29943,"202107 계절별 인기 메뉴",대한민국 NO.1 맛집 서비스 식신의 사용자가 각 계절마다 많이 조회하는 맛집의 메뉴 데이터입니다.
29931,"2021 2Q 직장인 식권 취급기업 정보",식신E식권을 이용하는 기업의 정보 데이터로 기업 업종 지역별 사용 인원 비율을 알 수 있습니다. 본 상품은 협의 후 구매가 가능합니다.
29930,직장인 식권 취급음식점 POI,식신e식권에 가입되어 있는 전국 가맹점 POI 주소 데이터입니다. 본 상품은 협의 후 구매가 가능합니다.
29929,"202107 요일별 직장인 방문 음식점 업종 TOP 5",식신E식권을 이용하는 직장인들의 요일별 방문 음식점 업종 TOP 5 데이터입니다. 요일별로 가장 인기 있는 음식 업종을 살펴볼 수 있습니다.
29928,"202107 기업 업종별 점심식대 평균",식신E식권 도입 기업의 종목별 식대 소비 통계 데이터입니다. 종목이 각기 다른 기업의 행정구역별 식대를 비교할 수 있습니다.
29927,"202107 요일별 직장인 점심식대 평균",식신E식권을 이용하는 직장인들의 요일별 점심 식대 소비 통계 데이터입니다. 직장인들이 요일별로 어떤 음식점 업종을 주로 이용하는지 살펴볼 수 있습니다.
29926,"202107 서울 직장인 점심식대 금액 평균",식신E식권을 이용하는 직장인들의 서울특별시 구단위 별 점심 식대 소비 통계 데이터입니다.
29925,"202107 전국 직장인 점심식대 금액 평균",식신E식권을 이용하는 직장인들의 대도시별 점심 식대 소비 통계 데이터 입니다. 대도시별 직장인들의 점심 식대 사용 금액을 대략적으로 비교할 수 있습니다.
29924,직장인 점심 식대 소비 통계,"식신E식권을 이용하는 직장인들의 점심 식대 소비 통계 데이터입니다. 구별, 음식 카테고리별, 삼식별(조식, 점심, 저녁 등) 평균 이용 횟수를 확인할 수 있습니다. "
29923,"202107 맛집별 조회 통계",식신에 등록되어 있는 음식점의 사용자 조회 데이터로 인기 매장과 인기 음식 카테고리 정보를 볼 수 있습니다. 
29922,"202107 음식 메뉴 및 가격 정보",식신이 수집한 전국 음식점 POI의 메뉴판을 기반으로 한 메뉴별 가격 정보 데이터입니다.
29921,큐레이션 푸드 매거진 컨텐츠,대한민국 NO.1 맛집 서비스 식신이 주제별로 선정한 맛집을 소개하는 기획기사형 매거진 데이터입니다. 
29920,식신 사용자 음식점 평가 후기,"식신 사용자가 음식점을 직접 방문해보고 경험한 맛, 서비스 등 음식점에 대한 평가를 모은 리뷰 데이터입니다."
29919,전국 음식점 이미지,"대한민국 No.1 맛집 서비스 식신이 자체 촬영하거나, 식신 사용자가 업로드한 음식점 이미지 데이터입니다. "
29918,전국 핫플레이스 권역 정보 (폴리곤),"전국 인기 지역(핫플레이스)을 권역별로 설정한 좌표 데이터입니다.
"
29917,"202107 전국 일반 맛집 정보",대한민국 NO.1 맛집 서비스 식신이 수집한 전국에 위치한 일반 음식점 POI 데이터입니다.
29916,"202107 전국 인기 맛집 정보",대한민국 NO.1 맛집 서비스 식신이 수집하고 관리하는 국내 인기 맛집 (핫플레이스) POI 데이터입니다.
29915,"202107 전국 BEST 맛집 정보",대한민국 NO.1 맛집 서비스 식신이 엄선한 전국 Best 맛집의 상세한 정보가 담긴 POI 데이터입니다.
29914,전국 대학 건전성 관련 지표 데이터,"MBN데이터취재팀이 수집, 가공한 전국 대학 200여 곳의 건전성 관련 지표 데이터입니다. 
각 대학의 신입생 등록률, 재학생 충원율, 재학생 수, 등록금 수입, 재정지원 데이터를 포함하고 있습니다. "
29913,"2021년도 2분기_온누리스토어 판매데이터","2021년 2분기 온누리스토어(온라인몰) 판매내역 
: 해당 자료는 국내 최대규모의 온라인 헬스케어몰 온누리 스토어의 모든 카테고리 판매자료입니다. "
29912,"2021년도 2분기 온누리회원약국 제품 공급 내역","2021년도 2분기 온누리회원약국 제품공급 내역 - 모든 카테고리
:해당 자료는 전국 2200여개의 온누리 약국체인으로 공급되고 있는 온누리에이치엔씨의 제품의 약 47개 카테고리 정보입니다."
29908,"202106 전국 행정동단위 SOHO 데이터","본 데이터는 KCB가 각 금융사들로부터 매일 수집하는 최신 금융 데이터를 공간 단위로 재가공해 월별로 제공하고 있습니다.
"
29907,"202106 전국 시군구단위 SOHO 데이터","본 데이터는 KCB가 각 금융사들로부터 매일 수집하는 최신 금융 데이터를 공간 단위로 재가공해 월별로 제공하고 있습니다.
"
29858,"2021년 7월 일별 인기기사 Top10","&quot;2021년 7월 국내 2200개 미디어의  일별 인기기사 Top10 데이터입니다.
DATE: 날짜        RANK: 일별 순위        ART_SJ_CN: 기사 제목        URL_ADDR: 해당 기사 링크&quot;"
29857,"2021년 7월 일별 발행 기사 수 분석 데이터","2021년 7월 국내 2200개 미디어의  일별 발행 기사 수 분석데이터입니다.
date: 일자        trfic_ct: 발행 기사 수"
29856,"2021년 7월 카테고리별 방문 pv","&quot;2021년 7월 국내 2200개 미디어의  카테고리별 방문 pv 데이터입니다.
cgr_nm: 카테고리 명[연예/스포츠, 경제/전문지, 종합일간지, 인터넷신문, 방송/통신사]        
dable_pv_per_user: 인당 트래픽 수 입니다&quot;"
29855,"2021년 7월 미디어 모바일 트래픽 인덱스","&quot;2021년 7월 국내 2200개 미디어의 모바일 트래픽 데이터입니다.
- 2개의 인덱스를 기준으로 책정된 트래픽 수치입니다[2019 일별 전체 트래픽의 평균, 2019년 각 시간대별 평균]
- 기준_트래픽 ; STD_TRFIC(100기준) &quot;"
29854,"2021년 7월 미디어 SNS 트렌드 데이터","&quot;2021년 7월 국내 2200개 미디어의  SNS 트렌드 데이터입니다.
유입경로의 비율을 통해 어떤 유입경로가 유의미한지 알 수 있습니다.
DATE,
CGR_NM, [카테고리 명]
- 종합일간지&#39;,&#39;인터넷신문&#39;,&#39;경제지&#39;,&#39;전문지&#39;,&#39;연예&#39;
&quot;"
29853,"2021년 7월 미디어 방문자 유입 경로 추정 데이터","&quot;2021년 7월의 국내 1500개 미디어의 방문자 유입 경로 추정 데이터입니다.
INFW_CRS_KIND_NM[유입경로 종류 이름] 
-Direct : 직접경로 
-Others: 기타&quot;"
29852,"2021년 7월 미디어 방문자 연령대 추정 데이터","2021년 7월의 국내 1500개 미디어의 방문자 연령대 추정 데이터입니다."
29851,"2021년 7월 미디어 방문자 성별 추정 데이터","&quot;2021년 7월의
국내외 1500개 미디어의 방문자 성별 추정 데이터입니다.
Gender Code: [남성 : 1 /여성 : 2]&quot;"
29850,"2021년 7월 미디어 방문자 브라우저 추정 데이터","2021년 7월의 국내 1500개 미디어의 방문자 브라우저 추정 데이터입니다."
29849,"2021년 7월 미디어 방문자 OS 추정 데이터","2021년 7월 국내 1500개 미디어의 방문자 OS 추정 데이터입니다."
29848,"2021년도 1분기_온누리스토어 판매데이터","2021년 1분기 온누리스토어(온라인몰) 판매내역 
: 해당 자료는 국내 최대규모의 온라인 헬스케어몰 온누리 스토어의 모든 카테고리 판매자료입니다. "
29847,"2021년도 1분기 온누리회원약국 제품 공급 내역","2021년도 1분기 온누리회원약국 제품공급 내역 - 모든 카테고리
:해당 자료는 전국 2200여개의 온누리 약국체인으로 공급되고 있는 온누리에이치엔씨의 제품의 약 47개 카테고리 정보입니다."
29846,"2021년도 1분기 온누리약국 고객판매 내역","2021년도 1분기  온누리약국 고객판매 내역
:해당 자료는 전국 2200여개의 온누리 약국체인중 500여개 회원약국의 고객 매출(판매pos) 정보 입니다."
29844,"2021년 1월 일별 인기기사 Top10","2021년 1월 국내 2200개 미디어의  일별 인기기사 Top10 데이터입니다.
DATE: 날짜	RANK: 일별 순위	ART_SJ_CN: 기사 제목	URL_ADDR: 해당 기사 링크"
29843,"2021년 1월 일별 발행 기사 수 분석 데이터","2021년 1월 국내 2200개 미디어의  일별 발행 기사 수 분석데이터입니다.
date: 일자	trfic_ct: 발행 기사 수"
29842,"2021년 1월 카테고리별 방문 pv","2021년 1월 국내 2200개 미디어의  카테고리별 방문 pv 데이터입니다.
cgr_nm: 카테고리 명[연예/스포츠, 경제/전문지, 종합일간지, 인터넷신문, 방송/통신사]	
dable_pv_per_user: 인당 트래픽 수 입니다
"
29841,"2021년 1월 미디어 모바일 트래픽 인덱스","2021년 1월 국내 2200개 미디어의 모바일 트래픽 데이터입니다.
- 2개의 인덱스를 기준으로 책정된 트래픽 수치입니다[2019 일별 전체 트래픽의 평균, 2019년 각 시간대별 평균]
- 기준_트래픽 ; STD_TRFIC(100기준) 

"
29840,"2021년 1월 미디어 SNS 트렌드 데이터","2021년 1월 국내 2200개 미디어의  SNS 트렌드 데이터입니다.
유입경로의 비율을 통해 어떤 유입경로가 유의미한지 알 수 있습니다.
DATE,
CGR_NM, [카테고리 명]
- 종합일간지&#39;,&#39;인터넷신문&#39;,&#39;경제지&#39;,&#39;전문지&#39;,&#39;연예&#39;

"
29839,"2021년 1월 미디어 방문자 유입 경로 추정 데이터","2021년 1월의 국내 1500개 미디어의 방문자 유입 경로 추정 데이터입니다.
INFW_CRS_KIND_NM[유입경로 종류 이름] 
-Direct : 직접경로 
-Others: 기타"
29838,"2021년 1월 미디어 방문자 연령대 추정 데이터	","2021년 1월의 국내 1500개 미디어의 방문자 연령대 추정 데이터입니다."
29837,"2021년 1월 미디어 방문자 성별 추정 데이터","2021년 1월의
국내외 1500개 미디어의 방문자 성별 추정 데이터입니다.
Gender Code: [남성 : 1 /여성 : 2]"
29836,"2021년 1월 미디어 방문자 브라우저 추정 데이터","2021년 1월의 국내 1500개 미디어의 방문자 브라우저 추정 데이터입니다."
29835,"2021년 1월 미디어 방문자 OS 추정 데이터","2021년 1월 국내 1500개 미디어의 방문자 OS 추정 데이터입니다."
29834,AI 학습용 원시데이터 - MBN 프레스룸,"매경미디어그룹 MBN방송 동영상 데이터로  AI 인공지능 학습 활용 및 연구 개발 할 수 있는 원시 데이터 및 메타 데이터 셋을 제공 합니다.
(동영상 가격 및 제공 프로토콜은 협의)"
29833,AI 학습용 원시데이터 - MBN 뉴스와이드,"매경미디어그룹 MBN방송 동영상 데이터로  AI 인공지능 학습 활용 및 연구 개발 할 수 있는 원시 데이터 및 메타 데이터 셋을 제공 합니다.
(동영상 가격 및 제공 프로토콜은 협의)"
29832,AI 학습용 원시데이터 - 충무로 와글와글,"매경미디어그룹 MBN방송 동영상 데이터로  AI 인공지능 학습 활용 및 연구 개발 할 수 있는 원시 데이터 및 메타 데이터 셋을 제공 합니다.
(동영상 가격 및 제공 프로토콜은 협의)"
29831,AI 학습용 원시데이터 - 전국네트워크뉴스,"매경미디어그룹 MBN방송 동영상 데이터로  AI 인공지능 학습 활용 및 연구 개발 할 수 있는 원시 데이터 및 메타 데이터 셋을 제공 합니다.
(동영상 가격 및 제공 프로토콜은 협의)"
29830,AI 학습용 원시데이터 - 영자의 전성시대,"매경미디어그룹 MBN방송 동영상 데이터로  AI 인공지능 학습 활용 및 연구 개발 할 수 있는 원시 데이터 및 메타 데이터 셋을 제공 합니다.
(동영상 가격 및 제공 프로토콜은 협의)"
29829,AI 학습용 원시데이터 - 아침 &amp; 매일경제,"매경미디어그룹 MBN방송 동영상 데이터로  AI 인공지능 학습 활용 및 연구 개발 할 수 있는 원시 데이터 및 메타 데이터 셋을 제공 합니다.
(동영상 가격 및 제공 프로토콜은 협의)"
29828,AI 학습용 원시데이터 - 아내가 사라졌다,"매경미디어그룹 MBN방송 동영상 데이터로  AI 인공지능 학습 활용 및 연구 개발 할 수 있는 원시 데이터 및 메타 데이터 셋을 제공 합니다.
(동영상 가격 및 제공 프로토콜은 협의)"
29827,AI 학습용 원시데이터 - 뽀빠이 팔도 유람기,"매경미디어그룹 MBN방송 동영상 데이터로  AI 인공지능 학습 활용 및 연구 개발 할 수 있는 원시 데이터 및 메타 데이터 셋을 제공 합니다.
(동영상 가격 및 제공 프로토콜은 협의)"
29826,AI 학습용 원시데이터 - 맛있는 수다,"매경미디어그룹 MBN방송 동영상 데이터로  AI 인공지능 학습 활용 및 연구 개발 할 수 있는 원시 데이터 및 메타 데이터 셋을 제공 합니다.
(동영상 가격 및 제공 프로토콜은 협의)"
29825,AI 학습용 원시데이터 - 대박의 비밀,"매경미디어그룹 MBN방송 동영상 데이터로  AI 인공지능 학습 활용 및 연구 개발 할 수 있는 원시 데이터 및 메타 데이터 셋을 제공 합니다.
(동영상 가격 및 제공 프로토콜은 협의)"
29824,AI 학습용 원시데이터 - 뉴스파이터,"매경미디어그룹 MBN방송 동영상 데이터로  AI 인공지능 학습 활용 및 연구 개발 할 수 있는 원시 데이터 및 메타 데이터 셋을 제공 합니다.
(동영상 가격 및 제공 프로토콜은 협의)"
29821,KCB 지역별 직장소재지별 경제활동인구 연구용 통계 데이터,"실거주 지역과 근무지역간의 주소정보를 연결하여 생성한 지역단위 개인신용통계 정보로, 지역발전 및 주거-상업지역 발달 등과 관련된 연구에 활용 할 수 있도록 맞춤형으로 생성된 통계 데이터"
29820,온라인 제품군별 판매수량 및 판매가격 데이터(ex. 가전제품) ,"국내 온라인 마켓에 판매되고 있는 상품의 판매수량 및 가격정보를 raw 데이터, 시각화 보고서 등 다양한 형태로 제공하는 서비스입니다. 가전제품뿐 아니라 다양한 제품군, 산업군에 대해서도 문의주세요. "
29651,AI 학습용 원시데이터 - 굿모닝 MBN,"매경미디어그룹 MBN방송 동영상 데이터로  AI 인공지능 학습 활용 및 연구 개발 할 수 있는 원시 데이터 및 메타 데이터 셋을 제공 합니다.
(동영상 가격 및 제공 프로토콜은 협의)"
29650,"202107 포털검색/식품 품목별 검색광고 트렌드",포털 사이트에서 식품명을 검색했을 때 노출되는 광고 컨텐츠의 순위를 보여주는 데이터입니다.
29649,"202107 포털검색/식품 품목별 연관키워드","포털 사이트에서 식품명을 검색했을 때 표출되는 연관키워드, 컨텐츠 내의 태그 키워드를 보여주는 데이터입니다.
"
29648,"202107 포털검색/식품 품목별 경쟁사 트렌드","포털 사이트에서 식품명을 검색했을 때 판매되고 있는 상품들의 브랜드, 가격 등을 비교할 수 있는 데이터입니다."
29647,"202107 포털검색/식품 품목별 검색순위 정보",포털 사이트에서 식품명을 검색했을 때 표출되는 컨텐츠의 순위를 보여주는 데이터입니다.
29646,"202107 포털검색/맛집 지역별 신규상점",포털 사이트에서 지역명과 맛집 키워드 조합으로 검색했을 때 표출되는 새로 생긴 상점 정보 데이터입니다.
29645,"202107 포털검색/맛집 검색 상위노출 경쟁추이",포털 사이트에서 지역명과 맛집 키워드 조합으로 검색했을 때 표출되는 상위 컨텐츠의 순위를 보여주는 데이터입니다.
29644,"202107 포털검색/맛집 지역별 광고정보",포털 사이트에서 지역명과 맛집 키워드 조합으로 검색했을 때 표출되는 상위 컨텐츠의 순위를 보여주는 데이터입니다.
29643,"202107 포털검색/맛집 검색 추천연관어","포털 사이트에서 지역명과 맛집 키워드 조합으로 검색했을 때 표출되는 연관키워드, 컨텐츠 내의 태그 키워드를 보여주는 데이터입니다."
29642,"202107 포털검색/맛집 검색순위 정보",포털 사이트에서 지역명과 맛집 키워드 조합으로 검색했을 때 표출되는 컨텐츠의 순위를 보여주는 데이터입니다.
29619,"202106 전국 행정동단위 SOHO 데이터","본 데이터는 KCB가 각 금융사들로부터 매일 수집하는 최신 금융 데이터를 공간 단위로 재가공해 월별로 제공하고 있습니다.
"
29618,"202106 전국 시군구단위 SOHO 데이터","본 데이터는 KCB가 각 금융사들로부터 매일 수집하는 최신 금융 데이터를 공간 단위로 재가공해 월별로 제공하고 있습니다.
"
29617,"202106 전국 시도단위 SOHO 데이터","본 데이터는 KCB가 각 금융사들로부터 매일 수집하는 최신 금융 데이터를 공간 단위로 재가공해 월별로 제공하고 있습니다.
"
29616,"202106 전국 행정동단위 하이엔드 데이터","본 데이터는 KCB가 각 금융사들로부터 매일 수집하는 최신 금융 데이터를 공간 단위로 재가공해 월별로 제공하고 있습니다.
"
29615,"202106 전국 시군구단위 하이엔드 데이터","본 데이터는 KCB가 각 금융사들로부터 매일 수집하는 최신 금융 데이터를 공간 단위로 재가공해 월별로 제공하고 있습니다.
"
29614,"202106 전국 시도단위 하이엔드 데이터","본 데이터는 KCB가 각 금융사들로부터 매일 수집하는 최신 금융 데이터를 공간 단위로 재가공해 월별로 제공하고 있습니다.
"
29613,"202106 전국 행정동단위 자산평가 데이터","본 데이터는 KCB가 각 금융사들로부터 매일 수집하는 최신 금융 데이터를 공간 단위로 재가공해 월별로 제공하고 있습니다.
"
29612,"202106 전국 시군구단위 자산평가 데이터","본 데이터는 KCB가 각 금융사들로부터 매일 수집하는 최신 금융 데이터를 공간 단위로 재가공해 월별로 제공하고 있습니다.
"
29611,"202106 전국 시도단위 자산평가 데이터","본 데이터는 KCB가 각 금융사들로부터 매일 수집하는 최신 금융 데이터를 공간 단위로 재가공해 월별로 제공하고 있습니다.
"
29610,"202106 전국 행정동단위 예금여력 데이터","본 데이터는 KCB가 각 금융사들로부터 매일 수집하는 최신 금융 데이터를 공간 단위로 재가공해 월별로 제공하고 있습니다.
"
29609,"202106 전국 시군구단위 예금여력 데이터","본 데이터는 KCB가 각 금융사들로부터 매일 수집하는 최신 금융 데이터를 공간 단위로 재가공해 월별로 제공하고 있습니다.
"
29608,"202106 전국 시도단위 예금여력 데이터","본 데이터는 KCB가 각 금융사들로부터 매일 수집하는 최신 금융 데이터를 공간 단위로 재가공해 월별로 제공하고 있습니다.
"
29607,"202106 전국 행정동단위 연체정보 데이터","본 데이터는 KCB가 각 금융사들로부터 매일 수집하는 최신 금융 데이터를 공간 단위로 재가공해 월별로 제공하고 있습니다.
"
29606,"202106 전국 시군구단위 연체정보 데이터","본 데이터는 KCB가 각 금융사들로부터 매일 수집하는 최신 금융 데이터를 공간 단위로 재가공해 월별로 제공하고 있습니다.
"
29605,"202106 전국 시도단위 연체정보 데이터","본 데이터는 KCB가 각 금융사들로부터 매일 수집하는 최신 금융 데이터를 공간 단위로 재가공해 월별로 제공하고 있습니다.
"
29604,"202106 전국 행정동단위 대출정보 데이터","본 데이터는 KCB가 각 금융사들로부터 매일 수집하는 최신 금융 데이터를 공간 단위로 재가공해 월별로 제공하고 있습니다.
"
29603,"202106 전국 시군구단위 대출정보 데이터","본 데이터는 KCB가 각 금융사들로부터 매일 수집하는 최신 금융 데이터를 공간 단위로 재가공해 월별로 제공하고 있습니다.
"
29602,"202106 전국 시도단위 대출정보 데이터","KCB 전국 시도단위 대출정보 데이터
- 집계 기간: 2021.06 (1개월)
- 집계 차원: 전국, 행정동
- 집계 값: 
   * 기준년월 STD_YM
   * 블록구분코드 BLCK_SP_CD
   * 시도코드 CTPV_CD
   * 시도명 CTP"
29596,"202106 전국 행정동단위 소비정보 데이터","본 데이터는 KCB가 각 금융사들로부터 매일 수집하는 최신 금융 데이터를 공간 단위로 재가공해 월별로 제공하고 있습니다.
"
29595,"202106 전국 시군구단위 소비정보 데이터","본 데이터는 KCB가 각 금융사들로부터 매일 수집하는 최신 금융 데이터를 공간 단위로 재가공해 월별로 제공하고 있습니다.
"
29594,"202106 전국 시도단위 소비정보 데이터","본 데이터는 KCB가 각 금융사들로부터 매일 수집하는 최신 금융 데이터를 공간 단위로 재가공해 월별로 제공하고 있습니다.
"
29593,"202106 전국 행정동단위 소득정보 데이터","본 데이터는 KCB가 각 금융사들로부터 매일 수집하는 최신 금융 데이터를 공간 단위로 재가공해 월별로 제공하고 있습니다.
"
29592,"202106 전국 시군구단위 소득정보 데이터","본 데이터는 KCB가 각 금융사들로부터 매일 수집하는 최신 금융 데이터를 공간 단위로 재가공해 월별로 제공하고 있습니다.
"
29591,"202106 전국 시도단위 소득정보 데이터","본 데이터는 KCB가 각 금융사들로부터 매일 수집하는 최신 금융 데이터를 공간 단위로 재가공해 월별로 제공하고 있습니다.
"
29579,"202105 전국 행정동단위 SOHO 데이터","본 데이터는 KCB가 각 금융사들로부터 매일 수집하는 최신 금융 데이터를 공간 단위로 재가공해 월별로 제공하고 있습니다.
"
29576,"202105 전국 시군구단위 SOHO 데이터","본 데이터는 KCB가 각 금융사들로부터 매일 수집하는 최신 금융 데이터를 공간 단위로 재가공해 월별로 제공하고 있습니다.
"
29572,"202105 전국 시도단위 SOHO 데이터","본 데이터는 KCB가 각 금융사들로부터 매일 수집하는 최신 금융 데이터를 공간 단위로 재가공해 월별로 제공하고 있습니다.
"
29571,"202105 전국 행정동단위 하이엔드 데이터","본 데이터는 KCB가 각 금융사들로부터 매일 수집하는 최신 금융 데이터를 공간 단위로 재가공해 월별로 제공하고 있습니다.
"
29564,"202105 전국 시군구단위 하이엔드 데이터","본 데이터는 KCB가 각 금융사들로부터 매일 수집하는 최신 금융 데이터를 공간 단위로 재가공해 월별로 제공하고 있습니다.
"
29558,"202105 전국 시도단위 하이엔드 데이터","본 데이터는 KCB가 각 금융사들로부터 매일 수집하는 최신 금융 데이터를 공간 단위로 재가공해 월별로 제공하고 있습니다.
"
29554,"202105 전국 행정동단위 자산평가 데이터","본 데이터는 KCB가 각 금융사들로부터 매일 수집하는 최신 금융 데이터를 공간 단위로 재가공해 월별로 제공하고 있습니다.
"
29551,"202105 전국 시군구단위 자산평가 데이터","본 데이터는 KCB가 각 금융사들로부터 매일 수집하는 최신 금융 데이터를 공간 단위로 재가공해 월별로 제공하고 있습니다.
"
29550,"202105 전국 시도단위 자산평가 데이터","본 데이터는 KCB가 각 금융사들로부터 매일 수집하는 최신 금융 데이터를 공간 단위로 재가공해 월별로 제공하고 있습니다.
"
29549,"202105 전국 행정동단위 예금여력 데이터","본 데이터는 KCB가 각 금융사들로부터 매일 수집하는 최신 금융 데이터를 공간 단위로 재가공해 월별로 제공하고 있습니다.
"
29548,"202105 전국 시군구단위 예금여력 데이터","본 데이터는 KCB가 각 금융사들로부터 매일 수집하는 최신 금융 데이터를 공간 단위로 재가공해 월별로 제공하고 있습니다.
"
29547,"202105 전국 시도단위 예금여력 데이터","본 데이터는 KCB가 각 금융사들로부터 매일 수집하는 최신 금융 데이터를 공간 단위로 재가공해 월별로 제공하고 있습니다.
"
29546,"202105 전국 행정동단위 연체정보 데이터","본 데이터는 KCB가 각 금융사들로부터 매일 수집하는 최신 금융 데이터를 공간 단위로 재가공해 월별로 제공하고 있습니다.
"
29545,"202105 전국 시군구단위 연체정보 데이터","본 데이터는 KCB가 각 금융사들로부터 매일 수집하는 최신 금융 데이터를 공간 단위로 재가공해 월별로 제공하고 있습니다.
"
29544,"202105 전국 시도단위 연체정보 데이터","본 데이터는 KCB가 각 금융사들로부터 매일 수집하는 최신 금융 데이터를 공간 단위로 재가공해 월별로 제공하고 있습니다.
"
29543,"202105 전국 행정동단위 대출정보 데이터","본 데이터는 KCB가 각 금융사들로부터 매일 수집하는 최신 금융 데이터를 공간 단위로 재가공해 월별로 제공하고 있습니다.
"
29542,"202105 전국 시군구단위 대출정보 데이터","본 데이터는 KCB가 각 금융사들로부터 매일 수집하는 최신 금융 데이터를 공간 단위로 재가공해 월별로 제공하고 있습니다.
"
29541,"202105 전국 시도단위 대출정보 데이터","본 데이터는 KCB가 각 금융사들로부터 매일 수집하는 최신 금융 데이터를 공간 단위로 재가공해 월별로 제공하고 있습니다.
"
29540,"202105 전국 행정동단위 소비정보 데이터","본 데이터는 KCB가 각 금융사들로부터 매일 수집하는 최신 금융 데이터를 공간 단위로 재가공해 월별로 제공하고 있습니다.
"
29539,"202105 전국 시군구단위 소비정보 데이터","본 데이터는 KCB가 각 금융사들로부터 매일 수집하는 최신 금융 데이터를 공간 단위로 재가공해 월별로 제공하고 있습니다.
"
29538,"202105 전국 시도단위 소비정보 데이터",본 데이터는 KCB가 각 금융사들로부터 매일 수집하는 최신 금융 데이터를 공간 단위로 재가공해 월별로 제공하고 있습니다.
29537,"202105 전국 행정동단위 소득정보 데이터","본 데이터는 KCB가 각 금융사들로부터 매일 수집하는 최신 금융 데이터를 공간 단위로 재가공해 월별로 제공하고 있습니다.
"
29536,"202105 전국 시군구단위 소득정보 데이터",본 데이터는 KCB가 각 금융사들로부터 매일 수집하는 최신 금융 데이터를 공간 단위로 재가공해 월별로 제공하고 있습니다.
29534,"202105 전국 시도단위 소득정보 데이터",본 데이터는 KCB가 각 금융사들로부터 매일 수집하는 최신 금융 데이터를 공간 단위로 재가공해 월별로 제공하고 있습니다.
29516,"202106 포털 인기검색 맛집 트렌드",대한민국 NO. 맛집 서비스 식신에서 발행한 매거진을 페이지 뷰 순으로 나열한 데이터입니다.
29515,"202106 전국 시도별 맛집 PV 순위",대한민국 NO. 맛집 서비스 식신 사용자가 한 접속 지역과 당시 조회한 맛집의 페이지 뷰 순위 데이터입니다.
29514,"202106 요일별 인기업종 카테고리 데이터 인기맛집",대한민국 NO. 맛집 서비스 식신 사용자가 요일별로 조회하는 맛집의 업종 카테고리 데이터입니다.
29513,"202106 사용자 선호 맛집 가격 분포",대한민국 NO.1 맛집 서비스 식신 사용자의 성별별 선호 맛집과 대표메뉴의 가격 분포 데이터입니다. 
29512,"202106 직장인 업종별 식권 사용 주 시간대",식신e식권 가맹점을 대상으로 직장인들의 식권 결제시간 분포 통계 데이터입니다. 
29511,"202106 기업과 가맹점 거리별 이용통계",식신e식권 이용기업과 가맹점 거리별 이용통계입니다. 해당 데이터를 통해 식당까지의 거리와 고객 식당 선택 여부가 관계 있는지 살펴볼 수 있습니다.
29510,"202106 사용자 성별별 관심 맛집 데이터",대한민국 NO.1 맛집 서비스 식신 사용자의 성별별로 관심을 갖는 맛집 데이터입니다.
29509,"202106 사용자 연령대별 관심 맛집 데이터",대한민국 NO.1 맛집 서비스 식신 사용자의 연령대별로 관심을 갖는 맛집 데이터입니다.
29508,"202106 외식 키워드",대한민국 NO.1 맛집 서비스 식신을 방문하는 사용자들이 주로 검색하는 키워드 데이터입니다.
29507,"202106 가맹점 조중석식 운영현황","식신e식권의 가맹점 업종별 조중석식 운영 현황 데이터입니다. 아침, 점심, 저녁 등 식사 시간 때 주로 어떤 식당 업종을 많이 이용하는지 살펴볼 수 있습니다."
29506,"202106 직장인 기업 석식 이용 통계",식신e식권을 이용하는 직장인들의 석식 이용 통계입니다. 해당 데이터를 통해 야간 근무가 많은 기업 분야가 어디인지 살펴볼 수 있습니다.
29505,"202106 계절별 인기 메뉴 계절메뉴",대한민국 NO.1 맛집 서비스 식신의 사용자가 각 계절마다 많이 조회하는 맛집의 메뉴 데이터입니다.
29504,직장인 식권 취급음식점 POI,식신e식권에 가입되어 있는 전국 가맹점 POI 주소 데이터입니다. 본 상품은 협의 후 구매가 가능합니다.
29503,"202106 요일별 직장인 방문 음식점 업종 TOP 5",식신E식권을 이용하는 직장인들의 요일별 방문 음식점 업종 TOP 5 데이터입니다. 요일별로 가장 인기 있는 음식 업종을 살펴볼 수 있습니다.
29502,"202106 기업 업종별 점심식대 평균",식신E식권 도입 기업의 종목별 식대 소비 통계 데이터입니다. 종목이 각기 다른 기업의 행정구역별 식대를 비교할 수 있습니다.
29501,"202106 요일별 직장인 점심식대 평균",식신E식권을 이용하는 직장인들의 요일별 점심 식대 소비 통계 데이터입니다. 직장인들이 요일별로 어떤 음식점 업종을 주로 이용하는지 살펴볼 수 있습니다.
29500,"202106 서울 직장인 점심식대 금액 평균",식신E식권을 이용하는 직장인들의 서울특별시 구단위 별 점심 식대 소비 통계 데이터입니다.
29499,"202106 전국 직장인 점심식대 금액 평균",식신E식권을 이용하는 직장인들의 대도시별 점심 식대 소비 통계 데이터 입니다. 대도시별 직장인들의 점심 식대 사용 금액을 대략적으로 비교할 수 있습니다.
29498,직장인 점심 식대 소비 통계,"식신E식권을 이용하는 직장인들의 점심 식대 소비 통계 데이터입니다. 구별, 음식 카테고리별, 삼식별(조식, 점심, 저녁 등) 평균 이용 횟수를 확인할 수 있습니다. "
29497,"202106 맛집별 조회 통계",식신에 등록되어 있는 음식점의 사용자 조회 데이터로 인기 매장과 인기 음식 카테고리 정보를 볼 수 있습니다. 
29496,"202106 음식 메뉴 및 가격 정보",식신이 수집한 전국 음식점 POI의 메뉴판을 기반으로 한 메뉴별 가격 정보 데이터입니다. 
29495,큐레이션 푸드 매거진 컨텐츠,대한민국 NO.1 맛집 서비스 식신이 주제별로 선정한 맛집을 소개하는 기획기사형 매거진 데이터입니다.
29494,식신 사용자 음식점 평가 후기,"식신 사용자가 음식점을 직접 방문해보고 경험한 맛, 서비스 등 음식점에 대한 평가를 모은 리뷰 데이터입니다."
29493,전국 음식점 이미지,"대한민국 No.1 맛집 서비스 식신이 자체 촬영하거나, 식신 사용자가 업로드한 음식점 이미지 데이터입니다."
29492,"202106 전국 일반 맛집 정보",대한민국 NO.1 맛집 서비스 식신이 수집한 전국에 위치한 일반 음식점 POI 데이터입니다.
29491,"202106 전국 인기 맛집 정보",대한민국 NO.1 맛집 서비스 식신이 수집하고 관리하는 국내 인기 맛집 (핫플레이스) POI 데이터입니다. 
29490,"202106 전국 BEST 맛집 정보",대한민국 NO.1 맛집 서비스 식신이 엄선한 전국 Best 맛집의 상세한 정보가 담긴 POI 데이터입니다.
29489,미디어 영향력 분석 데이터 및 리포트 ,"언론홍보 및 위기관리를 위한 미디어 영향력 분석 데이터 및 리포트입니다. 
(샘플 리포트 및 데이터는 추후 업로드될 예정입니다.) "
29457,편의점 도시락 및 삼각김밥 구매 고객 특징 (비식별 결합 데이터),"삼성카드의 소비자 및 상권 정보와 GS25의 편의점 품목 정보를 승인정보 기반 비식별(가명)결합하여 생산한 데이터.상권별,품목별 소비 고객의 자세한 분석이 가능"
29454,전기차 배터리 데이터,전기차 배터리 정보 제공
29453,코로나19 확진자 방문데이터,코로나맵에서 수집한 코로나 확진자들의 방문 데이터를 제공합니다. 
29279,[SKT]경상남도-창원시_202105_유입인구,"2021년 5월 창원시 유입인구"
29278,[SKT]경상남도-창원시_202105_서비스인구,"2021년 5월 창원시 서비스인구"
29267,GS25 상품카테고리 별 지역별 강세 분석_202105,"전국 시/군/구 단위로 편의점의 상품 매출 비율을 통계하여 제공 
각 지역의 상품 판매 평균과 전국 평균을 상품별로 비교하여 각 지역의 편의점 선호 상품을 제공함 
"
29266,지역별 GS25점포 매출분포_202105,"-. 전국 시/군/구 단위로 편의점 점포 매출수준을 통계하여 제공 
-. 각 지역의 점포별 매출수준을 그룹화하여 해당그룹에 어느정도의 점포가 포함되어 있는지를 수치화 하여 제공 
"
29265,GS25 상품카테고리 별 지역별 강세 분석_202104,"전국 시/군/구 단위로 편의점의 상품 매출 비율을 통계하여 제공 
각 지역의 상품 판매 평균과 전국 평균을 상품별로 비교하여 각 지역의 편의점 선호 상품을 제공함 
"
29264,지역별 GS25점포 매출분포_202104,"-. 전국 시/군/구 단위로 편의점 점포 매출수준을 통계하여 제공 
-. 각 지역의 점포별 매출수준을 그룹화하여 해당그룹에 어느정도의 점포가 포함되어 있는지를 수치화 하여 제공 
"
29217,"202105 포털 인기검색 맛집 트렌드",대한민국 NO. 맛집 서비스 식신에서 발행한 매거진을 페이지 뷰 순으로 나열한 데이터입니다.
29216,"202105 전국 시도별 맛집 PV 순위",대한민국 NO. 맛집 서비스 식신 사용자가 한 접속 지역과 당시 조회한 맛집의 페이지 뷰 순위 데이터입니다.
29215,"202105 요일별 인기업종 카테고리 데이터",대한민국 NO. 맛집 서비스 식신 사용자가 요일별로 조회하는 맛집의 업종 카테고리 데이터입니다.
29214,"202105 사용자 선호 맛집 가격 분포",대한민국 NO.1 맛집 서비스 식신 사용자의 성별별 선호 맛집과 대표메뉴의 가격 분포 데이터입니다. 
29213,"202105 직장인 업종별 식권 사용 주 시간대",식신e식권 가맹점을 대상으로 직장인들의 식권 결제시간 분포 통계 데이터입니다. 
29212,"202105 기업과 가맹점 거리별 이용통계",식신e식권 이용기업과 가맹점 거리별 이용통계입니다. 해당 데이터를 통해 식당까지의 거리와 고객 식당 선택 여부가 관계 있는지 살펴볼 수 있습니다.
29211,"202105 사용자 성별별 관심 맛집 데이터",대한민국 NO.1 맛집 서비스 식신 사용자의 성별별로 관심을 갖는 맛집 데이터입니다.
29210,"202105 사용자 연령대별 관심 맛집 데이터",대한민국 NO.1 맛집 서비스 식신 사용자의 연령대별로 관심을 갖는 맛집 데이터입니다.
29209,"202105 외식 키워드",대한민국 NO.1 맛집 서비스 식신을 방문하는 사용자들이 주로 검색하는 키워드 데이터입니다.
29208,"202105 가맹점 조중석식 운영현황","식신e식권의 가맹점 업종별 조중석식 운영 현황 데이터입니다. 아침, 점심, 저녁 등 식사 시간 때 주로 어떤 식당 업종을 많이 이용하는지 살펴볼 수 있습니다."
29207,"202105 직장인 기업 석식 이용 통계",식신e식권을 이용하는 직장인들의 석식 이용 통계입니다. 해당 데이터를 통해 야간 근무가 많은 기업 분야가 어디인지 살펴볼 수 있습니다.
29206,"202105 계절별 인기 메뉴",대한민국 NO.1 맛집 서비스 식신의 사용자가 각 계절마다 많이 조회하는 맛집의 메뉴 데이터입니다. 해당 데이터를 통해 계절 변화에 따라 선호하는 메뉴가 무엇인지 살펴볼 수 있습니다.
29205,직장인 식권 취급음식점 POI,식신e식권에 가입되어 있는 전국 가맹점 POI 주소 데이터입니다. 본 상품은 협의 후 구매가 가능합니다.
29204,"2021년 봄 계절별 직장인 방문 음식점 업종 TOP 5",식신E식권을 이용하는 직장인들의 계절별 방문 음식점 업종 TOP 5를 나타낸 데이터입니다.
29203,"202105 요일별 직장인 방문 음식점 업종 TOP 5",식신E식권을 이용하는 직장인들의 요일별 방문 음식점 업종 TOP 5 데이터입니다. 요일별로 가장 인기 있는 음식 업종을 살펴볼 수 있습니다.
29202,"202105 기업 업종별 점심식대 평균",식신E식권 도입 기업의 종목별 식대 소비 통계 데이터입니다. 종목이 각기 다른 기업의 행정구역별 식대를 비교할 수 있습니다.
29201,"202105 요일별 직장인 점심식대 평균",식신E식권을 이용하는 직장인들의 요일별 점심 식대 소비 통계 데이터입니다. 직장인들이 요일별로 어떤 음식점 업종을 주로 이용하는지 살펴볼 수 있습니다.
29200,"202105 서울 직장인 점심식대 금액 평균",식신E식권을 이용하는 직장인들의 서울특별시 구단위 별 점심 식대 소비 통계 데이터입니다.
29199,"202105 전국 직장인 점심식대 금액 평균",식신E식권을 이용하는 직장인들의 대도시별 점심 식대 소비 통계 데이터 입니다. 대도시별 직장인들의 점심 식대 사용 금액을 대략적으로 비교할 수 있습니다.
29198,직장인 점심 식대 소비 통계,"식신E식권을 이용하는 직장인들의 점심 식대 소비 통계 데이터입니다. 구별, 음식 카테고리별, 삼식별(조식, 점심, 저녁 등) 평균 이용 횟수를 확인할 수 있습니다. "
29197,"202105 맛집별 조회 통계",식신에 등록되어 있는 음식점의 사용자 조회 데이터로 인기 매장과 인기 음식 카테고리 정보를 볼 수 있습니다.
29196,"202105 음식 메뉴 및 가격 정보",식신이 수집한 전국 음식점 POI의 메뉴판을 기반으로 한 메뉴별 가격 정보 데이터입니다. 
29195,큐레이션 푸드 매거진 컨텐츠,대한민국 NO.1 맛집 서비스 식신이 주제별로 선정한 맛집을 소개하는 기획기사형 매거진 데이터입니다.
29194,식신 사용자 음식점 평가 후기,"식신 사용자가 음식점을 직접 방문해보고 경험한 맛, 서비스 등 음식점에 대한 평가를 모은 리뷰 데이터입니다."
29193,전국 음식점 이미지,"대한민국 No.1 맛집 서비스 식신이 자체 촬영하거나, 식신 사용자가 업로드한 음식점 이미지 데이터입니다."
29192,"202105 전국 일반 맛집 정보",대한민국 NO.1 맛집 서비스 식신이 수집한 전국에 위치한 일반 음식점 POI 데이터입니다.
29191,"202105 전국 인기 맛집 정보",대한민국 NO.1 맛집 서비스 식신이 수집하고 관리하는 국내 인기 맛집 (핫플레이스) POI 데이터입니다.
29190,코로나19 기간 상권별 유동인구 변화(20.01.01~21.05.31),"2020년 1월1일부터 2021년 5월31일까지 코로나 기간 동안의 상권별 유동인구 증감에 대한 데이터 상품 입니다."
29189,"202105 전국 BEST 맛집 정보",대한민국 NO.1 맛집 서비스 식신이 엄선한 전국 Best 맛집의 상세한 정보가 담긴 POI 데이터입니다.
29148,엘지유플러스 모바일TV 시청 통계(1년),"ㅇ 엘지유플러스 모바일TV 사용자의 시청정보 및 유료 콘텐츠 구매정보 기반 이용자 성별, 연령대별 집계한 시청 인사이트 통계정보
ㅇ 유플러스 모바일TV의 채널방송, VOD 시청행태
  - 월별, 시군구별, 성별, 연령대
ㅇ 12개월(1년) 단위로 제공"
29147,엘지유플러스 IPTV 시청 통계(1년),"ㅇ 450만 엘지유플러스 IPTV사용자의 시청정보를 기반으로 지역별 집계한 시청 인사이트 통계정보
ㅇ 장르별 주요 시청시간, 유료 콘텐츠 구매금액 등
ㅇ 12개월(1년) 단위로 제공"
29146,"유플러스 유동인구(광역시/도, 행정동)","ㅇ 유플러스 통신 신호를 바탕으로 집계한 보행/비보행 인구 데이터 (5G 포함, 전체 인구 보정)"
29145,"유플러스 유동인구 (광역시/도, 50mX50m) ","ㅇ 유플러스 통신 신호를 바탕으로 집계한 보행/비보행 인구 데이터 (5G 포함, 전체 인구 보정) "
29143,"유플러스 유동인구 (시/군/구, 50mX50m)","ㅇ 유플러스 통신 신호를 바탕으로 집계한 보행/비보행 인구 데이터 (5G 포함, 전체 인구 보정)"
29142,"202104 전국 행정동단위 SOHO 데이터",본 데이터는 KCB가 각 금융사들로부터 매일 수집하는 최신 금융 데이터를 공간 단위로 재가공해 월별로 제공하고 있습니다.
29141,"202104 전국 시군구단위 SOHO 데이터",본 데이터는 KCB가 각 금융사들로부터 매일 수집하는 최신 금융 데이터를 공간 단위로 재가공해 월별로 제공하고 있습니다.
29140,"202104 전국 시도단위 SOHO 데이터",본 데이터는 KCB가 각 금융사들로부터 매일 수집하는 최신 금융 데이터를 공간 단위로 재가공해 월별로 제공하고 있습니다.
29139,"202104 전국 행정동단위 하이엔드 데이터",본 데이터는 KCB가 각 금융사들로부터 매일 수집하는 최신 금융 데이터를 공간 단위로 재가공해 월별로 제공하고 있습니다.
29138,"202104 전국 시군구단위 하이엔드 데이터",본 데이터는 KCB가 각 금융사들로부터 매일 수집하는 최신 금융 데이터를 공간 단위로 재가공해 월별로 제공하고 있습니다.
29137,"202104 전국 시도단위 하이엔드 데이터",본 데이터는 KCB가 각 금융사들로부터 매일 수집하는 최신 금융 데이터를 공간 단위로 재가공해 월별로 제공하고 있습니다.
29136,"202104 전국 행정동단위 자산평가 데이터",본 데이터는 KCB가 각 금융사들로부터 매일 수집하는 최신 금융 데이터를 공간 단위로 재가공해 월별로 제공하고 있습니다.
29135,"202104 전국 시군구단위 자산평가 데이터",본 데이터는 KCB가 각 금융사들로부터 매일 수집하는 최신 금융 데이터를 공간 단위로 재가공해 월별로 제공하고 있습니다.
29134,"202104 전국 시도단위 자산평가 데이터",본 데이터는 KCB가 각 금융사들로부터 매일 수집하는 최신 금융 데이터를 공간 단위로 재가공해 월별로 제공하고 있습니다.
29133,"202104 전국 행정동단위 예금여력 데이터",본 데이터는 KCB가 각 금융사들로부터 매일 수집하는 최신 금융 데이터를 공간 단위로 재가공해 월별로 제공하고 있습니다.
29132,"202104 전국 시군구단위 예금여력 데이터",본 데이터는 KCB가 각 금융사들로부터 매일 수집하는 최신 금융 데이터를 공간 단위로 재가공해 월별로 제공하고 있습니다.
29131,"202104 전국 시도단위 예금여력 데이터",본 데이터는 KCB가 각 금융사들로부터 매일 수집하는 최신 금융 데이터를 공간 단위로 재가공해 월별로 제공하고 있습니다.
29130,"202104 전국 행정동단위 연체정보 데이터",본 데이터는 KCB가 각 금융사들로부터 매일 수집하는 최신 금융 데이터를 공간 단위로 재가공해 월별로 제공하고 있습니다.
29129,"202104 전국 시군구단위 연체정보 데이터",본 데이터는 KCB가 각 금융사들로부터 매일 수집하는 최신 금융 데이터를 공간 단위로 재가공해 월별로 제공하고 있습니다.
29128,"202104 전국 시도단위 연체정보 데이터",본 데이터는 KCB가 각 금융사들로부터 매일 수집하는 최신 금융 데이터를 공간 단위로 재가공해 월별로 제공하고 있습니다.
29127,"202104 전국 행정동단위 대출정보 데이터",본 데이터는 KCB가 각 금융사들로부터 매일 수집하는 최신 금융 데이터를 공간 단위로 재가공해 월별로 제공하고 있습니다.
29126,"202104 전국 시군구단위 대출정보 데이터",본 데이터는 KCB가 각 금융사들로부터 매일 수집하는 최신 금융 데이터를 공간 단위로 재가공해 월별로 제공하고 있습니다.
29125,"202104 전국 시도단위 대출정보 데이터",본 데이터는 KCB가 각 금융사들로부터 매일 수집하는 최신 금융 데이터를 공간 단위로 재가공해 월별로 제공하고 있습니다.
29124,"202104 전국 행정동단위 소비정보 데이터",본 데이터는 KCB가 각 금융사들로부터 매일 수집하는 최신 금융 데이터를 공간 단위로 재가공해 월별로 제공하고 있습니다.
29123,"202104 전국 시군구단위 소비정보 데이터",본 데이터는 KCB가 각 금융사들로부터 매일 수집하는 최신 금융 데이터를 공간 단위로 재가공해 월별로 제공하고 있습니다.
29122,"202104 전국 시도단위 소비정보 데이터",본 데이터는 KCB가 각 금융사들로부터 매일 수집하는 최신 금융 데이터를 공간 단위로 재가공해 월별로 제공하고 있습니다.
29121,"202104 전국 행정동단위 소득정보 데이터",본 데이터는 KCB가 각 금융사들로부터 매일 수집하는 최신 금융 데이터를 공간 단위로 재가공해 월별로 제공하고 있습니다.
29120,"202104 전국 시군구단위 소득정보 데이터",본 데이터는 KCB가 각 금융사들로부터 매일 수집하는 최신 금융 데이터를 공간 단위로 재가공해 월별로 제공하고 있습니다.
29119,"202104 전국 시도단위 소득정보 데이터",본 데이터는 KCB가 각 금융사들로부터 매일 수집하는 최신 금융 데이터를 공간 단위로 재가공해 월별로 제공하고 있습니다.
29118,"202103 전국 행정동단위 SOHO 데이터",본 데이터는 KCB가 각 금융사들로부터 매일 수집하는 최신 금융 데이터를 공간 단위로 재가공해 월별로 제공하고 있습니다.
29117,"202103 전국 시군구단위 SOHO 데이터",본 데이터는 KCB가 각 금융사들로부터 매일 수집하는 최신 금융 데이터를 공간 단위로 재가공해 월별로 제공하고 있습니다.
29116,"202103 전국 시도단위 SOHO 데이터",본 데이터는 KCB가 각 금융사들로부터 매일 수집하는 최신 금융 데이터를 공간 단위로 재가공해 월별로 제공하고 있습니다.
29115,"202103 전국 행정동단위 하이엔드 데이터",본 데이터는 KCB가 각 금융사들로부터 매일 수집하는 최신 금융 데이터를 공간 단위로 재가공해 월별로 제공하고 있습니다.
29114,"202103 전국 시군구단위 하이엔드 데이터",본 데이터는 KCB가 각 금융사들로부터 매일 수집하는 최신 금융 데이터를 공간 단위로 재가공해 월별로 제공하고 있습니다.
29113,"202103 전국 시도단위 하이엔드 데이터",본 데이터는 KCB가 각 금융사들로부터 매일 수집하는 최신 금융 데이터를 공간 단위로 재가공해 월별로 제공하고 있습니다.
29112,"202103 전국 행정동단위 자산평가 데이터",본 데이터는 KCB가 각 금융사들로부터 매일 수집하는 최신 금융 데이터를 공간 단위로 재가공해 월별로 제공하고 있습니다.
29111,"202103 전국 시군구단위 자산평가 데이터","본 데이터는 KCB가 각 금융사들로부터 매일 수집하는 최신 금융 데이터를 공간 단위로 재가공해 월별로 제공하고 있습니다.
"
29110,"202103 전국 시도단위 자산평가 데이터","본 데이터는 KCB가 각 금융사들로부터 매일 수집하는 최신 금융 데이터를 공간 단위로 재가공해 월별로 제공하고 있습니다.
"
29109,"202103 전국 행정동단위 예금여력 데이터",본 데이터는 KCB가 각 금융사들로부터 매일 수집하는 최신 금융 데이터를 공간 단위로 재가공해 월별로 제공하고 있습니다.
29108,"202103 전국 시군구단위 예금여력 데이터",본 데이터는 KCB가 각 금융사들로부터 매일 수집하는 최신 금융 데이터를 공간 단위로 재가공해 월별로 제공하고 있습니다.
29107,"202103 전국 시도단위 예금여력 데이터",본 데이터는 KCB가 각 금융사들로부터 매일 수집하는 최신 금융 데이터를 공간 단위로 재가공해 월별로 제공하고 있습니다.
29106,"202103 전국 행정동단위 연체정보 데이터",본 데이터는 KCB가 각 금융사들로부터 매일 수집하는 최신 금융 데이터를 공간 단위로 재가공해 월별로 제공하고 있습니다.
29105,"202103 전국 시군구단위 연체정보 데이터","본 데이터는 KCB가 각 금융사들로부터 매일 수집하는 최신 금융 데이터를 공간 단위로 재가공해 월별로 제공하고 있습니다.
"
29104,"202103 전국 시도단위 연체정보 데이터",본 데이터는 KCB가 각 금융사들로부터 매일 수집하는 최신 금융 데이터를 공간 단위로 재가공해 월별로 제공하고 있습니다.
29103,"202103 전국 행정동단위 대출정보 데이터",본 데이터는 KCB가 각 금융사들로부터 매일 수집하는 최신 금융 데이터를 공간 단위로 재가공해 월별로 제공하고 있습니다.
29102,"202103 전국 시군구단위 대출정보 데이터",본 데이터는 KCB가 각 금융사들로부터 매일 수집하는 최신 금융 데이터를 공간 단위로 재가공해 월별로 제공하고 있습니다.
29101,"202103 전국 시도단위 대출정보 데이터",본 데이터는 KCB가 각 금융사들로부터 매일 수집하는 최신 금융 데이터를 공간 단위로 재가공해 월별로 제공하고 있습니다.
29100,"202103 전국 행정동단위 소비정보 데이터",본 데이터는 KCB가 각 금융사들로부터 매일 수집하는 최신 금융 데이터를 공간 단위로 재가공해 월별로 제공하고 있습니다.
29099,"202103 전국 시군구단위 소비정보 데이터",본 데이터는 KCB가 각 금융사들로부터 매일 수집하는 최신 금융 데이터를 공간 단위로 재가공해 월별로 제공하고 있습니다.
29098,"202103 전국 시도단위 소비정보 데이터","본 데이터는 KCB가 각 금융사들로부터 매일 수집하는 최신 금융 데이터를 공간 단위로 재가공해 월별로 제공하고 있습니다.
"
29097,"202103전국 행정동단위 소득정보 데이터",본 데이터는 KCB가 각 금융사들로부터 매일 수집하는 최신 금융 데이터를 공간 단위로 재가공해 월별로 제공하고 있습니다.
29096,"202103 전국 시군구단위 소득정보 데이터",본 데이터는 KCB가 각 금융사들로부터 매일 수집하는 최신 금융 데이터를 공간 단위로 재가공해 월별로 제공하고 있습니다.
29095,"202103 전국 시도단위 소득정보 데이터",본 데이터는 KCB가 각 금융사들로부터 매일 수집하는 최신 금융 데이터를 공간 단위로 재가공해 월별로 제공하고 있습니다.
29094,"202102 전국 행정동단위 SOHO 데이터",본 데이터는 KCB가 각 금융사들로부터 매일 수집하는 최신 금융 데이터를 공간 단위로 재가공해 월별로 제공하고 있습니다.
29093,"202102 전국 시군구단위 SOHO 데이터",본 데이터는 KCB가 각 금융사들로부터 매일 수집하는 최신 금융 데이터를 공간 단위로 재가공해 월별로 제공하고 있습니다.
29092,"202102 전국 시도단위 SOHO 데이터",본 데이터는 KCB가 각 금융사들로부터 매일 수집하는 최신 금융 데이터를 공간 단위로 재가공해 월별로 제공하고 있습니다.
29091,"202102 전국 행정동단위 하이엔드 데이터",본 데이터는 KCB가 각 금융사들로부터 매일 수집하는 최신 금융 데이터를 공간 단위로 재가공해 월별로 제공하고 있습니다.
29090,"202102 전국 시군구단위 하이엔드 데이터",본 데이터는 KCB가 각 금융사들로부터 매일 수집하는 최신 금융 데이터를 공간 단위로 재가공해 월별로 제공하고 있습니다.
29089,"202102 전국 시도단위 하이엔드 데이터",본 데이터는 KCB가 각 금융사들로부터 매일 수집하는 최신 금융 데이터를 공간 단위로 재가공해 월별로 제공하고 있습니다.
29088,"202102 전국 행정동단위 자산평가 데이터",본 데이터는 KCB가 각 금융사들로부터 매일 수집하는 최신 금융 데이터를 공간 단위로 재가공해 월별로 제공하고 있습니다.
29087,"202102 전국 시군구단위 자산평가 데이터",본 데이터는 KCB가 각 금융사들로부터 매일 수집하는 최신 금융 데이터를 공간 단위로 재가공해 월별로 제공하고 있습니다.
29086,"202102 전국 시도단위 자산평가 데이터",본 데이터는 KCB가 각 금융사들로부터 매일 수집하는 최신 금융 데이터를 공간 단위로 재가공해 월별로 제공하고 있습니다.
29085,"202102전국 행정동단위 예금여력 데이터",본 데이터는 KCB가 각 금융사들로부터 매일 수집하는 최신 금융 데이터를 공간 단위로 재가공해 월별로 제공하고 있습니다.
29084,"202102 전국 시군구단위 예금여력 데이터",본 데이터는 KCB가 각 금융사들로부터 매일 수집하는 최신 금융 데이터를 공간 단위로 재가공해 월별로 제공하고 있습니다.
29083,"202102전국 시도단위 예금여력 데이터",본 데이터는 KCB가 각 금융사들로부터 매일 수집하는 최신 금융 데이터를 공간 단위로 재가공해 월별로 제공하고 있습니다.
29082,"202102 전국 행정동단위 연체정보 데이터",본 데이터는 KCB가 각 금융사들로부터 매일 수집하는 최신 금융 데이터를 공간 단위로 재가공해 월별로 제공하고 있습니다.
29081,"202102 전국 시군구단위 연체정보 데이터",본 데이터는 KCB가 각 금융사들로부터 매일 수집하는 최신 금융 데이터를 공간 단위로 재가공해 월별로 제공하고 있습니다.
29080,"202102 전국 시도단위 연체정보 데이터",본 데이터는 KCB가 각 금융사들로부터 매일 수집하는 최신 금융 데이터를 공간 단위로 재가공해 월별로 제공하고 있습니다.
29079,"202102 전국 행정동단위 대출정보 데이터",본 데이터는 KCB가 각 금융사들로부터 매일 수집하는 최신 금융 데이터를 공간 단위로 재가공해 월별로 제공하고 있습니다.
29078,"202102 전국 시군구단위 대출정보 데이터",본 데이터는 KCB가 각 금융사들로부터 매일 수집하는 최신 금융 데이터를 공간 단위로 재가공해 월별로 제공하고 있습니다.
29077,"202102 전국 시도단위 대출정보 데이터",본 데이터는 KCB가 각 금융사들로부터 매일 수집하는 최신 금융 데이터를 공간 단위로 재가공해 월별로 제공하고 있습니다.
29076,"202102 전국 행정동단위 소비정보 데이터",본 데이터는 KCB가 각 금융사들로부터 매일 수집하는 최신 금융 데이터를 공간 단위로 재가공해 월별로 제공하고 있습니다.
29075,"202102 전국 시군구단위 소비정보 데이터",본 데이터는 KCB가 각 금융사들로부터 매일 수집하는 최신 금융 데이터를 공간 단위로 재가공해 월별로 제공하고 있습니다.
29074,"202102 전국 시도단위 소비정보 데이터","본 데이터는 KCB가 각 금융사들로부터 매일 수집하는 최신 금융 데이터를 공간 단위로 재가공해 월별로 제공하고 있습니다.
"
29073,"202102 전국 행정동단위 소득정보 데이터",본 데이터는 KCB가 각 금융사들로부터 매일 수집하는 최신 금융 데이터를 공간 단위로 재가공해 월별로 제공하고 있습니다.
29072,"202102 전국 시군구단위 소득정보 데이터",본 데이터는 KCB가 각 금융사들로부터 매일 수집하는 최신 금융 데이터를 공간 단위로 재가공해 월별로 제공하고 있습니다.
29071,"202102 전국 시도단위 소득정보 데이터",본 데이터는 KCB가 각 금융사들로부터 매일 수집하는 최신 금융 데이터를 공간 단위로 재가공해 월별로 제공하고 있습니다.
29070,"202101 전국 행정동단위 SOHO 데이터",본 데이터는 KCB가 각 금융사들로부터 매일 수집하는 최신 금융 데이터를 공간 단위로 재가공해 월별로 제공하고 있습니다.
29069,"202101 전국 시군구단위 SOHO 데이터",본 데이터는 KCB가 각 금융사들로부터 매일 수집하는 최신 금융 데이터를 공간 단위로 재가공해 월별로 제공하고 있습니다.
29068,"202101 전국 시도단위 SOHO 데이터",본 데이터는 KCB가 각 금융사들로부터 매일 수집하는 최신 금융 데이터를 공간 단위로 재가공해 월별로 제공하고 있습니다.
29067,"202101 전국 행정동단위 하이엔드 데이터",본 데이터는 KCB가 각 금융사들로부터 매일 수집하는 최신 금융 데이터를 공간 단위로 재가공해 월별로 제공하고 있습니다.
29066,"202101 전국 시군구단위 하이엔드 데이터",본 데이터는 KCB가 각 금융사들로부터 매일 수집하는 최신 금융 데이터를 공간 단위로 재가공해 월별로 제공하고 있습니다.
29065,"202101 전국 시도단위 하이엔드 데이터",본 데이터는 KCB가 각 금융사들로부터 매일 수집하는 최신 금융 데이터를 공간 단위로 재가공해 월별로 제공하고 있습니다.
29064,"202101 전국 행정동단위 자산평가 데이터",본 데이터는 KCB가 각 금융사들로부터 매일 수집하는 최신 금융 데이터를 공간 단위로 재가공해 월별로 제공하고 있습니다.
29063,"202101 전국 시군구단위 자산평가 데이터",본 데이터는 KCB가 각 금융사들로부터 매일 수집하는 최신 금융 데이터를 공간 단위로 재가공해 월별로 제공하고 있습니다.
29062,"202101 전국 시도단위 자산평가 데이터",본 데이터는 KCB가 각 금융사들로부터 매일 수집하는 최신 금융 데이터를 공간 단위로 재가공해 월별로 제공하고 있습니다.
29061,"202101 전국 행정동단위 예금여력 데이터",본 데이터는 KCB가 각 금융사들로부터 매일 수집하는 최신 금융 데이터를 공간 단위로 재가공해 월별로 제공하고 있습니다.
29060,"202101 전국 시군구단위 예금여력 데이터",본 데이터는 KCB가 각 금융사들로부터 매일 수집하는 최신 금융 데이터를 공간 단위로 재가공해 월별로 제공하고 있습니다.
29059,"202101 전국 시도단위 예금여력 데이터",본 데이터는 KCB가 각 금융사들로부터 매일 수집하는 최신 금융 데이터를 공간 단위로 재가공해 월별로 제공하고 있습니다.
29058,"202101 전국 행정동단위 연체정보 데이터",본 데이터는 KCB가 각 금융사들로부터 매일 수집하는 최신 금융 데이터를 공간 단위로 재가공해 월별로 제공하고 있습니다.
29057,"202101 전국 시군구단위 연체정보 데이터",본 데이터는 KCB가 각 금융사들로부터 매일 수집하는 최신 금융 데이터를 공간 단위로 재가공해 월별로 제공하고 있습니다.
29056,"202101 전국 시도단위 연체정보 데이터","본 데이터는 KCB가 각 금융사들로부터 매일 수집하는 최신 금융 데이터를 공간 단위로 재가공해 월별로 제공하고 있습니다.
"
29055,"202101 전국 행정동단위 대출정보 데이터",본 데이터는  KCB가 각 금융사들로부터 매일 수집하는 최신 금융 데이터를 공간 단위로 재가공해 월별로 제공하고 있습니다.
29054,"202101 전국 시군구단위 대출정보 데이터",본 데이터는 kcb가 각 금융사들로부터 매일 수집하는 최신 금융 데이터를 공간 단위로 재가공해 월별로 제공하고 있습니다.
29053,"202101 전국 시도단위 대출정보 데이터",본 데이터는 KCB가 각 금융사들로부터 매일 수집하는 최신 금융 데이터를 공간 단위로 재가공해 월별로 제공하고 있습니다.
29052,"202101 전국 행정동단위 소비정보 데이터",본 데이터는 kcb가 각 금융사들로부터 매일 수집하는 최신 금융 데이터를 공간 단위로 재가공해 월별로 제공하고 있습니다.
29051,"202101 전국 시군구단위 소비정보 데이터",본 데이터는 kcb가 각 금융사들로부터 매일 수집하는 최신 금융 데이터를 공간 단위로 재가공해 월별로 제공하고 있습니다.
29050,"202101 전국 시도단위 소비정보 데이터",본 데이터는 KCB가 각 금융사들로부터 매일 수집하는 최신 금융 데이터를 공간 단위로 재가공해 월별로 제공하고 있습니다.
29049,"202101 전국 행정동단위 소득정보 데이터","본 데이터는 KCB가 각 금융사들로부터 매일 수집하는 최신 금융 데이터를 공간 단위로 재가공해 월별로 제공하고 있습니다.
"
29048,"202101 전국 시군구단위 소득정보 데이터","본 데이터는 kcb가 각 금융사들로부터 매일 수집하는 최신 금융 데이터를 공간 단위로 재가공해 월별로 제공하고 있습니다.
"
29047,"202101 전국 시도단위 소득정보 데이터",본 데이터는 kcb가 각 금융사들로부터 매일 수집하는 최신 금융 데이터를 공간 단위로 재가공해 월별로 제공하고 있습니다.
28875,"2020년 일별 주요 미디어지수_KOSPI 100대 기업_샘플데이터_무료","국내 2200개 미디어사로 유입된 급상승 KOSPI 100대 기업 키워드 트래픽 데이터입니다. 
[TRFIC_OCC_DT : 트래픽 발생 일시, RANK : 순위, SRCH_KWRD_NM :유입키워드 명,TRFIC_CT : 트래픽 수]"
28874,OCB 시럽 서비스 사용자 시도별 연령대별 상권 UV,OCB 시럽 서비스 사용자 시도별 연령대별 상권 UV
28873,OCB 시럽 서비스 사용자 시도별 연령대별 지역 UV,OCB 시럽 서비스 사용자의 전국 시도별 연령대별 지역 방문 Data
28872,OCB 시럽 서비스 사용자 시도별 연령대별 상권 Top 100,OCB 시럽 서비스 사용자의 전국 시도별 연령대별 상권 Top 100
28871,OCB 시럽 서비스 사용자 시도별 연령대별 상권 Top 100,OCB 시럽 서비스 사용자의 전국 시도별 연령대별 상권 Top 100
28870,OCB 시럽 서비스 사용자 시도별 연령대별 지역별 Top 100,OCB 시럽 서비스 사용자 시도별 연령대별 지역별 Top 100
28869,OCB 시럽 서비스 사용자 시도별 방문 상권 Top 100,OCB 시럽 서비스 사용자의 전국 시도별 방문 상권 Top 100
28868,OCB 시럽 서비스 사용자 연령대별 방문 상권 Top 100,OCB 시럽 서비스 사용자 연령대별 방문 상권 Top 100
28867,OCB 시럽 서비스 사용자 방문 상권 Top 100,OCB 시럽 서비스 사용자의 방문 상권 Top 100
28866,OCB 시럽 서비스 사용자 방문정보(상권별 UV),OCB 시럽 서비스 사용자의 전국 상권별 방문정보(상권별 UV)
28865,OCB 시럽 서비스 사용자 방문정보(법정동 지역별 UV),OCB와 시럽 사용자의 전국 법정동기준 지역별 방문정보(UV)
28864,시럽 사용자 연령대 비중,시럽 서비스 사용자 연령대 비중
28863,시럽 서비스 사용자 성별,시럽 멤버쉽서비스 사용자의 성별 비율
28862,시럽 서비스 사용자 주요 검색어,시럽 멤버쉽서비스 사용자 주요검색어
28861,시럽 사용자 관심영역 카테고리,시럽 멤버쉽 사용자 관심 카테고리
28860,시럽 서비스 사용자 관심정보,시럽 서비스 사용자 관심정보
28859,시럽 사용자 이용 행태,시럽 서비스 사용자 이용행태 Data
28858,OCB 사용자 사용기기,OCB 사용자의 주요사용기기 Data
28857,OCB 사용자 성별,OCB 서비스 사용자 성별 비율
28856,OCB 사용자 주요 검색어,OCB(OK Cashbag) 사용자의 주요 검색어 관심사 관련 Data
28855,OCB 사용자 행태 Data,OCB 사용자의 서비스 사용행태 Data
28854,음식 메뉴 및 가격 정보 (무료버전),식신이 수집한 전국 음식점 POI의 메뉴판을 기반으로 한 메뉴별 가격 정보 데이터입니다. 
28840,[MBN 데이터취재팀] 기후변화 관련 각종 기상 데이터셋,"MBN데이터취재팀이 준비한 &#39;기후변화의 습격&#39; 시리즈 취재 데이터입니다.
지난 50년 간의 전국의 각종 기후 데이터(강수량, 강수일수, 장마일수, 열대야일수, 평균기온, 폭염일수 등) 등이 포함돼 있습니다. "
28839,상품분류 시간대별 매출구성비(무료버전),GS25 상품카테고리별 시간대별 매출구성비 월 집계 데이터로 어느 카테고리가 시간대별로 매출이 우수한지 확인할 수 있음
28838,상품분류 구매수량별 고객구성비(무료버전),GS25 상품카테고리별 연령대 및 성별의 구매수량별  월 집계 구성비 데이터로  연령대별로 어느 카테고리 상품을 상대적으로 많이구매하는 지 확인 할 수 있는 데이터임
28837,상품분류별 고객군별 평균구매횟수(무료버전),GS25 상품카테고리별 연령대 및 성별의 월평균 구매횟수 분석자료로 성별로 어느 카테고리상품을 자주 구매하는지  또는 연령대별로 어느 카테고리 상품을 상대적으로 자주 구매하는 지 확인 할 수 있는 데이터임
28836,GS25 상품카테고리 별 지역별 강세 분석(무료버전),"- 전국 시/군/구 단위로 편의점의 상품 매출 비율을 통계하여 제공 
- 각 지역의 상품 판매 평균과 전국 평균을 상품별로 비교하여 각 지역의 편의점 선호 상품을 제공함 "
28835,지역별 GS25점포 매출분포(무료버전),"- 전국 시/군/구 단위로 편의점 점포 매출수준을 통계하여 제공 
- 각 지역의 점포별 매출수준을 그룹화하여 해당그룹에 어느정도의 점포가 포함되어 있는지를 수치화 하여 제공 "
28802,프리미엄 소비성향에 따른 소비패턴_무료샘플,"삼성카드가 추정한 소비자의 프리미엄 소비성향 페르소나 등급에 따른 소비패턴(삼성카드 업종별 소비 건수) 데이터
소비자의 거주지 및 연령대/성별로도 세분화 하였습니다. "
28801,배달음식 선호성향 및 건강관심도에 따른 외식소비패턴_무료샘플,"삼성카드가 추정한 배달음식 선호성향 및 건강관심도 페르소나 등급(20등급)에 따른 외식소비패턴 분석 데이터입니다. 
소비자의 거주지, 연령대, 성별로 세분화 하였습니다. "
28744,포털 인기검색 맛집 트렌드 (무료버전),"대한민국 NO. 맛집 서비스 식신에서 발행한 매거진을 페이지 뷰 순으로 나열한 데이터입니다.
"
28743,전국 시도별 맛집 PV 순위 (무료버전),대한민국 NO. 맛집 서비스 식신 사용자가 한 접속 지역과 당시 조회한 맛집의 페이지 뷰 순위 데이터입니다.
28742,사용자 성별별 관심 맛집 데이터 (무료버전),대한민국 NO.1 맛집 서비스 식신 사용자의 성별별로 관심을 갖는 맛집 데이터입니다.
28741,사용자 연령대별 관심 맛집 데이터 (무료버전),대한민국 NO.1 맛집 서비스 식신 사용자의 연령대별로 관심을 갖는 맛집 데이터입니다.
28740,직장인 식권 취급기업 정보 (무료버전),식신E식권을 이용하는 기업의 정보 데이터로 기업 업종 지역별 사용 인원 비율을 알 수 있습니다.
28739,맛집별 조회 통계 (무료버전),식신에 등록되어 있는 음식점의 사용자 조회 데이터로 인기 매장과 인기 음식 카테고리 정보를 볼 수 있습니다. 
28738,큐레이션 푸드 매거진 컨텐츠 (무료버전),대한민국 NO.1 맛집 서비스 식신이 주제별로 선정한 맛집을 소개하는 기획기사형 매거진 데이터입니다. 
28737,식신 사용자 음식점 평가 후기 (무료버전),"식신 사용자가 음식점을 직접 방문해보고 경험한 맛, 서비스 등 음식점에 대한 평가를 모은 리뷰 데이터입니다."
28736,전국 핫플레이스 권역 정보 (폴리곤) (무료버전),전국 인기 지역(핫플레이스)을 권역별로 설정한 좌표 데이터입니다. 
28735,전국 일반 맛집 정보 (무료버전),대한민국 NO.1 맛집 서비스 식신이 수집한 전국에 위치한 일반 음식점 POI 데이터입니다.
28734,전국 인기 맛집 정보 (무료버전),대한민국 NO.1 맛집 서비스 식신이 수집하고 관리하는 국내 인기 맛집 (핫플레이스) POI 데이터입니다. 
28733,전국 BEST 맛집 정보 (무료버전),대한민국 NO.1 맛집 서비스 식신이 엄선한 전국 Best 맛집의 상세한 정보가 담긴 POI 데이터입니다.
28732,"2020년도 1분기 온누리회원약국 제품공급 내역(무료)","2020년도 1분기 온누리회원약국 제품공급 내역 
:해당 자료는 전국 2200여개의 온누리 약국체인으로 공급되고 있는 온누리에이치엔씨의 제품의 카테고리 정보의 무료버전 입니다."
28731,"202104 포털 인기검색 맛집 트렌드",대한민국 NO. 맛집 서비스 식신에서 발행한 매거진을 페이지 뷰 순으로 나열한 데이터입니다.
28730,"202104 전국 시도별 맛집 PV 순위",대한민국 NO. 맛집 서비스 식신 사용자가 한 접속 지역과 당시 조회한 맛집의 페이지 뷰 순위 데이터입니다.
28729,"202104 요일별 인기업종 카테고리 데이터 ",대한민국 NO. 맛집 서비스 식신 사용자가 요일별로 조회하는 맛집의 업종 카테고리 데이터입니다.
28728,"202104 사용자 선호 맛집 가격 분포",대한민국 NO.1 맛집 서비스 식신 사용자의 성별별 선호 맛집과 대표메뉴의 가격 분포 데이터입니다. 
28727,"202104 직장인 업종별 식권 사용 주 시간대",식신e식권 가맹점을 대상으로 직장인들의 식권 결제시간 분포 통계 데이터입니다. 
28726,"202104 기업과 가맹점 거리별 이용통계","식신e식권 이용기업과 가맹점 거리별 이용통계입니다. 해당 데이터를 통해 식당까지의 거리와 고객 식당 선택 여부가 관계 있는지 살펴볼 수 있습니다.
"
28725,"202104 사용자 성별별 관심 맛집 데이터",대한민국 NO.1 맛집 서비스 식신 사용자의 성별별로 관심을 갖는 맛집 데이터입니다.
28724,"202104 사용자 연령대별 관심 맛집 데이터",대한민국 NO.1 맛집 서비스 식신 사용자의 연령대별로 관심을 갖는 맛집 데이터입니다.
28723,"202104 외식 키워드",대한민국 NO.1 맛집 서비스 식신을 방문하는 사용자들이 주로 검색하는 키워드 데이터입니다.
28722,"202104 가맹점 조중석식 운영현황","식신e식권의 가맹점 업종별 조중석식 운영 현황 데이터입니다. 아침, 점심, 저녁 등 식사 시간 때 주로 어떤 식당 업종을 많이 이용하는지 살펴볼 수 있습니다."
28721,"202104 직장인 기업 석식 이용 통계",식신e식권을 이용하는 직장인들의 석식 이용 통계입니다. 해당 데이터를 통해 야간 근무가 많은 기업 분야가 어디인지 살펴볼 수 있습니다.
28720,"202104 계절별 인기 메뉴","대한민국 NO.1 맛집 서비스 식신의 사용자가 각 계절마다 많이 조회하는 맛집의 메뉴 데이터입니다. 해당 데이터를 통해 계절 변화에 따라 선호하는 메뉴가 무엇인지 살펴볼 수 있습니다.
"
28719,"2021 1Q 직장인 식권 취급기업 정보",식신E식권을 이용하는 기업의 정보 데이터로 기업 업종 지역별 사용 인원 비율을 알 수 있습니다. 본 상품은 협의 후 구매가 가능합니다.
28718,직장인 식권 취급음식점 POI,식신e식권에 가입되어 있는 전국 가맹점 POI 주소 데이터입니다. 본 상품은 협의 후 구매가 가능합니다.
28717,"202104 요일별 직장인 방문 음식점 업종 TOP 5",식신E식권을 이용하는 직장인들의 요일별 방문 음식점 업종 TOP 5 데이터입니다. 요일별로 가장 인기 있는 음식 업종을 살펴볼 수 있습니다.
28716,"202104 기업 업종별 점심식대 평균",식신E식권 도입 기업의 종목별 식대 소비 통계 데이터입니다. 종목이 각기 다른 기업의 행정구역별 식대를 비교할 수 있습니다.
28715,"202104 요일별 직장인 점심식대 평균",식신E식권을 이용하는 직장인들의 요일별 점심 식대 소비 통계 데이터입니다. 직장인들이 요일별로 어떤 음식점 업종을 주로 이용하는지 살펴볼 수 있습니다.
28714,"202104 서울 직장인 점심식대 금액 평균",식신E식권을 이용하는 직장인들의 서울특별시 구단위 별 점심 식대 소비 통계 데이터입니다.
28713,"202104 전국 직장인 점심식대 금액 평균",식신E식권을 이용하는 직장인들의 대도시별 점심 식대 소비 통계 데이터 입니다. 대도시별 직장인들의 점심 식대 사용 금액을 대략적으로 비교할 수 있습니다.
28712,직장인 점심 식대 소비 통계,"식신E식권을 이용하는 직장인들의 점심 식대 소비 통계 데이터입니다. 구별, 음식 카테고리별, 삼식별(조식, 점심, 저녁 등) 평균 이용 횟수를 확인할 수 있습니다. "
28711,"202104 맛집별 조회 통계",식신에 등록되어 있는 음식점의 사용자 조회 데이터로 인기 매장과 인기 음식 카테고리 정보를 볼 수 있습니다. 
28710,"202104 음식 메뉴 및 가격 정보",식신이 수집한 전국 음식점 POI의 메뉴판을 기반으로 한 메뉴별 가격 정보 데이터입니다. 
28708,큐레이션 푸드 매거진 컨텐츠,대한민국 NO.1 맛집 서비스 식신이 주제별로 선정한 맛집을 소개하는 기획기사형 매거진 데이터입니다. 
28707,식신 사용자 음식점 평가 후기,"식신 사용자가 음식점을 직접 방문해보고 경험한 맛, 서비스 등 음식점에 대한 평가를 모은 리뷰 데이터입니다."
28706,전국 음식점 이미지,"대한민국 No.1 맛집 서비스 식신이 자체 촬영하거나, 식신 사용자가 업로드한 음식점 이미지 데이터입니다. "
28705,전국 핫플레이스 권역 정보 (폴리곤),전국 인기 지역(핫플레이스)을 권역별로 설정한 좌표 데이터입니다. 
28704,"202104 전국 일반 맛집 정보",대한민국 NO.1 맛집 서비스 식신이 수집한 전국에 위치한 일반 음식점 POI 데이터입니다.
28703,"202104 전국 인기 맛집 정보",대한민국 NO.1 맛집 서비스 식신이 수집하고 관리하는 국내 인기 맛집 (핫플레이스) POI 데이터입니다.
28702,"202104 전국 BEST 맛집 정보",대한민국 NO.1 맛집 서비스 식신이 엄선한 전국 Best 맛집의 상세한 정보가 담긴 POI 데이터입니다.
28687,"AI 학습용 데이터 구축, KDX와 함께하세요","KDX한국데이터거래소는 2020년 AI 학습용 데이터 구축 사업의 주관사로 사업을 수행하였으며,  이러한 경험을 바탕으로 올해 구축 사업 참여기업들이 필요로 하는 원천 데이터 확보를 지원하고자 합니다. 많은 문의 부탁드립니다. "
28686,전자신문 - 2013년 (무료버전),"대용량 콘텐츠 AI 원천 데이터

MK 디지털화된 지면 원천 데이터를 활용하여 인공지능 학습용 테이터를 구축 할 수 있게  제공

무료 1,000건 제공"
28685,옛날신문 1966 (무료버전),"대용량 콘텐츠 AI 원천 데이터

MK 디지털화된 지면 원천 데이터를 활용하여 인공지능 학습용 테이터를 구축 할 수 있게  제공

무료, 1966년 3월 ~ 4월 지면 제공
"
28684,가족 연결망 (무료 버전),"MK / MBN 보도, 교양, 예능 원천 데이터를 활용하여 인공지능 학습용 테이터 구축 할 수 있게 데이터 제공
무료 10,000건 제공"
28530,"2015년 보도 종합뉴스 (무료버전)","- 매일방송, 2015년도 보도 MBN 종합뉴스 미디어 정보 데이터 셋
- 영상을 이용한 머신러닝 통해 다양한 AI 개발 등에 유용하게 활용 가능

매일 저녁 7시 30분에 방영되는 종합편성채널 MBN의 메인 뉴스 프로그램 &#39;종합뉴스&#39;에서 방영된 영상"
28529,"2017년 인물 정치인 AI 레이블링 가공 데이터 (무료버전)","매일방송이 운영하는 종합편성채널 MBN에서 방영된 뉴스 및 시사 프로그램 영상 데이터 중 국회의원 등 많은 국내외 정치인들의 영상을 따로 분류한 데이터입니다.
각 영상과 함께 특정 정치인의 이름과 어느 시점에 등장하는 지가 담긴 파일이 함께 제공됩니다"
28528,단지 정보 (무료버전),"부동산 단지 정보 데이터셋 (10,000 건 제공)"
28527,기업정보 (무료버전),"기업 정보 (2010년 ~ 2018년) 데이터 셋

- 그룹 정보
- 기업개요 정보
- 손익계산서 정보
- 재무비율 정보 (유료버전 제공)
- 제조원가 이익잉영금 정보 (유료버전 제공)
- 현금흐름분석 정보 (유료버전 제공)"
28526,매물 정보 (무료 버전),"부동산 매물 정보 데이터셋 (무료 버전 1,000 개 제공) "
28525,분양 정보 (무료버전),부동산 분양 정보 데이터셋
28524,"2018년 건강 만병통치 천기누설 (무료버전)","- 매일방송, 2018년도 만병통치 천기누설 미디어 정보 데이터 셋
- 스트리밍 영상 포함
- 영상을 이용한 머신러닝 통해 다양한 AI 개발 등에 유용하게 활용 가능"
28523,"2018년 보도 종합뉴스 (동영상) 무료버전","- 매일방송, 2018년도 보도 MBN 종합뉴스 미디어 정보 데이터 셋
- 영상을 이용한 머신러닝 통해 다양한 AI 개발 등에 유용하게 활용 가능

매일 저녁 7시 30분에 방영되는 종합편성채널 MBN의 메인 뉴스 프로그램 &#39;종합뉴스&#39;에서 방영된 영상"
28522,AI 학습용 데이터 - 인물 데이터 모델(정치인) 무료버전,"AI 원천 데이터 (무료 버전 1,000 row 제공)

MK / MBN 보도, 교양, 예능 원천 데이터를 활용하여 인공지능 학습용 테이터 구축 할 수 있게 데이터 제공"
28521,부동산 매물 시세 - 대구 지역 ( 무료 버전 ),"부동산 매물 시세 - 대구지역

- 분양권
- 아파트
- 상가 (유료버전 제공)
- 사무실 (유료버전 제공)

 - 지역별 부동산 매물 특징 분석
 - 부동산 매물 가격 분석 (시세 예측 알고리즘 개발)"
28443,GS25 상품카테고리 별 지역별 강세 분석_202103,"- 전국 시/군/구 단위로 편의점의 상품 매출 비율을 통계하여 제공 
- 각 지역의 상품 판매 평균과 전국 평균을 상품별로 비교하여 각 지역의 편의점 선호 상품을 제공함 
"
28442,지역별 GS25점포 매출분포_202103,"- 전국 시/군/구 단위로 편의점 점포 매출수준을 통계하여 제공 
- 각 지역의 점포별 매출수준을 그룹화하여 해당그룹에 어느정도의 점포가 포함되어 있는지를 수치화 하여 제공 
"
28441,국내 주요 도시 미세먼지 및 호흡기-혈관 질환 발생 수 데이터,"MBN 데이터취재팀이 가공한 데이터셋입니다. 서울과 6개 광역시 내 기초자치단체의 10년치 미세먼지 데이터와 호흡기, 혈관 질환 데이터로 구성돼 있습니다. "
28440,GS25 상품카테고리 별 지역별 강세 분석_202102,"- 전국 시/군/구 단위로 편의점의 상품 매출 비율을 통계하여 제공 
- 각 지역의 상품 판매 평균과 전국 평균을 상품별로 비교하여 각 지역의 편의점 선호 상품을 제공함 "
28439,지역별 GS25점포 매출분포_202102,"- 전국 시/군/구 단위로 편의점 점포 매출수준을 통계하여 제공 
- 각 지역의 점포별 매출수준을 그룹화하여 해당그룹에 어느정도의 점포가 포함되어 있는지를 수치화 하여 제공 
"
28430,GS25 상품카테고리 별 지역별 강세 분석_202101,"- 전국 시/군/구 단위로 편의점의 상품 매출 비율을 통계하여 제공 
- 각 지역의 상품 판매 평균과 전국 평균을 상품별로 비교하여 각 지역의 편의점 선호 상품을 제공함 
"
28428,지역별 GS25점포 매출분포_202101,"- 전국 시/군/구 단위로 편의점 점포 매출수준을 통계하여 제공 
- 각 지역의 점포별 매출수준을 그룹화하여 해당그룹에 어느정도의 점포가 포함되어 있는지를 수치화 하여 제공 
"
28418,GS25 상품카테고리 별 지역별 강세 분석_202012,"- 전국 시/군/구 단위로 편의점의 상품 매출 비율을 통계하여 제공
- 각 지역의 상품 판매 평균과 전국 평균을 상품별로 비교하여 각 지역의 편의점 선호 상품을 제공함 "
28417,지역별 GS25점포 매출분포_202012,"- 전국 시/군/구 단위로 편의점 점포 매출수준을 통계하여 제공 
- 각 지역의 점포별 매출수준을 그룹화하여 해당그룹에 어느정도의 점포가 포함되어 있는지를 수치화 하여 제공 
"
28391,프리미엄 소비성향에 따른 소비패턴,"삼성카드가 추정한 소비자의 프리미엄 소비성향 페르소나등급에 따른 소비패턴(삼성카드 업종별 소비 건수) 데이터입니다. 
소비자의 거구지 및 연령대/성별로도 세분화 되어 있습니다. "
28389,배달음식 선호성향 및 건강관심도에 따른 외식소비패턴 분석,"삼성카드가 추정한 배달음식 선호성향 및 건강관심도 페르소나 등급(20등급) 에 따른 외식소비패턴 분석 데이터입니다. 
소비자의 거주지, 연령대, 성별로 세분화 되어 있습니다. "
28363,"202103 포털 인기검색 맛집 트렌드",대한민국 NO. 맛집 서비스 식신에서 발행한 매거진을 페이지 뷰 순으로 나열한 데이터입니다.
28362,"202103 전국 시도별 맛집 PV 순위",대한민국 NO. 맛집 서비스 식신 사용자가 한 접속 지역과 당시 조회한 맛집의 페이지 뷰 순위 데이터입니다.
28361,"202103 요일별 인기업종 카테고리 데이터",대한민국 NO. 맛집 서비스 식신 사용자가 요일별로 조회하는 맛집의 업종 카테고리 데이터입니다.
28360,"202103 사용자 선호 맛집 가격 분포",대한민국 NO.1 맛집 서비스 식신 사용자의 성별별 선호 맛집과 대표메뉴의 가격 분포 데이터입니다. 
28359,"202103 직장인 업종별 식권 사용 주 시간대",식신e식권 가맹점을 대상으로 직장인들의 식권 결제시간 분포 통계 데이터입니다. 
28358,"202103 기업과 가맹점 거리별 이용통계",식신e식권 이용기업과 가맹점 거리별 이용통계입니다. 해당 데이터를 통해 식당까지의 거리와 고객 식당 선택 여부가 관계 있는지 살펴볼 수 있습니다.
28357,"202103 사용자 성별별 관심 맛집 데이터",대한민국 NO.1 맛집 서비스 식신 사용자의 성별별로 관심을 갖는 맛집 데이터입니다.
28356,"202103 사용자 연령대별 관심 맛집 데이터",대한민국 NO.1 맛집 서비스 식신 사용자의 연령대별로 관심을 갖는 맛집 데이터입니다.
28355,"202103 외식 키워드",대한민국 NO.1 맛집 서비스 식신을 방문하는 사용자들이 주로 검색하는 키워드 데이터입니다.
28354,"202103 가맹점 조중석식 운영현황","식신e식권의 가맹점 업종별 조중석식 운영 현황 데이터입니다. 아침, 점심, 저녁 등 식사 시간 때 주로 어떤 식당 업종을 많이 이용하는지 살펴볼 수 있습니다."
28353,"202103 직장인 기업 석식 이용 통계",식신e식권을 이용하는 직장인들의 석식 이용 통계입니다. 해당 데이터를 통해 야간 근무가 많은 기업 분야가 어디인지 살펴볼 수 있습니다.
28352,"202103 계절별 인기 메뉴",대한민국 NO.1 맛집 서비스 식신의 사용자가 각 계절마다 많이 조회하는 맛집의 메뉴 데이터입니다. 해당 데이터를 통해 계절 변화에 따라 선호하는 메뉴가 무엇인지 살펴볼 수 있습니다.
28351,직장인 식권 취급음식점 POI,식신e식권에 가입되어 있는 전국 가맹점 POI 주소 데이터입니다. 본 상품은 협의 후 구매가 가능합니다.
28350,"202103 요일별 직장인 방문 음식점 업종 TOP 5",식신E식권을 이용하는 직장인들의 요일별 방문 음식점 업종 TOP 5 데이터입니다. 요일별로 가장 인기 있는 음식 업종을 살펴볼 수 있습니다.
28349,"202103 기업 업종별 점심식대 평균",식신E식권 도입 기업의 종목별 식대 소비 통계 데이터입니다. 종목이 각기 다른 기업의 행정구역별 식대를 비교할 수 있습니다.
28348,"202103 요일별 직장인 점심식대 평균",식신E식권을 이용하는 직장인들의 요일별 점심 식대 소비 통계 데이터입니다. 직장인들이 요일별로 어떤 음식점 업종을 주로 이용하는지 살펴볼 수 있습니다.
28347,"202103 서울 직장인 점심식대 금액 평균",식신E식권을 이용하는 직장인들의 서울특별시 구단위 별 점심 식대 소비 통계 데이터입니다.
28346,"202103 전국 직장인 점심식대 금액 평균",식신E식권을 이용하는 직장인들의 대도시별 점심 식대 소비 통계 데이터 입니다. 대도시별 직장인들의 점심 식대 사용 금액을 대략적으로 비교할 수 있습니다.
28345,직장인 점심 식대 소비 통계,"식신E식권을 이용하는 직장인들의 점심 식대 소비 통계 데이터입니다. 구별, 음식 카테고리별, 삼식별(조식, 점심, 저녁 등) 평균 이용 횟수를 확인할 수 있습니다. "
28344,"202103 맛집별 조회 통계",식신에 등록되어 있는 음식점의 사용자 조회 데이터로 인기 매장과 인기 음식 카테고리 정보를 볼 수 있습니다. 
28343,"202103 음식 메뉴 및 가격 정보",식신이 수집한 전국 음식점 POI의 메뉴판을 기반으로 한 메뉴별 가격 정보 데이터입니다. 
28342,큐레이션 푸드 매거진 컨텐츠,대한민국 NO.1 맛집 서비스 식신이 주제별로 선정한 맛집을 소개하는 기획기사형 매거진 데이터입니다. 
28341,식신 사용자 음식점 평가 후기,"식신 사용자가 음식점을 직접 방문해보고 경험한 맛, 서비스 등 음식점에 대한 평가를 모은 리뷰 데이터입니다."
28339,전국 음식점 이미지,"대한민국 No.1 맛집 서비스 식신이 자체 촬영하거나, 식신 사용자가 업로드한 음식점 이미지 데이터입니다."
28338,"202103 전국 일반 맛집 정보","대한민국 NO.1 맛집 서비스 식신이 수집한 전국에 위치한 일반 음식점 POI 데이터입니다.
"
28337,"202103 전국 인기 맛집 정보",대한민국 NO.1 맛집 서비스 식신이 수집하고 관리하는 국내 인기 맛집 (핫플레이스) POI 데이터입니다. 
28336,"202103 전국 BEST 맛집 정보",대한민국 NO.1 맛집 서비스 식신이 엄선한 전국 Best 맛집의 상세한 정보가 담긴 POI 데이터입니다.
28178,오프라인 매장방문통계 커피전문점카테고리 Top100(2021년 3월),"2021년 3월 기준 로플랫매장방문통계_로플랫 커피전문점카테고리 내 방문수가 가장 많은 매장 100개 정보"
28177,오프라인 매장데이터(2021년 3월 기준 전체),"2021년 3월 기준 로플랫매장데이터(전체)_로플랫이 수집하고 검증한 매장 데이터 전체"
28176,오프라인 매장데이터(2021년 3월 변경분),로플랫매장데이터(변경분)_로플랫매장데이터(전체) 중 2021년 3월 변경 분
28175,오프라인 매장방문통계 여의도상권 Top100(2021년 3월),"2021년 3월 기준 로플랫매장방문통계_로플랫 여의도상권 내 방문수가 가장 많은 매장 100개 정보"
28174,오프라인 매장방문통계 홍대합정상권 Top100(2021년 3월),"2021년 3월 기준 로플랫매장방문통계_로플랫 홍대상권 내 방문수가 가장 많은 매장 100개 정보"
28173,오프라인 매장방문통계 상권(2021년 3월),"2021년 3월 기준 로플랫매장방문통계_로플랫 상권 별 위치인식 횟수"
28172,오프라인 매장방문통계 백화점카테고리 Top100(2021년 3월),"2021년 3월 기준 로플랫매장방문통계_로플랫 백화점카테고리 내 방문수가 가장 많은 매장 100개 정보"
28171,오프라인 매장방문통계 명동상권 Top100(2021년 3월),"2021년 3월 기준 로플랫매장방문통계_로플랫 명동상권 내 방문수가 가장 많은 매장 100개 정보"
28170,오프라인 매장방문통계 카테고리(2021년 3월),"2021년 3월 기준 로플랫매장방문통계_로플랫 카테고리 별 위치인식 횟수"
28169,오프라인 매장방문통계 지하철역카테고리 Top100(2021년 3월),"2021년 3월 기준 로플랫매장방문통계_로플랫 지하철역카테고리 내 방문수가 가장 많은 지하철역 100개 정보"
28168,오프라인 매장방문통계 의류매장카테고리 Top100(2021년 3월),"2021년 3월 기준 로플랫매장방문통계_로플랫 의류매장카테고리 내 방문수가 가장 많은 매장 100개 정보"
28167,오프라인 매장방문통계 강남대로상권 Top100(2021년 3월),"2021년 3월 기준 로플랫매장방문통계_로플랫 강남대로상권 내 방문수가 가장 많은 매장 100개 정보"
28166,"202102 포털 인기검색 맛집 트렌드",대한민국 NO. 맛집 서비스 식신에서 발행한 매거진을 페이지 뷰 순으로 나열한 데이터입니다.
28165,"202102 전국 시도별 맛집 PV 순위",대한민국 NO. 맛집 서비스 식신 사용자가 한 접속 지역과 당시 조회한 맛집의 페이지 뷰 순위 데이터입니다.
28164,"202102 요일별 인기업종 카테고리 데이터",대한민국 NO. 맛집 서비스 식신 사용자가 요일별로 조회하는 맛집의 업종 카테고리 데이터입니다.
28163,"202102 사용자 선호 맛집 가격 분포",대한민국 NO.1 맛집 서비스 식신 사용자의 성별별 선호 맛집과 대표메뉴의 가격 분포 데이터입니다. 
28162,"202102 직장인 업종별 식권 사용 주 시간대",식신e식권 가맹점을 대상으로 직장인들의 식권 결제시간 분포 통계 데이터입니다. 
28161,"202102 기업과 가맹점 거리별 이용통계",식신e식권 이용기업과 가맹점 거리별 이용통계입니다. 해당 데이터를 통해 식당까지의 거리와 고객 식당 선택 여부가 관계 있는지 살펴볼 수 있습니다.
28160,"202102 사용자 성별별 관심 맛집 데이터",대한민국 NO.1 맛집 서비스 식신 사용자의 성별별로 관심을 갖는 맛집 데이터입니다.
28159,"202102 사용자 연령대별 관심 맛집 데이터",대한민국 NO.1 맛집 서비스 식신 사용자의 연령대별로 관심을 갖는 맛집 데이터입니다.
28158,"202102 외식 키워드",대한민국 NO.1 맛집 서비스 식신을 방문하는 사용자들이 주로 검색하는 키워드 데이터입니다.
28157,"202102 가맹점 조중석식 운영현황","식신e식권의 가맹점 업종별 조중석식 운영 현황 데이터입니다. 아침, 점심, 저녁 등 식사 시간 때 주로 어떤 식당 업종을 많이 이용하는지 살펴볼 수 있습니다."
28156,"202102 직장인 기업 석식 이용 통계",식신e식권을 이용하는 직장인들의 석식 이용 통계입니다. 해당 데이터를 통해 야간 근무가 많은 기업 분야가 어디인지 살펴볼 수 있습니다.
28155,"202102 계절별 인기 메뉴",대한민국 NO.1 맛집 서비스 식신의 사용자가 각 계절마다 많이 조회하는 맛집의 메뉴 데이터입니다. 해당 데이터를 통해 계절 변화에 따라 선호하는 메뉴가 무엇인지 살펴볼 수 있습니다.
28154,직장인 식권 취급음식점 POI,"식신e식권에 가입되어 있는 전국 가맹점 POI 주소 데이터입니다. 본 상품은 협의 후 구매가 가능합니다.
"
28153,"2020년 겨울 계절별 직장인 방문 음식점 업종 TOP 5",식신E식권을 이용하는 직장인들의 계절별 방문 음식점 업종 TOP 5를 나타낸 데이터입니다.
28152,[데이터루] 정부 위원회 2020년~2021년 현황 분석 파일,"MBN데이터취재팀이 분석한 2020년~2021년(일부) 정부 위원회 현황 자료입니다. 600곳에 달하는 정부 위원회가 지난해 얼마나 많은 예산을 배정받고, 얼마나 많은 활동을 했는지 분석했습니다. "
28151,"202102 요일별 직장인 방문 음식점 업종 TOP 5",식신E식권을 이용하는 직장인들의 요일별 방문 음식점 업종 TOP 5 데이터입니다. 요일별로 가장 인기 있는 음식 업종을 살펴볼 수 있습니다.
28150,"202102 기업 업종별 점심식대 평균",식신E식권 도입 기업의 종목별 식대 소비 통계 데이터입니다. 종목이 각기 다른 기업의 행정구역별 식대를 비교할 수 있습니다.
28149,"202102 요일별 직장인 점심식대 평균",식신E식권을 이용하는 직장인들의 요일별 점심 식대 소비 통계 데이터입니다. 직장인들이 요일별로 어떤 음식점 업종을 주로 이용하는지 살펴볼 수 있습니다.
28148,"202102 서울 직장인 점심식대 금액 평균",식신E식권을 이용하는 직장인들의 서울특별시 구단위 별 점심 식대 소비 통계 데이터입니다.
28146,"202102 전국 직장인 점심식대 금액 평균",식신E식권을 이용하는 직장인들의 대도시별 점심 식대 소비 통계 데이터 입니다. 대도시별 직장인들의 점심 식대 사용 금액을 대략적으로 비교할 수 있습니다.
28144,직장인 점심 식대 소비 통계,"식신E식권을 이용하는 직장인들의 점심 식대 소비 통계 데이터입니다. 구별, 음식 카테고리별, 삼식별(조식, 점심, 저녁 등) 평균 이용 횟수를 확인할 수 있습니다. "
28141,"202102 맛집별 조회 통계",식신에 등록되어 있는 음식점의 사용자 조회 데이터로 인기 매장과 인기 음식 카테고리 정보를 볼 수 있습니다. 
28140,"202102 음식 메뉴 및 가격 정보",식신이 수집한 전국 음식점 POI의 메뉴판을 기반으로 한 메뉴별 가격 정보 데이터입니다. 
28137,큐레이션 푸드 매거진 컨텐츠,대한민국 NO.1 맛집 서비스 식신이 주제별로 선정한 맛집을 소개하는 기획기사형 매거진 데이터입니다. 
28135,식신 사용자 음식점 평가 후기,"식신 사용자가 음식점을 직접 방문해보고 경험한 맛, 서비스 등 음식점에 대한 평가를 모은 리뷰 데이터입니다."
28132,전국 음식점 이미지,"대한민국 No.1 맛집 서비스 식신이 자체 촬영하거나, 식신 사용자가 업로드한 음식점 이미지 데이터입니다. "
28130,"202102 전국 일반 맛집 정보",대한민국 NO.1 맛집 서비스 식신이 수집한 전국에 위치한 일반 음식점 POI 데이터입니다.
28129,"202102 전국 인기 맛집 정보",대한민국 NO.1 맛집 서비스 식신이 수집하고 관리하는 국내 인기 맛집 (핫플레이스) POI 데이터입니다. 
28128,"202102 전국 BEST 맛집 정보",대한민국 NO.1 맛집 서비스 식신이 엄선한 전국 Best 맛집의 상세한 정보가 담긴 POI 데이터입니다.
27875,오프라인 매장방문통계 커피전문점카테고리 Top100(2021년 2월),"2021년 2월 기준 로플랫매장방문통계_로플랫 커피전문점카테고리 내 방문수가 가장 많은 매장 100개 정보"
27874,오프라인 매장데이터(2021년 2월 기준 전체),"2021년 2월 기준 로플랫매장데이터(전체)_로플랫이 수집하고 검증한 매장 데이터 전체"
27873,오프라인 매장데이터(2021년 2월 변경분),로플랫매장데이터(변경분)_로플랫매장데이터(전체) 중 2021년 2월 변경 분
27872,오프라인 매장방문통계 여의도상권 Top100(2021년 2월),"2021년 2월 기준 로플랫매장방문통계_로플랫 여의도상권 내 방문수가 가장 많은 매장 100개 정보"
27871,오프라인 매장방문통계 홍대합정상권 Top100(2021년 2월),"2021년 2월 기준 로플랫매장방문통계_로플랫 홍대상권 내 방문수가 가장 많은 매장 100개 정보"
27870,오프라인 매장방문통계 상권(2021년 2월),"2021년 2월 기준 로플랫매장방문통계_로플랫 상권 별 위치인식 횟수"
27869,오프라인 매장방문통계 백화점카테고리 Top100(2021년 2월),"2021년 2월 기준 로플랫매장방문통계_로플랫 백화점카테고리 내 방문수가 가장 많은 매장 100개 정보"
27868,오프라인 매장방문통계 명동상권 Top100(2021년 2월),"2021년 2월 기준 로플랫매장방문통계_로플랫 명동상권 내 방문수가 가장 많은 매장 100개 정보"
27867,오프라인 매장방문통계 카테고리(2021년 2월),"2021년 2월 기준 로플랫매장방문통계_로플랫 카테고리 별 위치인식 횟수"
27866,오프라인 매장방문통계 지하철역카테고리 Top100(2021년 2월),"2021년 2월 기준 로플랫매장방문통계_로플랫 지하철역카테고리 내 방문수가 가장 많은 지하철역 100개 정보"
27865,오프라인 매장방문통계 의류매장카테고리 Top100(2021년 2월),"2021년 2월 기준 로플랫매장방문통계_로플랫 의류매장카테고리 내 방문수가 가장 많은 매장 100개 정보"
27864,오프라인 매장방문통계 강남대로상권 Top100(2021년 2월),"2021년 2월 기준 로플랫매장방문통계_로플랫 강남대로상권 내 방문수가 가장 많은 매장 100개 정보"
27831,"2020 4Q 직장인 식권 취급기업 정보","식신E식권을 이용하는 기업의 정보 데이터로 기업 업종 지역별 사용 인원 비율을 알 수 있습니다. 본 상품은 협의 후 구매가 가능합니다.
"
27830,직장인 식권 취급음식점 POI,식신e식권에 가입되어 있는 전국 가맹점 POI 주소 데이터입니다. 본 상품은 협의 후 구매가 가능합니다.
27829,"202101 요일별 직장인 방문 음식점 업종 TOP 5","식신E식권을 이용하는 직장인들의 요일별 방문 음식점 업종 TOP 5 데이터입니다. 요일별로 가장 인기 있는 음식 업종을 살펴볼 수 있습니다.
"
27828,"202101 기업 업종별 점심식대 평균",식신E식권 도입 기업의 종목별 식대 소비 통계 데이터입니다. 종목이 각기 다른 기업의 행정구역별 식대를 비교할 수 있습니다.
27827,"202101 요일별 직장인 점심식대 평균",식신E식권을 이용하는 직장인들의 요일별 점심 식대 소비 통계 데이터입니다. 직장인들이 요일별로 어떤 음식점 업종을 주로 이용하는지 살펴볼 수 있습니다.
27826,"202101 서울 직장인 점심식대 금액 평균",식신E식권을 이용하는 직장인들의 서울특별시 구단위 별 점심 식대 소비 통계 데이터입니다.
27825,"202101 전국 직장인 점심식대 금액 평균",식신E식권을 이용하는 직장인들의 대도시별 점심 식대 소비 통계 데이터 입니다. 대도시별 직장인들의 점심 식대 사용 금액을 대략적으로 비교할 수 있습니다.
27824,직장인 점심 식대 소비 통계,"식신E식권을 이용하는 직장인들의 점심 식대 소비 통계 데이터입니다. 구별, 음식 카테고리별, 삼식별(조식, 점심, 저녁 등) 평균 이용 횟수를 확인할 수 있습니다."
27823,"202101 맛집별 조회 통계",식신에 등록되어 있는 음식점의 사용자 조회 데이터로 인기 매장과 인기 음식 카테고리 정보를 볼 수 있습니다. 
27822,"202101 음식 메뉴 및 가격 정보",식신이 수집한 전국 음식점 POI의 메뉴판을 기반으로 한 메뉴별 가격 정보 데이터입니다. 
27820,큐레이션 푸드 매거진 컨텐츠,대한민국 NO.1 맛집 서비스 식신이 주제별로 선정한 맛집을 소개하는 기획기사형 매거진 데이터입니다.
27819,식신 사용자 음식점 평가 후기,"식신 사용자가 음식점을 직접 방문해보고 경험한 맛, 서비스 등 음식점에 대한 평가를 모은 리뷰 데이터입니다."
27818,전국 음식점 이미지,"대한민국 No.1 맛집 서비스 식신이 자체 촬영하거나, 식신 사용자가 업로드한 음식점 이미지 데이터입니다. "
27817,전국 핫플레이스 권역 정보 (폴리곤),"전국 인기 지역(핫플레이스)을 권역별로 설정한 좌표 데이터입니다.
"
27816,"202101 전국 일반 맛집 정보",대한민국 NO.1 맛집 서비스 식신이 수집한 전국에 위치한 일반 음식점 POI 데이터입니다.
27815,"202101 전국 인기 맛집 정보",대한민국 NO.1 맛집 서비스 식신이 수집하고 관리하는 국내 인기 맛집 (핫플레이스) POI 데이터입니다. 
27814,"202101 전국 BEST 맛집 정보",대한민국 NO.1 맛집 서비스 식신이 엄선한 전국 Best 맛집의 상세한 정보가 담긴 POI 데이터입니다.
27813,"202101 포털 인기검색 맛집 트렌드",대한민국 NO. 맛집 서비스 식신에서 발행한 매거진을 페이지 뷰 순으로 나열한 데이터입니다.
27812,"202101 전국 시도별 맛집 PV 순위",대한민국 NO. 맛집 서비스 식신 사용자가 한 접속 지역과 당시 조회한 맛집의 페이지 뷰 순위 데이터입니다.
27811,"202101 요일별 인기업종 카테고리 데이터",대한민국 NO. 맛집 서비스 식신 사용자가 요일별로 조회하는 맛집의 업종 카테고리 데이터입니다.
27810,"202101 사용자 선호 맛집 가격 분포",대한민국 NO.1 맛집 서비스 식신 사용자의 성별별 선호 맛집과 대표메뉴의 가격 분포 데이터입니다. 
27809,"202101 직장인 업종별 식권 사용 주 시간대",식신e식권 가맹점을 대상으로 직장인들의 식권 결제시간 분포 통계 데이터입니다. 
27808,"202101 기업과 가맹점 거리별 이용통계",식신e식권 이용기업과 가맹점 거리별 이용통계입니다. 해당 데이터를 통해 식당까지의 거리와 고객 식당 선택 여부가 관계 있는지 살펴볼 수 있습니다.
27807,"202101 사용자 성별별 관심 맛집 데이터",대한민국 NO.1 맛집 서비스 식신 사용자의 성별별로 관심을 갖는 맛집 데이터입니다.
27806,"202101 사용자 연령대별 관심 맛집 데이터",대한민국 NO.1 맛집 서비스 식신 사용자의 연령대별로 관심을 갖는 맛집 데이터입니다.
27805,"202101 외식 키워드",대한민국 NO.1 맛집 서비스 식신을 방문하는 사용자들이 주로 검색하는 키워드 데이터입니다.
27804,"202101 가맹점 조중석식 운영현황","식신e식권의 가맹점 업종별 조중석식 운영 현황 데이터입니다. 아침, 점심, 저녁 등 식사 시간 때 주로 어떤 식당 업종을 많이 이용하는지 살펴볼 수 있습니다."
27803,"202101 직장인 기업 석식 이용 통계",식신e식권을 이용하는 직장인들의 석식 이용 통계입니다. 해당 데이터를 통해 야간 근무가 많은 기업 분야가 어디인지 살펴볼 수 있습니다.
27802,"202101 계절별 인기 메뉴",대한민국 NO.1 맛집 서비스 식신의 사용자가 각 계절마다 많이 조회하는 맛집의 메뉴 데이터입니다. 해당 데이터를 통해 계절 변화에 따라 선호하는 메뉴가 무엇인지 살펴볼 수 있습니다.
27620,"설 선물 트렌드 분석, KDX가 도와드립니다 ","설날, 매년 찾아온다고 매년 똑같은 선물을 가판에 올려놓고 있나요? 온라인 쇼핑몰을 운영하는데 설날 특수 어떻게 준비해야 할 지 모르시겠다구요? 
설 선물 트렌드 분석, KDX가 도와드립니다! "
27614,오프라인 매장방문통계 커피전문점카테고리 Top100(2021년 1월),"2021년 1월 기준 로플랫매장방문통계_로플랫 커피전문점카테고리 내 방문수가 가장 많은 매장 100개 정보"
27613,오프라인 매장데이터(2021년 1월 기준 전체),"2021년 1월 기준 로플랫매장데이터(전체)_로플랫이 수집하고 검증한 매장 데이터 전체"
27612,오프라인 매장데이터(2021년 1월 변경분),로플랫매장데이터(변경분)_로플랫매장데이터(전체) 중 2021년 1월 변경 분
27611,오프라인 매장방문통계 여의도상권 Top100(2021년 1월),"2021년 1월 기준 로플랫매장방문통계_로플랫 여의도상권 내 방문수가 가장 많은 매장 100개 정보"
27610,오프라인 매장방문통계 홍대합정상권 Top100(2021년 1월),"2021년 1월 기준 로플랫매장방문통계_로플랫 홍대상권 내 방문수가 가장 많은 매장 100개 정보"
27609,오프라인 매장방문통계 상권(2021년 1월),"2021년 1월 기준 로플랫매장방문통계_로플랫 상권 별 위치인식 횟수"
27608,오프라인 매장방문통계 백화점카테고리 Top100(2021년 1월),"2021년 1월 기준 로플랫매장방문통계_로플랫 백화점카테고리 내 방문수가 가장 많은 매장 100개 정보"
27607,오프라인 매장방문통계 명동상권 Top100(2021년 1월),"2021년 1월 기준 로플랫매장방문통계_로플랫 명동상권 내 방문수가 가장 많은 매장 100개 정보"
27606,오프라인 매장방문통계 카테고리(2021년 1월),"2021년 1월 기준 로플랫매장방문통계_로플랫 카테고리 별 위치인식 횟수"
27605,오프라인 매장방문통계 지하철역카테고리 Top100(2021년 1월),"2021년 1월 기준 로플랫매장방문통계_로플랫 지하철역카테고리 내 방문수가 가장 많은 지하철역 100개 정보"
27604,오프라인 매장방문통계 의류매장카테고리 Top100(2021년 1월),"2021년 1월 기준 로플랫매장방문통계_로플랫 의류매장카테고리 내 방문수가 가장 많은 매장 100개 정보"
27603,오프라인 매장방문통계 강남대로상권 Top100(2021년 1월),"2021년 1월 기준 로플랫매장방문통계_로플랫 강남대로상권 내 방문수가 가장 많은 매장 100개 정보"
27598,대한민국 학생 소멸 보고서,"대한민국은 현재 세계에서 가장 낮은 출산률을 기록 중입니다. 각급 학교의 학생 수도 점점 줄어들고 있는데요. MBN 데이터AI취재팀이  함께 &#39;학생 소멸&#39; 현상을 분석했습니다. 
취재팀이 작성한 보고서 및 원데이터(raw-data)를 공개합니다."
27554,"2021년 설 선물 트렌드 분석_(온누리)약국POS판매 내역(21.1.11~1.17)","2021년도 1월2주차 온누리약국 POS판매 내역 입니다.
:해당 자료는 전국 2200여개의 온누리 약국체인중 500여개 회원약국의 카테고리별 고객 매출(판매POS) 정보 입니다."
27553,"2021년 설 선물 트렌드 분석_(온누리)약국POS판매 내역(21.1.4~1.10)","2021년도 1월1주차 온누리약국 POS판매 내역 입니다.
:해당 자료는 전국 2200여개의 온누리 약국체인중 500여개 회원약국의 카테고리별 고객 매출(판매POS) 정보 입니다."
27552,"2021년 설 선물 트렌드 분석_(온누리)약국POS판매 내역(19.12.23~20.1.26)","2020년도 설 5주전 온누리약국 POS판매 내역 입니다.
:해당 자료는 전국 2200여개의 온누리 약국체인중 500여개 회원약국의 카테고리별 고객 매출(판매POS) 정보 입니다."
27551,"2021년 설 선물 트렌드 분석_(온누리)약국POS판매 내역(19.1.1~2.3)","2019년도 설 5주전 온누리약국 POS판매 내역 입니다.
:해당 자료는 전국 2200여개의 온누리 약국체인중 500여개 회원약국의 카테고리별 고객 매출(판매POS) 정보 입니다."
27550,"2021년 설 선물 트렌드 분석_온누리스토어(온라인몰) 판매 내역(21.1.11~1.17)","2021년도 1월2주차 온누리스토어(온라인)판매 내역 입니다.
: 해당 자료는 국내 최대규모의 온라인 헬스케어 단독몰 온누리 스토어의 카테고리별 판매자료(매출과 판매 내역 및 금액)입니다. 
"
27549,"2021년 설 선물 트렌드 분석_온누리스토어(온라인몰) 판매 내역(21.1.4~1.10)","2021년도 1월1주차 온누리스토어(온라인)판매 내역 입니다.
: 해당 자료는 국내 최대규모의 온라인 헬스케어 단독몰 온누리 스토어의 카테고리별 판매자료(매출과 판매 내역 및 금액)입니다. "
27548,"2021년 설 선물 트렌드 분석_온누리스토어(온라인몰) 판매 내역(19.12.23~20.1.26)","2020년도 설 5주전 온누리스토어(온라인)판매 내역 입니다.
: 해당 자료는 국내 최대규모의 온라인 헬스케어 단독몰 온누리 스토어의 카테고리별 판매자료(매출과 판매 내역 및 금액)입니다. "
27547,"2021년 설 선물 트렌드 분석_(온누리)본사_약국 거래 내역(21.1.11~1.17)","2021년도 1월2주차 온누리회원약국 제품공급 내역 입니다.
:해당 자료는 전국 2200여개의 온누리 약국체인으로 공급되고 있는 온누리에이치엔씨의 제품의 카테고리별 정보입니다."
27546,"2021년 설 선물 트렌드 분석_(온누리)본사_약국 거래 내역(21.1.4~1.10)","2021년도 1월1주차 온누리회원약국 제품공급 내역 입니다.
:해당 자료는 전국 2200여개의 온누리 약국체인으로 공급되고 있는 온누리에이치엔씨의 제품의 카테고리별 정보입니다."
27545,"2021년 설 선물 트렌드 분석_(온누리)본사_약국 거래 내역(19.12.23~20.1.26)","2020년도 설 5주전 온누리회원약국 제품공급 내역 입니다.
:해당 자료는 전국 2200여개의 온누리 약국체인으로 공급되고 있는 온누리에이치엔씨의 제품의 카테고리별 정보입니다."
27544,"2021년 설 선물 트렌드 분석_(온누리)본사_약국 거래 내역(19.1.1~2.3)","2019년도 설 5주전 온누리회원약국 제품공급 내역 입니다.
:해당 자료는 전국 2200여개의 온누리 약국체인으로 공급되고 있는 온누리에이치엔씨의 제품의 카테고리별 정보입니다."
27543,&#39;20년 설연휴 신장카테고리 TOP50,"-. &#39;20년 설연휴(4일)기간의 매출신장 TOP50 카테고리(직전기간 4일과 비교)
-. 신장율은 해당기간의 GS25 점포당 일매출 기준으로 산출
-. 명절 연휴기간 편의점 카테고리 별 판매특성 분석가능"
27542,직장인 식권 취급음식점 POI,식신e식권에 가입되어 있는 전국 가맹점 POI 주소 데이터입니다. 본 상품은 협의 후 구매가 가능합니다.
27541,"202012 요일별 직장인 방문 음식점 업종 TOP 5",식신E식권을 이용하는 직장인들의 요일별 방문 음식점 업종 TOP 5 데이터입니다. 요일별로 가장 인기 있는 음식 업종을 살펴볼 수 있습니다.
27540,"202012 기업 업종별 점심식대 평균",식신E식권 도입 기업의 종목별 식대 소비 통계 데이터입니다. 종목이 각기 다른 기업의 행정구역별 식대를 비교할 수 있습니다.
27539,"202012 요일별 직장인 점심식대 평균",식신E식권을 이용하는 직장인들의 요일별 점심 식대 소비 통계 데이터입니다. 직장인들이 요일별로 어떤 음식점 업종을 주로 이용하는지 살펴볼 수 있습니다.
27538,"202012 서울 직장인 점심식대 금액 평균",식신E식권을 이용하는 직장인들의 서울특별시 구단위 별 점심 식대 소비 통계 데이터입니다.
27537,"202012 전국 직장인 점심식대 금액 평균","식신E식권을 이용하는 직장인들의 점심 식대 소비 통계 데이터입니다. 구별, 음식 카테고리별, 삼식별(조식, 점심, 저녁 등) 평균 이용 횟수를 확인할 수 있습니다. "
27536,직장인 점심 식대 소비 통계,"식신E식권을 이용하는 직장인들의 점심 식대 소비 통계 데이터입니다. 구별, 음식 카테고리별, 삼식별(조식, 점심, 저녁 등) 평균 이용 횟수를 확인할 수 있습니다."
27535,"202012 맛집별 조회 통계",식신에 등록되어 있는 음식점의 사용자 조회 데이터로 인기 매장과 인기 음식 카테고리 정보를 볼 수 있습니다. 
27534,"202012 음식 메뉴 및 가격 정보",식신이 수집한 전국 음식점 POI의 메뉴판을 기반으로 한 메뉴별 가격 정보 데이터입니다. 
27533,큐레이션 푸드 매거진 컨텐츠,대한민국 NO.1 맛집 서비스 식신이 주제별로 선정한 맛집을 소개하는 기획기사형 매거진 데이터입니다.
27532,식신 사용자 음식점 평가 후기,"식신 사용자가 음식점을 직접 방문해보고 경험한 맛, 서비스 등 음식점에 대한 평가를 모은 리뷰 데이터입니다."
27531,전국 음식점 이미지,"대한민국 No.1 맛집 서비스 식신이 자체 촬영하거나, 식신 사용자가 업로드한 음식점 이미지 데이터입니다."
27530,"202012 전국 일반 맛집 정보",대한민국 NO.1 맛집 서비스 식신이 수집한 전국에 위치한 일반 음식점 POI 데이터입니다.
27529,"202012 전국 인기 맛집 정보",대한민국 NO.1 맛집 서비스 식신이 수집하고 관리하는 국내 인기 맛집 (핫플레이스) POI 데이터입니다. 
27528,"202012 전국 BEST 맛집 정보",대한민국 NO.1 맛집 서비스 식신이 엄선한 전국 Best 맛집의 상세한 정보가 담긴 POI 데이터입니다.
27526,"202012 포털 인기검색 맛집 트렌드",대한민국 NO. 맛집 서비스 식신에서 발행한 매거진을 페이지 뷰 순으로 나열한 데이터입니다.
27525,"202012 전국 시도별 맛집 PV 순위",대한민국 NO. 맛집 서비스 식신 사용자가 한 접속 지역과 당시 조회한 맛집의 페이지 뷰 순위 데이터입니다.
27524,"202012 요일별 인기업종 카테고리 데이터",대한민국 NO. 맛집 서비스 식신 사용자가 요일별로 조회하는 맛집의 업종 카테고리 데이터입니다.
27523,"202012 사용자 선호맛집 가격 분포",대한민국 NO.1 맛집 서비스 식신 사용자의 성별별 선호 맛집과 대표메뉴의 가격 분포 데이터입니다. 
27522,"202012 직장인 업종별  식권 사용 주 시간대",식신e식권 가맹점을 대상으로 직장인들의 식권 결제시간 분포 통계 데이터입니다. 
27521,"202012 기업과 가맹점 거리별 이용통계",식신e식권 이용기업과 가맹점 거리별 이용통계입니다. 해당 데이터를 통해 식당까지의 거리와 고객 식당 선택 여부가 관계 있는지 살펴볼 수 있습니다.
27520,"202012 사용자 성별별 관심 맛집 데이터",대한민국 NO.1 맛집 서비스 식신 사용자의 성별별로 관심을 갖는 맛집 데이터입니다.
27519,"202012 사용자 연령대별 관심 맛집 데이터",대한민국 NO.1 맛집 서비스 식신 사용자의 연령대별로 관심을 갖는 맛집 데이터입니다.
27518,"202012 외식 키워드",대한민국 NO.1 맛집 서비스 식신을 방문하는 사용자들이 주로 검색하는 키워드 데이터입니다.
27517,"202012 가맹점 조중석식 운영현황","식신e식권의 가맹점 업종별 조중석식 운영 현황 데이터입니다. 아침, 점심, 저녁 등 식사 시간 때 주로 어떤 식당 업종을 많이 이용하는지 살펴볼 수 있습니다."
27516,"202012 직장인 기업 석식 이용 통계",식신e식권을 이용하는 직장인들의 석식 이용 통계입니다. 해당 데이터를 통해 야간 근무가 많은 기업 분야가 어디인지 살펴볼 수 있습니다.
27515,"202012 계절별 인기 메뉴",대한민국 NO.1 맛집 서비스 식신의 사용자가 각 계절마다 많이 조회하는 맛집의 메뉴 데이터입니다. 해당 데이터를 통해 계절 변화에 따라 선호하는 메뉴가 무엇인지 살펴볼 수 있습니다.
27488,"2020년 12월 미디어 방문자 유입 경로 추정 데이터","2020년 12월의 국내 1500개 미디어의 방문자 유입 경로 추정 데이터입니다.
INFW_CRS_KIND_NM[유입경로 종류 이름] 
-Direct : 직접경로 
-Others: 기타"
27487,"2020년 12월 미디어 방문자 연령대 추정 데이터","2020년 12월의 국내 1500개 미디어의 방문자 연령대 추정 데이터입니다."
27486,"2020년 12월 미디어 방문자 성별 추정 데이터","2020년 12월의
국내외 1500개 미디어의 방문자 성별 추정 데이터입니다.
Gender Code: [남성 : 1 /여성 : 2]"
27485,"2020년 12월 미디어 방문자 브라우저 추정 데이터","2020년 12월의 국내 1500개 미디어의 방문자 브라우저 추정 데이터입니다."
27484,"2020년 12월 미디어 방문자 OS 추정 데이터","2020년 12월 국내 1500개 미디어의 방문자 OS 추정 데이터입니다."
27483,"2020년 12월 미디어 SNS 트렌드 데이터","2020년 12월 국내 2200개 미디어의  SNS 트렌드 데이터입니다.
유입경로의 비율을 통해 어떤 유입경로가 유의미한지 알 수 있습니다.
"
27482,"2020년 12월 미디어 모바일 트래픽 인덱스","2020년 12월 국내 2200개 미디어의 모바일 트래픽 데이터입니다.
- 2개의 인덱스를 기준으로 책정된 트래픽 수치입니다[2019 일별 전체 트래픽의 평균, 2019년 각 시간대별 평균]
- 기준_트래픽 ; STD_TRFIC(100기준) "
27481,"2020년 12월 카테고리별 방문 pv","2020년 12월 국내 2200개 미디어의  카테고리별 방문 pv 데이터입니다.
cgr_nm: 카테고리 명[연예/스포츠, 경제/전문지, 종합일간지, 인터넷신문, 방송/통신사]	
dable_pv_per_user: 인당 트래픽 수 입니다"
27480,"2020년 12월 일별 발행 기사 수 분석 데이터","2020년 12월 국내 2200개 미디어의  일별 발행 기사 수 분석데이터입니다.
date: 일자	trfic_ct: 발행 기사 수"
27479,"2020년 12월 일별 인기기사 Top10","2020년 12월 국내 2200개 미디어의  일별 인기기사 Top10 데이터입니다.
DATE: 날짜	RANK: 일별 순위	ART_SJ_CN: 기사 제목	URL_ADDR: 해당 기사 링크"
27478,"2020년 12월 넷째주 일별 주요 미디어지수_KOSPI 100대 기업","국내 2200개 미디어사로 유입된 급상승 KOSPI 100대 기업 키워드 트래픽 데이터입니다. [TRFIC_OCC_DT : 트래픽 발생 일시, RANK : 순위, SRCH_KWRD_NM :유입키워드 명,TRFIC_CT : 트래픽 수]"
27477,"2020년 12월 셋째주 일별 주요 미디어지수_KOSPI 100대 기업","국내 2200개 미디어사로 유입된 급상승 KOSPI 100대 기업 키워드 트래픽 데이터입니다. [TRFIC_OCC_DT : 트래픽 발생 일시, RANK : 순위, SRCH_KWRD_NM :유입키워드 명,TRFIC_CT : 트래픽 수]"
27321,오프라인 매장방문통계 커피전문점카테고리 Top100(2020년 12월),"2020년 12월 기준 로플랫매장방문통계_로플랫 커피전문점카테고리 내 방문수가 가장 많은 매장 100개 정보"
27320,오프라인 매장데이터(2020년 12월 기준 전체),"2020년 12월 기준 로플랫매장데이터(전체)_로플랫이 수집하고 검증한 매장 데이터 전체"
27319,오프라인 매장데이터(2020년 12월 변경분),로플랫매장데이터(변경분)_로플랫매장데이터(전체) 중 2020년 12월 변경 분
27318,오프라인 매장방문통계 여의도상권 Top100(2020년 12월),"2020년 12월 기준 로플랫매장방문통계_로플랫 여의도상권 내 방문수가 가장 많은 매장 100개 정보"
27317,오프라인 매장방문통계 홍대합정상권 Top100(2020년 12월),"2020년 12월 기준 로플랫매장방문통계_로플랫 홍대상권 내 방문수가 가장 많은 매장 100개 정보"
27316,오프라인 매장방문통계 상권(2020년 12월),"2020년 12월 기준 로플랫매장방문통계_로플랫 상권 별 위치인식 횟수"
27315,오프라인 매장방문통계 백화점카테고리 Top100(2020년 12월),"2020년 12월 기준 로플랫매장방문통계_로플랫 백화점카테고리 내 방문수가 가장 많은 매장 100개 정보"
27314,오프라인 매장방문통계 명동상권 Top100(2020년 12월),"2020년 12월 기준 로플랫매장방문통계_로플랫 명동상권 내 방문수가 가장 많은 매장 100개 정보"
27313,오프라인 매장방문통계 카테고리(2020년 12월),"2020년 12월 기준 로플랫매장방문통계_로플랫 카테고리 별 위치인식 횟수"
27312,오프라인 매장방문통계 지하철역카테고리 Top100(2020년 12월),"2020년 12월 기준 로플랫매장방문통계_로플랫 지하철역카테고리 내 방문수가 가장 많은 지하철역 100개 정보"
27311,오프라인 매장방문통계 의류매장카테고리 Top100(2020년 12월),"2020년 12월 기준 로플랫매장방문통계_로플랫 의류매장카테고리 내 방문수가 가장 많은 매장 100개 정보"
27310,오프라인 매장방문통계 강남대로상권 Top100(2020년 12월),"2020년 12월 기준 로플랫매장방문통계_로플랫 강남대로상권 내 방문수가 가장 많은 매장 100개 정보"
27309,소상공인 창업 및 운영 컨설팅,"창업을 원하는 소상공인을 위해 해당 지역과 업종에 대한 정보를 알려드립니다. 
또한, 현재 점포를 운영하는 소상공인들에게도 매출을 증대시킬 수 있는 방안을 같이 고민해 드립니다. "
27292,"2020년도 1분기 온누리약국 고객판매 내역 - 모든 카테고리","2020년도 1분기 온누리약국 고객판매 내역 - 모든 카테고리
:해당 자료는 전국 2200여개의 온누리 약국체인중 500여개 회원약국의 약 49개의 카테고리 고객 매출(판매pos) 정보 입니다."
27291,"2020년도 1분기 온누리회원약국 제품공급 내역 - 모든 카테고리","2020년도 1분기 온누리회원약국 제품공급 내역 - 모든 카테고리
:해당 자료는 전국 2200여개의 온누리 약국체인으로 공급되고 있는 온누리에이치엔씨의 제품의 약 47개 카테고리 정보입니다."
27290,온누리에이치엔씨 처방 데이터,"2015~2020 온누리약국 ETC 판매내역 입니다."
27289,"2020년 12월 셋째주 일별 주요 미디어지수_KOSPI 100대 기업","국내 2200개 미디어사로 유입된 급상승 KOSPI 100대 기업 키워드 트래픽 데이터입니다. [TRFIC_OCC_DT : 트래픽 발생 일시, RANK : 순위, SRCH_KWRD_NM :유입키워드 명,TRFIC_CT : 트래픽 수]"
27288,"2020년 12월 둘째주 일별 주요 미디어지수_KOSPI 100대 기업","국내 2200개 미디어사로 유입된 급상승 KOSPI 100대 기업 키워드 트래픽 데이터입니다. [TRFIC_OCC_DT : 트래픽 발생 일시, RANK : 순위, SRCH_KWRD_NM :유입키워드 명,TRFIC_CT : 트래픽 수]"
27287,"2020년 12월 첫째주 일별 주요 미디어지수_KOSPI 100대 기업","국내 2200개 미디어사로 유입된 급상승 KOSPI 100대 기업 키워드 트래픽 데이터입니다. 
[TRFIC_OCC_DT : 트래픽 발생 일시, RANK : 순위, SRCH_KWRD_NM :유입키워드 명,TRFIC_CT : 트래픽 수]"
27286,"2020년 11월 넷째주 일별 주요 미디어지수_KOSPI 100대 기업","국내 2200개 미디어사로 유입된 급상승 KOSPI 100대 기업 키워드 트래픽 데이터입니다. [TRFIC_OCC_DT : 트래픽 발생 일시, RANK : 순위, SRCH_KWRD_NM :유입키워드 명,TRFIC_CT : 트래픽 수]"
27285,"2020년 11월 셋째주 일별 주요 미디어지수_KOSPI 100대 기업","국내 2200개 미디어사로 유입된 급상승 KOSPI 100대 기업 키워드 트래픽 데이터입니다. [TRFIC_OCC_DT : 트래픽 발생 일시, RANK : 순위, SRCH_KWRD_NM :유입키워드 명,TRFIC_CT : 트래픽 수]"
27284,"2020년 11월 둘째주 일별 주요 미디어지수_KOSPI 100대 기업","국내 2200개 미디어사로 유입된 급상승 KOSPI 100대 기업 키워드 트래픽 데이터입니다. [TRFIC_OCC_DT : 트래픽 발생 일시, RANK : 순위, SRCH_KWRD_NM :유입키워드 명,TRFIC_CT : 트래픽 수]"
27283,"2020년 11월 첫째주 일별 주요 미디어지수_KOSPI 100대 기업","국내 2200개 미디어사로 유입된 급상승 KOSPI 100대 기업 키워드 트래픽 데이터입니다. [TRFIC_OCC_DT : 트래픽 발생 일시, RANK : 순위, SRCH_KWRD_NM :유입키워드 명,TRFIC_CT : 트래픽 수]"
27282,"2020년 10월 넷째주 일별 주요 미디어지수_KOSPI 100대 기업","국내 2200개 미디어사로 유입된 급상승 KOSPI 100대 기업 키워드 트래픽 데이터입니다. [TRFIC_OCC_DT : 트래픽 발생 일시, RANK : 순위, SRCH_KWRD_NM :유입키워드 명,TRFIC_CT : 트래픽 수]"
27281,"2020년 10월 셋째주 일별 주요 미디어지수_KOSPI 100대 기업","국내 2200개 미디어사로 유입된 급상승 KOSPI 100대 기업 키워드 트래픽 데이터입니다. [TRFIC_OCC_DT : 트래픽 발생 일시, RANK : 순위, SRCH_KWRD_NM :유입키워드 명,TRFIC_CT : 트래픽 수]"
27280,"2020년 10월 둘째주 일별 주요 미디어지수_KOSPI 100대 기업","국내 2200개 미디어사로 유입된 급상승 KOSPI 100대 기업 키워드 트래픽 데이터입니다. [TRFIC_OCC_DT : 트래픽 발생 일시, RANK : 순위, SRCH_KWRD_NM :유입키워드 명,TRFIC_CT : 트래픽 수]"
27279,"2020년 10월 첫째주 일별 주요 미디어지수_KOSPI 100대 기업","국내 2200개 미디어사로 유입된 급상승 KOSPI 100대 기업 키워드 트래픽 데이터입니다. 
[TRFIC_OCC_DT : 트래픽 발생 일시, RANK : 순위, SRCH_KWRD_NM :유입키워드 명,TRFIC_CT : 트래픽 수]"
27278,"2020년도 4분기 온누리회원약국 제품공급 내역 - 모든 카테고리","2020년도 4분기 온누리회원약국 제품공급 내역 - 모든 카테고리
:해당 자료는 전국 2200여개의 온누리 약국체인으로 공급되고 있는 온누리에이치엔씨의 제품의 약 47개 카테고리 정보입니다."
27277,"2020년도 4분기 온누리약국 고객판매 내역 - 모든 카테고리","2020년도 4분기 온누리약국 고객판매 내역 - 모든 카테고리
:해당 자료는 전국 2200여개의 온누리 약국체인중 500여개 회원약국의 약 49개의 카테고리 고객 매출(판매pos) 정보 입니다."
27276,"2020년도 4분기 온누리스토어(온라인몰) 판매 내역 - 모든 카테고리 ","2020년도 3분기 온누리스토어(온라인몰) 판매 내역 - 모든 카테고리(약 55개 카테고리)

: 해당 자료는 국내 최대규모의 온라인 헬스케어 단독몰 온누리 스토어의  판매자료입니다. 
약 55개 카테고리의 매출과 판매 내역 및 금액
"
27275,지역별 업종별 가맹점지수 (성장전망 및 경쟁력 지수),"삼성카드 데이터로 추정한 가맹점의 성장전망지수와 경쟁력지수를 지역, 업종별로 집계한 데이터입니다. 
상권에 대한 평가가 가능하여 예비창업자 또는 상권 분석이 필요한 기업 또는 지자체에게 유용한 데이터입니다. 
(지역 및 업종 세분화 가능)"
27199,GS25 상품카테고리 별 지역별 강세 분석_202011,"- 전국 시/군/구 단위로 편의점의 상품 매출 비율을 통계하여 제공
- 각 지역의 상품 판매 평균과 전국 평균을 상품별로 비교하여 각 지역의 편의점 선호 상품을 제공함"
27198,지역별 GS25점포 매출분포_202011,"-. 전국 시/군/구 단위로 편의점 점포 매출수준을 통계하여 제공
-.각 지역의 점포별 매출수준을 그룹화하여 해당그룹에 어느정도의 점포가 포함되어 있는지를 수치화 하여 제공"
27197,유동인구에 따른 편의점 상품판매 추이분석,"-. 상권별 일자별 로플랫의 유동인구 변화와 편의점(GS25)의 상품카테고리 판매의 연관 관계를 분석함
-. 음료 카테고리 한정
-. 분석 기간 : 2020-09-01 ~ 2020-10-31
-. 추가적인 카테고리 및 기간은 개별문의(유료판매 가능)
"
27194,"202011 포털 인기검색 맛집 트렌드","대한민국 NO. 맛집 서비스 식신에서 발행한 매거진을 페이지 뷰 순으로 나열한 데이터입니다.
"
27193,"202011 전국 시도별 맛집 PV 순위",대한민국 NO. 맛집 서비스 식신 사용자가 한 접속 지역과 당시 조회한 맛집의 페이지 뷰 순위 데이터입니다.
27192,"202011 요일별 인기업종 카테고리 데이터",대한민국 NO. 맛집 서비스 식신 사용자가 요일별로 조회하는 맛집의 업종 카테고리 데이터입니다.
27191,"202011 사용자 선호맛집 가격 분포",대한민국 NO.1 맛집 서비스 식신 사용자의 성별별 선호 맛집과 대표메뉴의 가격 분포 데이터입니다. 
27190,"202011 직장인 업종별 식권 사용 주 시간대",식신e식권 가맹점을 대상으로 직장인들의 식권 결제시간 분포 통계 데이터입니다.
27189,"202011 기업과 가맹점 거리별 이용통계",식신e식권 이용기업과 가맹점 거리별 이용통계입니다. 해당 데이터를 통해 식당까지의 거리와 고객 식당 선택 여부가 관계 있는지 살펴볼 수 있습니다.
27188,"202011 사용자 성별별 관심 맛집 데이터",대한민국 NO.1 맛집 서비스 식신 사용자의 성별별로 관심을 갖는 맛집 데이터입니다.
27187,"202011 사용자 연령대별 관심 맛집 데이터",대한민국 NO.1 맛집 서비스 식신 사용자의 연령대별로 관심을 갖는 맛집 데이터입니다.
27186,"202011 외식 키워드 ",대한민국 NO.1 맛집 서비스 식신을 방문하는 사용자들이 주로 검색하는 키워드 데이터입니다.
27185,"202011 가맹점 조중석식 운영현황","식신e식권의 가맹점 업종별 조중석식 운영 현황 데이터입니다. 아침, 점심, 저녁 등 식사 시간 때 주로 어떤 식당 업종을 많이 이용하는지 살펴볼 수 있습니다."
27184,"202011 직장인 기업 석식 이용 통계",식신e식권을 이용하는 직장인들의 석식 이용 통계입니다. 해당 데이터를 통해 야간 근무가 많은 기업 분야가 어디인지 살펴볼 수 있습니다.
27183,"202011 계절별 인기 메뉴",대한민국 NO.1 맛집 서비스 식신의 사용자가 각 계절마다 많이 조회하는 맛집의 메뉴 데이터입니다. 해당 데이터를 통해 계절 변화에 따라 선호하는 메뉴가 무엇인지 살펴볼 수 있습니다.
27182,직장인 식권 취급음식점 POI,식신e식권에 가입되어 있는 전국 가맹점 POI 주소 데이터입니다. 본 상품은 협의 후 구매가 가능합니다.
27181,"2020 가을 계절별 직장인 방문 음식점 업종 TOP 5",식신E식권을 이용하는 직장인들의 계절별 방문 음식점 업종 TOP 5를 나타낸 데이터입니다.
27180,"202011 요일별 직장인 방문 음식점 업종 TOP 5",식신E식권을 이용하는 직장인들의 요일별 방문 음식점 업종 TOP 5 데이터입니다. 요일별로 가장 인기 있는 음식 업종을 살펴볼 수 있습니다.
27179,"202011 기업 업종별 점심식대 평균",식신E식권 도입 기업의 종목별 식대 소비 통계 데이터입니다. 종목이 각기 다른 기업의 행정구역별 식대를 비교할 수 있습니다.
27178,"202011 요일별 직장인 점심식대 평균",식신E식권을 이용하는 직장인들의 요일별 점심 식대 소비 통계 데이터입니다. 직장인들이 요일별로 어떤 음식점 업종을 주로 이용하는지 살펴볼 수 있습니다.
27175,"202011 서울 직장인 점심식대 금액 평균",식신E식권을 이용하는 직장인들의 서울특별시 구단위 별 점심 식대 소비 통계 데이터입니다.
27172,"202011 전국 직장인 점심식대 금액 평균",식신E식권을 이용하는 직장인들의 대도시별 점심 식대 소비 통계 데이터 입니다. 대도시별 직장인들의 점심 식대 사용 금액을 대략적으로 비교할 수 있습니다.
27170,직장인 점심 식대 소비 통계,"식신E식권을 이용하는 직장인들의 점심 식대 소비 통계 데이터입니다. 구별, 음식 카테고리별, 삼식별(조식, 점심, 저녁 등) 평균 이용 횟수를 확인할 수 있습니다."
27167,"202011 맛집별 조회 통계",식신에 등록되어 있는 음식점의 사용자 조회 데이터로 인기 매장과 인기 음식 카테고리 정보를 볼 수 있습니다. 
27165,"202011 음식 메뉴 및 가격정보",식신이 수집한 전국 음식점 POI의 메뉴판을 기반으로 한 메뉴별 가격 정보 데이터입니다. 
27161,큐레이션 푸드 매거진 컨텐츠,대한민국 NO.1 맛집 서비스 식신이 주제별로 선정한 맛집을 소개하는 기획기사형 매거진 데이터입니다. 
27160,식신 사용자 음식점 평가 후기,"식신 사용자가 음식점을 직접 방문해보고 경험한 맛, 서비스 등 음식점에 대한 평가를 모은 리뷰 데이터입니다."
27159,전국 음식점 이미지,"대한민국 No.1 맛집 서비스 식신이 자체 촬영하거나, 식신 사용자가 업로드한 음식점 이미지 데이터입니다. "
27158,"202011 전국 일반 맛집 정보",대한민국 NO.1 맛집 서비스 식신이 수집한 전국에 위치한 일반 음식점 POI 데이터입니다.
27157,"202011 전국 인기 맛집 정보",대한민국 NO.1 맛집 서비스 식신이 수집하고 관리하는 국내 인기 맛집 (핫플레이스) POI 데이터입니다. 
27156,"202011 전국 BEST 맛집 정보",대한민국 NO.1 맛집 서비스 식신이 엄선한 전국 Best 맛집의 상세한 정보가 담긴 POI 데이터입니다.
27145,온누리에이치엔씨 판매데이터,"2020년 온누리스토어, 약국POS판매데이터, ETC의 판매내역
:해당 자료는 국내 최대규모의 온라인 헬스케어 단독몰 온누리 스토어, 약 500여개의 온누리약국 POS판매데이터
약국의 조제 정보 입니다."
27144,온누리H&C 판매데이터,"2020년 온누리스토어, 약국POS판매데이터, ETC의 판매내역
:해당 자료는 국내 최대규모의 온라인 헬스케어 단독몰 온누리 스토어, 약 500여개의 온누리약국 POS판매데이터
약국의 조제 정보 입니다."
27143,온누리H&C 판매데이터,"2020년 온누리스토어, 약국POS판매데이터, ETC의 판매내역
:해당 자료는 국내 최대규모의 온라인 헬스케어 단독몰 온누리 스토어, 약 500여개의 온누리약국 POS판매데이터
약국의 조제 정보 입니다."
27142,온누리H&C 판매데이터,"2020년 온누리스토어, 약국POS판매데이터, ETC의 판매내역
:해당 자료는 국내 최대규모의 온라인 헬스케어 단독몰 온누리 스토어, 약 500여개의 온누리약국 POS판매데이터
특정 약국의 조제 정보 입니다."
27141,온누리H&C 판매데이터,"2020년 온누리스토어, 약국POS판매데이터, ETC의 판매내역
:해당 자료는 국내 최대규모의 온라인 헬스케어 단독몰 온누리 스토어, 약 500여개의 온누리약국 POS판매데이터
특정 약국의 조제 정보 입니다."
27140,온누리H&C 판매데이터,"2020년 온누리스토어, 약국POS판매데이터, ETC의 판매내역
:해당 자료는 국내 최대규모의 온라인 헬스케어 단독몰 온누리 스토어, 약 500여개의 온누리약국 POS판매데이터
특정 약국의 조제 정보 입니다."
27139,온누리H&C 판매데이터,"2020년 온누리스토어, 약국POS판매데이터, ETC의 판매내역
:해당 자료는 국내 최대규모의 온라인 헬스케어 단독몰 온누리 스토어, 약 500여개의 온누리약국 POS판매데이터
특정 약국의 조제 정보 입니다."
27135,"2018년~2020년도 온누리스토어(온라인몰) 판매 내역 - 모든 카테고리","2018년~2020년 9월 온누리스토어(온라인몰) 모든 카테고리의 판매내역 
: 해당 자료는 국내 최대규모의 온라인 헬스케어 단독몰 온누리 스토어의 모든 카테고리 판매자료입니다. 
 모든 카테고리의 매출과 판매 내역 및 금액"
27134,국내우편물류데이터,"집배기준 국내 우편물류의 접수 행정구역과 배송되는 읍면동까지 공개한 데이터
공개기간: `19.10.1 ~ `20.9.30"
26979,"2020년 11월 일별 인기기사 Top10","2020년 11월 국내 2200개 미디어의  일별 인기기사 Top10 데이터입니다.
DATE: 날짜	RANK: 일별 순위	ART_SJ_CN: 기사 제목	URL_ADDR: 해당 기사 링크"
26978,"2020년 11월 일별 발행 기사 수 분석 데이터","2020년 11월 국내 2200개 미디어의  일별 발행 기사 수 분석데이터입니다.
date: 일자	trfic_ct: 발행 기사 수"
26977,"2020년 11월 카테고리별 방문 pv","2020년 11월 국내 2200개 미디어의  카테고리별 방문 pv 데이터입니다.
cgr_nm: 카테고리 명[연예/스포츠, 경제/전문지, 종합일간지, 인터넷신문, 방송/통신사]	
dable_pv_per_user: 인당 트래픽 수 입니다"
26976,"2020년 11월 미디어 모바일 트래픽 인덱스","2020년 11월 국내 2200개 미디어의 모바일 트래픽 데이터입니다.
- 2개의 인덱스를 기준으로 책정된 트래픽 수치입니다[2019 일별 전체 트래픽의 평균, 2019년 각 시간대별 평균]
- 기준_트래픽 ; STD_TRFIC(100기준) "
26975,"2020년 11월 미디어 SNS 트렌드 데이터","2020년 11월 국내 2200개 미디어의  SNS 트렌드 데이터입니다.
유입경로의 비율을 통해 어떤 유입경로가 유의미한지 알 수 있습니다."
26974,"2020년 11월 미디어 방문자 OS 추정 데이터","2020년 11월
국내 1500개 미디어의 방문자 OS 추정 데이터입니다."
26973,"2020년 11월 미디어 방문자 브라우저 추정 데이터","2020년 11월의
국내 1500개 미디어의 방문자 브라우저 추정 데이터입니다."
26972,"2020년 11월 미디어 방문자 성별 추정 데이터","2020년 11월의
국내외 1500개 미디어의 방문자 성별 추정 데이터입니다.
Gender Code: [남성 : 1 /여성 : 2]"
26971,"2020년 11월 미디어 방문자 연령대 추정 데이터","2020년 11월의
국내 1500개 미디어의 방문자 연령대 추정 데이터입니다."
26970,"2020년 11월 미디어 방문자 유입 경로 추정 데이터","2020년 11월의
국내 1500개 미디어의 방문자 유입 경로 추정 데이터입니다.
INFW_CRS_KIND_NM[유입경로 종류 이름] 
-Direct : 직접경로 
-Others: 기타"
26969,"2020년 10월 일별 인기기사 Top10","2020년 10월 국내 2200개 미디어의  일별 인기기사 Top10 데이터입니다.
DATE: 날짜	RANK: 일별 순위	ART_SJ_CN: 기사 제목	URL_ADDR: 해당 기사 링크"
26968,"2020년 9월 일별 인기기사 Top10","2020년 9월 국내 2200개 미디어의  일별 인기기사 Top10 데이터입니다.
DATE: 날짜	RANK: 일별 순위	ART_SJ_CN: 기사 제목	URL_ADDR: 해당 기사 링크"
26967,"2020년 8월 일별 인기기사 Top10","2020년 8월 국내 2200개 미디어의  일별 인기기사 Top10 데이터입니다.
DATE: 날짜	RANK: 일별 순위	ART_SJ_CN: 기사 제목	URL_ADDR: 해당 기사 링크"
26966,"2020년 7월 일별 인기기사 Top10","2020년 7월 국내 2200개 미디어의  일별 인기기사 Top10 데이터입니다.
DATE: 날짜	RANK: 일별 순위	ART_SJ_CN: 기사 제목	URL_ADDR: 해당 기사 링크"
26952,"2020 경제 뉴스","- 매일방송, 2020년도 경제 카테고리 뉴스 정보 데이터 셋
- 텍스트를 이용한 AI 개발 등 다양한 방면에서 활용 가능"
26951,"2020 국제 뉴스","- 매일방송, 2020년도 국제 카테고리 뉴스 정보 데이터 셋
- 텍스트를 이용한 AI 개발 등 다양한 방면에서 활용 가능"
26950,"2020 문화 뉴스","- 매일방송, 2020년도 문화 카테고리 뉴스 정보 데이터 셋
- 텍스트를 이용한 AI 개발 등 다양한 방면에서 활용 가능"
26949,"2020 부동산 뉴스","- 매일방송, 2020년도 부동산 카테고리 뉴스 정보 데이터 셋
- 텍스트를 이용한 AI 개발 등 다양한 방면에서 활용 가능"
26948,"2020 사회 뉴스","- 매일방송, 2020년도 사회 카테고리 뉴스 정보 데이터 셋
- 텍스트를 이용한 AI 개발 등 다양한 방면에서 활용 가능"
26947,"2020 생활건강 뉴스","- 매일방송, 2020년도 생활건강 카테고리 뉴스 정보 데이터 셋
- 텍스트를 이용한 AI 개발 등 다양한 방면에서 활용 가능"
26946,"2020 스포츠 뉴스","- 매일방송, 2020년도 스포츠 카테고리 뉴스 정보 데이터 셋
- 텍스트를 이용한 AI 개발 등 다양한 방면에서 활용 가능"
26945,"2020 연예 뉴스","- 매일방송, 2020년도 연예 카테고리 뉴스 정보 데이터 셋
- 텍스트를 이용한 AI 개발 등 다양한 방면에서 활용 가능"
26944,GS25 상품카테고리 별 지역별 강세 분석,"- 전국 시&#x2F;군&#x2F;구 단위로 편의점의 상품 매출 비율을 통계하여 제공
- 각 지역의 상품 판매 평균과 전국 평균을 상품별로 비교하여 각 지역의 편의점 선호 상품을 제공함
"
26943,"2020 정치 뉴스","- 매일방송, 2020년도 정치 카테고리 뉴스 정보 데이터 셋
- 텍스트를 이용한 AI 개발 등 다양한 방면에서 활용 가능"
26942,지역별 GS25점포 매출분포,"-. 전국 시&#x2F;군&#x2F;구 단위로 편의점 점포 매출수준을 통계하여 제공
-.각 지역의 점포별 매출수준을 그룹화하여 해당그룹에 어느정도의 점포가 포함되어 있는지를 수치화 하여 제공"
26941,"2020 증권 뉴스","- 매일방송, 2020년도 증권 카테고리 뉴스 정보 데이터 셋
- 텍스트를 이용한 AI 개발 등 다양한 방면에서 활용 가능"
26911,국제우편물류(Inbound),"전세계에서 국내로 들어오는 우편물에 대해 도착일, 발송일, 국가코드등의 총 17개의 컬럼으로 구성된 데이터"
26910,국제우편물류(Outbound),"우체국을 통해서 해외로 발송되는 일반 및 통상 우편물의 세관신고 정보를, 접수일자, 도착국가코드, 내용품, 중량 포함 총 54개의 컬럼의 데이터 셋으로 구축"
26908,"2020년도 3분기 온누리약국 고객판매 내역 - 온누리약국 소모품(공급사 직배송) 카테고리","2020년도 3분기 온누리약국 고객판매 내역 - 온누리약국 소모품(공급사 직배송) 카테고리
:해당 자료는 전국 2200여개의 온누리 약국체인중 500여개 회원약국의 온누리약국 소모품(공급사 직배송) 카테고리 고객 매출(판매pos) 정보 입니다."
26907,"2020년도 3분기 온누리약국 고객판매 내역 - 오랄케어 카테고리","2020년도 3분기 온누리약국 고객판매 내역 - 오랄케어 카테고리
:해당 자료는 전국 2200여개의 온누리 약국체인중 500여개 회원약국의 오랄케어 카테고리 고객 매출(판매pos) 정보 입니다."
26906,"2020년도 3분기 온누리약국 고객판매 내역 - 온누리약국 소모품(온누리hundefinedc 배송) 카테고리","2020년도 2분기 온누리약국 고객판매 내역 - 온누리약국 소모품(온누리hundefinedc 배송 카테고리
:해당 자료는 전국 2200여개의 온누리 약국체인중 500여개 회원약국의 온누리약국 소모품(온누리hundefinedc 배송) 카테고리 고객 매출(판매pos) 정보입니다. 
"
26905, 2020년도 3분기 온누리약국 고객판매 내역 - 완구 및 캐릭터 카테고리,"2020년도 2분기 온누리약국 고객판매 내역 - 완구 및 캐릭터 카테고리
:해당 자료는 전국 2200여개의 온누리 약국체인중 500여개 회원약국의 완구 및 캐릭터카테고리 고객 매출(판매pos) 정보입니다. 
"
26904,"2020년도 3분기 온누리약국 고객판매 내역 - 웰빙식품 카테고리","2020년도 2분기 온누리약국 고객판매 내역 - 웰빙식품 카테고리
:해당 자료는 전국 2200여개의 온누리 약국체인중 500여개 회원약국의 웰빙식품 카테고리 고객 매출(판매pos) 정보입니다. "
26903,"2020년도 3분기 온누리약국 고객판매 내역 - 여성건강 카테고리","2020년도 3분기 온누리약국 고객판매 내역 - 여성건강 카테고리
:해당 자료는 전국 2200여개의 온누리 약국체인중 500여개 회원약국의 여성건강 카테고리 고객 매출(판매pos) 정보 입니다."
26902,"2020년도 3분기 온누리약국 고객판매 내역 - 위생용품 카테고리","2020년도 2분기 온누리약국 고객판매 내역 - 위생용품 카테고리
:해당 자료는 전국 2200여개의 온누리 약국체인중 500여개 회원약국의 위생용품 카테고리 고객 매출(판매pos) 정보입니다."
26901,"2020년도 3분기 온누리약국 고객판매 내역 - 어린이건강 카테고리","2020년도 3분기 온누리약국 고객판매 내역 - 어린이건강 카테고리
:해당 자료는 전국 2200여개의 온누리 약국체인중 500여개 회원약국의 어린이건강 카테고리 고객 매출(판매pos) 정보 입니다."
26900,"2020년도 3분기 온누리약국 고객판매 내역 - 유아용품 카테고리","2020년도 2분기 온누리약국 고객판매 내역 - 유아용품 카테고리
:해당 자료는 전국 2200여개의 온누리 약국체인중 500여개 회원약국의 유아용품 카테고리 고객 매출(판매pos) 정보입니다. "
26899,"2020년도 3분기 온누리약국 고객판매 내역 - 애견용품 카테고리","2020년도 3분기 온누리약국 고객판매 내역 - 애견용품 카테고리
:해당 자료는 전국 2200여개의 온누리 약국체인중 500여개 회원약국의 애견용품 카테고리 고객 매출(판매pos) 정보 입니다."
26898,"2020년도 3분기 온누리약국 고객판매 내역 - 응급,구급처치 카테고리","2020년도 2분기 온누리약국 고객판매 내역 - 응급,구급처치 카테고리
:해당 자료는 전국 2200여개의 온누리 약국체인중 500여개 회원약국의 응급,구급처치 카테고리 고객 매출(판매pos) 정보입니다. "
26897,"2020년도 3분기 온누리약국 고객판매 내역 - 안약 카테고리","2020년도 3분기 온누리약국 고객판매 내역 - 안약 카테고리
:해당 자료는 전국 2200여개의 온누리 약국체인중 500여개 회원약국의 안약 카테고리 고객 매출(판매pos) 정보 입니다."
26896,"2020년도 3분기 온누리약국 고객판매 내역 - 아이케어 카테고리","2020년도 3분기 온누리약국 고객판매 내역 - 아이케어 카테고리
:해당 자료는 전국 2200여개의 온누리 약국체인중 500여개 회원약국의 아이케어 카테고리 고객 매출(판매pos) 정보 입니다."
26895,"2020년도 3분기 온누리약국 고객판매 내역 - 의료기기,용품 카테고리","2020년도 2분기 온누리약국 고객판매 내역 - 의료기기,용품 카테고리
:해당 자료는 전국 2200여개의 온누리 약국체인중 500여개 회원약국의 의료기기,용품 카테고리 고객 매출(판매pos) 정보입니다."
26894,"2020년도 3분기 온누리약국 고객판매 내역 - 시니어용품 카테고리","2020년도 3분기 온누리약국 고객판매 내역 - 시니어용품 카테고리
:해당 자료는 전국 2200여개의 온누리 약국체인중 500여개 회원약국의 시니어용품 카테고리 고객 매출(판매pos) 정보 입니다."
26893,"2020년도 3분기 온누리약국 고객판매 내역 - 스킨케어 카테고리","2020년도 3분기 온누리약국 고객판매 내역 - 스킨케어 카테고리
:해당 자료는 전국 2200여개의 온누리 약국체인중 500여개 회원약국의 스킨케어 카테고리 고객 매출(판매pos) 정보 입니다."
26892,"2020년도 3분기 온누리약국 고객판매 내역 - 수면유도약 카테고리","2020년도 3분기 온누리약국 고객판매 내역 - 수면유도약 카테고리
:해당 자료는 전국 2200여개의 온누리 약국체인중 500여개 회원약국의 수면유도약 카테고리 고객 매출(판매pos) 정보 입니다."
26891,"2020년도 3분기 온누리약국 고객판매 내역 - 소화,위장 카테고리","2020년도 3분기 온누리약국 고객판매 내역 - 소화,위장 카테고리
:해당 자료는 전국 2200여개의 온누리 약국체인중 500여개 회원약국의 소화,위장 카테고리 고객 매출(판매pos) 정보 입니다."
26890,"2020년도 3분기 온누리약국 고객판매 내역 - 잇몸건강 카테고리","2020년도 2분기 온누리약국 고객판매 내역 - 잇몸건강 카테고리
:해당 자료는 전국 2200여개의 온누리 약국체인중 500여개 회원약국의 잇몸건강 카테고리 고객 매출(판매pos) 정보입니다. "
26889,"2020년도 3분기 온누리약국 고객판매 내역 - 자양강장 카테고리","2020년도 2분기 온누리약국 고객판매 내역 - 자양강장 카테고리
:해당 자료는 전국 2200여개의 온누리 약국체인중 500여개 회원약국의 자양강장 카테고리 고객 매출(판매pos) 정보입니다. 
"
26888,"2020년도 3분기 온누리약국 고객판매 내역 - 장건강 카테고리","2020년도 2분기 온누리약국 고객판매 내역 - 장건강 카테고리
:해당 자료는 전국 2200여개의 온누리 약국체인중 500여개 회원약국의 장건강 카테고리 고객 매출(판매pos) 정보입니다. "
26887,"2020년도 3분기 온누리약국 고객판매 내역 - 해열,진통,소염,근이완 카테고리","2020년도 2분기 온누리약국 고객판매 내역 - 해열,진통,소염,근이완 카테고리
:해당 자료는 전국 2200여개의 온누리 약국체인중 500여개 회원약국의 해열,진통,소염,근이완 카테고리 고객 매출(판매pos) 정보입니다. 
"
26886,"2020년도 3분기 온누리약국 고객판매 내역 - 피로,건강증진 카테고리","2020년도 2분기 온누리약국 고객판매 내역 - 피로,건강증진 카테고리
:해당 자료는 전국 2200여개의 온누리 약국체인중 500여개 회원약국의 피로,건강증진 카테고리 고객 매출(판매pos) 정보입니다. "
26885,"2020년도 3분기 온누리약국 고객판매 내역 - 피부외용약 카테고리","2020년도 2분기 온누리약국 고객판매 내역 - 피부외용약 카테고리
:해당 자료는 전국 2200여개의 온누리 약국체인중 500여개 회원약국의 피부외용약 카테고리 고객 매출(판매pos) 정보입니다. 
"
26884,"2020년도 3분기 온누리약국 고객판매 내역 - 한방약 카테고리","2020년도 2분기 온누리약국 고객판매 내역 - 한방약 카테고리
:해당 자료는 전국 2200여개의 온누리 약국체인중 500여개 회원약국의 한방약 카테고리 고객 매출(판매pos) 정보입니다. "
26883,"2020년도 3분기 온누리약국 고객판매 내역 - 헤어케어(의약품포함) 카테고리","2020년도 2분기 온누리약국 고객판매 내역 - 헤어케어(의약품포함) 카테고리
:해당 자료는 전국 2200여개의 온누리 약국체인중 500여개 회원약국의 헤어케어(의약품포함) 카테고리 고객 매출(판매pos) 정보입니다. 
"
26882,"2020년도 3분기 온누리약국 고객판매 내역 - 헬시푸드 카테고리","2020년도 2분기 온누리약국 고객판매 내역 - 헬시푸드 카테고리
:해당 자료는 전국 2200여개의 온누리 약국체인중 500여개 회원약국의 헬시푸드 카테고리 고객 매출(판매pos) 정보입니다. "
26881,"2020년도 3분기 온누리약국 고객판매 내역 - 혈행개선, 혈관건강 카테고리","2020년도 2분기 온누리약국 고객판매 내역 - 혈행개선, 혈관건강 카테고리
:해당 자료는 전국 2200여개의 온누리 약국체인중 500여개 회원약국의 혈행개선, 혈관건강 카테고리 고객 매출(판매pos) 정보입니다. "
26880,"2020년도 3분기 온누리약국 고객판매 내역 - 생활용품 카테고리","2020년도 3분기 온누리약국 고객판매 내역 - 생활용품 카테고리
:해당 자료는 전국 2200여개의 온누리 약국체인중 500여개 회원약국의 생활용품 카테고리 고객 매출(판매pos) 정보 입니다."
26879,"2020년도 3분기 온누리약국 고객판매 내역 -  뼈,관절건강 카테고리","2020년도 3분기 온누리약국 고객판매 내역 - 뼈,관절건강 카테고리
:해당 자료는 전국 2200여개의 온누리 약국체인중 500여개 회원약국의 뼈,관절건강 카테고리 고객 매출(판매pos) 정보 입니다."
26878,"2020년도 3분기 온누리약국 고객판매 내역 - 방충 카테고리","2020년도 3분기 온누리약국 고객판매 내역 - 방충 카테고리
:해당 자료는 전국 2200여개의 온누리 약국체인중 500여개 회원약국의 방충 카테고리 고객 매출(판매pos) 정보 입니다."
26877,"2020년도 3분기 온누리약국 고객판매 내역 - 발,다리케어 카테고리","2020년도 3분기 온누리약국 고객판매 내역 - 발,다리케어 카테고리
:해당 자료는 전국 2200여개의 온누리 약국체인중 500여개 회원약국의 발,다리케어 카테고리 고객 매출(판매pos) 정보 입니다."
26876,"2020년도 3분기 온누리약국 고객판매 내역 - 미용소품 카테고리","2020년도 3분기 온누리약국 고객판매 내역 - 미용소품 카테고리
:해당 자료는 전국 2200여개의 온누리 약국체인중 500여개 회원약국의 미용소품 카테고리 고객 매출(판매pos) 정보 입니다."
26875,"2020년도 3분기 온누리약국 고객판매 내역 - 마사지,교정,운동용품 카테고리","2020년도 3분기 온누리약국 고객판매 내역 - 마사지,교정,운동용품 카테고리
:해당 자료는 전국 2200여개의 온누리 약국체인중 500여개 회원약국의 마사지,교정,운동용품 카테고리 고객 매출(판매pos) 정보 입니다."
26873,"2020년도 3분기 온누리약국 고객판매 내역 - 로션,크림,오일 카테고리","2020년도 3분기 온누리약국 고객판매 내역 - 로션,크림,오일 카테고리
:해당 자료는 전국 2200여개의 온누리 약국체인중 500여개 회원약국의 로션,크림,오일 카테고리 고객 매출(판매pos) 정보 입니다."
26872,"2020년도 3분기 온누리약국 고객판매 내역 - 드링크음료한방 카테고리","2020년도 3분기 온누리약국 고객판매 내역 - 드링크음료한방 카테고리
:해당 자료는 전국 2200여개의 온누리 약국체인중 500여개 회원약국의 드링크음료한방 카테고리 고객 매출(판매pos) 정보 입니다."
26868,"2020년도 3분기 온누리약국 고객판매 내역 - 더마케어 카테고리","2020년도 3분기 온누리약국 고객판매 내역 - 더마케어 카테고리
:해당 자료는 전국 2200여개의 온누리 약국체인중 500여개 회원약국의 더마케어 카테고리 고객 매출(판매pos) 정보 입니다."
26859,"2020년도 3분기 온누리약국 고객판매 내역 - 당뇨,혈당건강 카테고리","2020년도 3분기 온누리약국 고객판매 내역 - 당뇨,혈당건강 카테고리
:해당 자료는 전국 2200여개의 온누리 약국체인중 500여개 회원약국의 당뇨,혈당건강 카테고리 고객 매출(판매pos) 정보 입니다."
26858,"2020년도 3분기 온누리약국 고객판매 내역 - 다이어트 카테고리","2020년도 3분기 온누리약국 고객판매 내역 - 다이어트 카테고리
:해당 자료는 전국 2200여개의 온누리 약국체인중 500여개 회원약국의 다이어트 카테고리 고객 매출(판매pos) 정보 입니다."
26857,"2020년도 3분기 온누리약국 고객판매 내역 - 남성건강 카테고리","2020년도 3분기 온누리약국 고객판매 내역 - 남성건강 카테고리
:해당 자료는 전국 2200여개의 온누리 약국체인중 500여개 회원약국의 남성건강 카테고리 고객 매출(판매pos) 정보 입니다."
26856,"2020년도 3분기 온누리약국 고객판매 내역 - 기타 건강 카테고리","2020년도 3분기 온누리약국 고객판매 내역 - 기타 카테고리
:해당 자료는 전국 2200여개의 온누리 약국체인중 500여개 회원약국의 기타 카테고리 고객 매출(판매pos) 정보 입니다."
26855,"2020년도 3분기 온누리약국 고객판매 내역 - 금연 카테고리","2020년도 3분기 온누리약국 고객판매 내역 - 금연 카테고리
:해당 자료는 전국 2200여개의 온누리 약국체인중 500여개 회원약국의 금연 카테고리 고객 매출(판매pos) 정보 입니다."
26854,"2020년도 3분기 온누리약국 고객판매 내역 - 국소진통완화약 카테고리","2020년도 3분기 온누리약국 고객판매 내역 - 국소진통완화약 카테고리
:해당 자료는 전국 2200여개의 온누리 약국체인중 500여개 회원약국의 국소진통완화약 카테고리 고객 매출(판매pos) 정보 입니다."
26853,"2020년도 3분기 온누리약국 고객판매 내역 - 감기 카테고리","2020년도 3분기 온누리약국 고객판매 내역 -감기 카테고리
:해당 자료는 전국 2200여개의 온누리 약국체인중 500여개 회원약국의 감기 카테고리 고객 매출(판매pos) 정보 입니다."
26852,"2020년도 3분기 온누리약국 고객판매 내역 - 간건강 카테고리","2020년도 3분기 온누리약국 고객판매 내역 - 간건강 카테고리
:해당 자료는 전국 2200여개의 온누리 약국체인중 500여개 회원약국의 간건강 카테고리 고객 매출(판매pos) 정보 입니다."
26851,"2020년도 3분기 온누리약국 고객판매 내역 - 가족계획 카테고리","2020년도 3분기 온누리약국 고객판매 내역 - 가족계획 카테고리
:해당 자료는 전국 2200여개의 온누리 약국체인중 500여개 회원약국의 가족계획 카테고리 고객 매출(판매pos) 정보 입니다."
26850,"2020년도 3분기 온누리회원약국 제품공급 내역 - 웰빙식품 카테고리","2020년도 3분기 온누리회원약국 제품공급 내역 - 웰빙식품 카테고리
:해당 자료는 전국 2200여개의 온누리 약국체인으로 공급되고 있는 온누리에이치엔씨의 제품의 웰빙식품 카테고리 정보입니다."
26849,"2020년도 3분기 온누리회원약국 제품공급 내역 - 완구 및 캐릭터 카테고리","2020년도 3분기 온누리회원약국 제품공급 내역 - 완구 및 캐릭터 카테고리
:해당 자료는 전국 2200여개의 온누리 약국체인으로 공급되고 있는 온누리에이치엔씨의 제품의 완구 및 캐릭터 카테고리 정보입니다."
26848,"2020년도 3분기 온누리회원약국 제품공급 내역 - 위생용품 카테고리","2020년도 3분기 온누리회원약국 제품공급 내역 - 위생용품 카테고리
:해당 자료는 전국 2200여개의 온누리 약국체인으로 공급되고 있는 온누리에이치엔씨의 제품의 위생용품 카테고리 정보입니다."
26847,"2020년도 3분기 온누리회원약국 제품공급 내역 - 온누리약국설비  카테고리","2020년도 3분기 온누리회원약국 제품공급 내역 - 온누리약국설비 카테고리
:해당 자료는 전국 2200여개의 온누리 약국체인으로 공급되고 있는 온누리에이치엔씨의 제품의 온누리약국설비 카테고리 정보입니다."
26846,"2020년도 3분기 온누리회원약국 제품공급 내역 - 응급, 구급처치 카테고리","2020년도 3분기 온누리회원약국 제품공급 내역 - 응급, 구급처치 카테고리
:해당 자료는 전국 2200여개의 온누리 약국체인으로 공급되고 있는 온누리에이치엔씨의 제품의 응급, 구급처치 카테고리 정보입니다."
26845,"2020년도 3분기 온누리회원약국 제품공급 내역 - 온누리약국 소모품(온누리hundefinedc 배송) 카테고리","2020년도 3분기 온누리회원약국 제품공급 내역 - 온누리약국 소모품(온누리hundefinedc 배송) 카테고리
:해당 자료는 전국 2200여개의 온누리 약국체인으로 공급되고 있는 온누리에이치엔씨의 제품의 온누리약국 소모품 카테고리 정보입니다."
26844,"2020년도 3분기 온누리회원약국 제품공급 내역 - 온누리약국 소모품(공급사 직배송) 카테고리","2020년도 3분기 온누리회원약국 제품공급 내역 - 온누리약국 소모품(공급사 직배송) 카테고리
:해당 자료는 전국 2200여개의 온누리 약국체인으로 공급되고 있는 온누리에이치엔씨의 제품의 온누리약국 소모품(공급사 직배송) 카테고리 정보입니다."
26843,"2020년도 3분기 온누리회원약국 제품공급 내역 - 의료기기, 용품 카테고리","2020년도 3분기 온누리회원약국 제품공급 내역 - 의료기기, 용품 카테고리
:해당 자료는 전국 2200여개의 온누리 약국체인으로 공급되고 있는 온누리에이치엔씨의 제품의 의료기기, 용품 카테고리 정보입니다."
26842,"2020년도 3분기 온누리회원약국 제품공급 내역 - 잇몸건강 카테고리","2020년도 3분기 온누리회원약국 제품공급 내역 - 잇몸건강 카테고리
:해당 자료는 전국 2200여개의 온누리 약국체인으로 공급되고 있는 온누리에이치엔씨의 제품의 잇몸건강 카테고리 정보입니다."
26841,"2020년도 3분기 온누리회원약국 제품공급 내역 - 오랄케어 카테고리","2020년도 3분기 온누리회원약국 제품공급 내역 - 오랄케어 카테고리
:해당 자료는 전국 2200여개의 온누리 약국체인으로 공급되고 있는 온누리에이치엔씨의 제품의 오랄케어 카테고리 정보입니다."
26840,"2020년도 3분기 온누리회원약국 제품공급 내역 - 여성건강 카테고리","2020년도 3분기 온누리회원약국 제품공급 내역 - 여성건강 카테고리
:해당 자료는 전국 2200여개의 온누리 약국체인으로 공급되고 있는 온누리에이치엔씨의 제품의 여성건강 카테고리 정보입니다."
26839,"2020년도 3분기 온누리회원약국 제품공급 내역 - 자양강장 카테고리","2020년도 3분기 온누리회원약국 제품공급 내역 - 자양강장 카테고리
:해당 자료는 전국 2200여개의 온누리 약국체인으로 공급되고 있는 온누리에이치엔씨의 제품의 자양강장 카테고리 정보입니다."
26838,"2020년도 3분기 온누리회원약국 제품공급 내역 - 어린이건강 카테고리","2020년도 3분기 온누리회원약국 제품공급 내역 - 어린이건강 카테고리
:해당 자료는 전국 2200여개의 온누리 약국체인으로 공급되고 있는 온누리에이치엔씨의 제품의 어린인건강 카테고리 정보입니다."
26837,"2020년도 3분기 온누리회원약국 제품공급 내역 - 장건강 카테고리","2020년도 3분기 온누리회원약국 제품공급 내역 - 장건강 카테고리
:해당 자료는 전국 2200여개의 온누리 약국체인으로 공급되고 있는 온누리에이치엔씨의 제품의 장건강 카테고리 정보입니다."
26836,"2020년도 3분기 온누리회원약국 제품공급 내역 - 애견용품 카테고리","2020년도 3분기 온누리회원약국 제품공급 내역 - 애견용품 카테고리
:해당 자료는 전국 2200여개의 온누리 약국체인으로 공급되고 있는 온누리에이치엔씨의 제품의 애견용품 카테고리 정보입니다."
26835,"2020년도 3분기 온누리회원약국 제품공급 내역 - 피로, 건강증진 카테고리","2020년도 3분기 온누리회원약국 제품공급 내역 - 피로, 건강증진 카테고리
:해당 자료는 전국 2200여개의 온누리 약국체인으로 공급되고 있는 온누리에이치엔씨의 제품의 피로, 건강증진 카테고리 정보입니다."
26834,"2020년도 3분기 온누리회원약국 제품공급 내역 - 피부외용약 카테고리","2020년도 3분기 온누리회원약국 제품공급 내역 - 피부외용약 카테고리
:해당 자료는 전국 2200여개의 온누리 약국체인으로 공급되고 있는 온누리에이치엔씨의 제품의 피부외용약 카테고리 정보입니다."
26833,"2020년도 3분기 온누리회원약국 제품공급 내역 - 한방약 카테고리","2020년도 3분기 온누리회원약국 제품공급 내역 - 한방약 카테고리
:해당 자료는 전국 2200여개의 온누리 약국체인으로 공급되고 있는 온누리에이치엔씨의 제품의 한방약 카테고리 정보입니다."
26832,"2020년도 3분기 온누리회원약국 제품공급 내역 - 안약 카테고리","2020년도 3분기 온누리회원약국 제품공급 내역 - 안약 카테고리
:해당 자료는 전국 2200여개의 온누리 약국체인으로 공급되고 있는 온누리에이치엔씨의 제품의 안약 카테고리 정보입니다."
26831,"2020년도 3분기 온누리회원약국 제품공급 내역 - 아이케어 카테고리","2020년도 3분기 온누리회원약국 제품공급 내역 - 아이케어 카테고리
:해당 자료는 전국 2200여개의 온누리 약국체인으로 공급되고 있는 온누리에이치엔씨의 제품의 아이케어 카테고리 정보입니다."
26829,"2020년도 3분기 온누리회원약국 제품공급 내역 - 소화,위장 카테고리","2020년도 3분기 온누리회원약국 제품공급 내역 - 소화,위장 카테고리
:해당 자료는 전국 2200여개의 온누리 약국체인으로 공급되고 있는 온누리에이치엔씨의 제품의 소화,위장 카테고리 정보입니다."
26820,"2020년도 3분기 온누리회원약국 제품공급 내역 - 해열, 진통, 소염, 근이완 카테고리","2020년도 3분기 온누리회원약국 제품공급 내역 - 해열, 진통, 소염, 근이완카테고리
:해당 자료는 전국 2200여개의 온누리 약국체인으로 공급되고 있는 온누리에이치엔씨의 제품의 해열, 진통, 소염, 근이완 카테고리 정보입니다."
26818,"2020년도 3분기 온누리회원약국 제품공급 내역 - 헤어케어(의약품포함) 카테고리","2020년도 3분기 온누리회원약국 제품공급 내역 - 헤어케어(의약품포함) 카테고리
:해당 자료는 전국 2200여개의 온누리 약국체인으로 공급되고 있는 온누리에이치엔씨의 제품의 헤어케어(의약품포함) 카테고리 정보입니다."
26816,"2020년도 3분기 온누리회원약국 제품공급 내역 - 생활용품 카테고리","2020년도 3분기 온누리회원약국 제품공급 내역 - 생활용품 카테고리
:해당 자료는 전국 2200여개의 온누리 약국체인으로 공급되고 있는 온누리에이치엔씨의 제품의 생활용품 카테고리 정보입니다."
26815,"2020년도 3분기 온누리회원약국 제품공급 내역 - 헬시푸드 카테고리","2020년도 3분기 온누리회원약국 제품공급 내역 - 헬시푸드 카테고리
:해당 자료는 전국 2200여개의 온누리 약국체인으로 공급되고 있는 온누리에이치엔씨의 제품의 헬시푸드 카테고리 정보입니다."
26813,"2020년도 3분기 온누리회원약국 제품공급 내역 - 혈행개선, 혈관건강 카테고리","2020년도 3분기 온누리회원약국 제품공급 내역 - 혈행개선, 혈관건강 카테고리
:해당 자료는 전국 2200여개의 온누리 약국체인으로 공급되고 있는 온누리에이치엔씨의 제품의 혈행개선, 혈관건강 카테고리 정보입니다."
26810,"2020년도 3분기 온누리회원약국 제품공급 내역 - 뼈,관절건강 카테고리","2020년도 3분기 온누리회원약국 제품공급 내역 - 뼈,관절건강 카테고리
:해당 자료는 전국 2200여개의 온누리 약국체인으로 공급되고 있는 온누리에이치엔씨의 제품의 뼈,관절건강 카테고리 정보입니다."
26809,"2020년도 3분기 온누리회원약국 제품공급 내역 - 바디,핸드케어 카테고리","2020년도 3분기 온누리회원약국 제품공급 내역 - 바디,핸드케어 카테고리
:해당 자료는 전국 2200여개의 온누리 약국체인으로 공급되고 있는 온누리에이치엔씨의 제품의 바디,핸드케어 카테고리 정보입니다."
26808,"2020년도 3분기 온누리회원약국 제품공급 내역 - 미용소품 카테고리","2020년도 3분기 온누리회원약국 제품공급 내역 - 미용소품 카테고리
:해당 자료는 전국 2200여개의 온누리 약국체인으로 공급되고 있는 온누리에이치엔씨의 제품의 미용소품 카테고리 정보입니다."
26806,"2020년도 3분기 온누리회원약국 제품공급 내역 - 더마케어 카테고리","2020년도 3분기 온누리회원약국 제품공급 내역 - 더마케어 카테고리
:해당 자료는 전국 2200여개의 온누리 약국체인으로 공급되고 있는 온누리에이치엔씨의 제품의 더마케어 카테고리 정보입니다."
26802,"2020년도 3분기 온누리회원약국 제품공급 내역 - 당뇨,혈당건강 카테고리","2020년도 3분기 온누리회원약국 제품공급 내역 - 당뇨,혈당건강 카테고리
:해당 자료는 전국 2200여개의 온누리 약국체인으로 공급되고 있는 온누리에이치엔씨의 제품의 당뇨,혈당건강 카테고리 정보입니다."
26801,"2020년도 3분기 온누리회원약국 제품공급 내역 - 다이어트 카테고리","2020년도 3분기 온누리회원약국 제품공급 내역 - 다이어트 카테고리
:해당 자료는 전국 2200여개의 온누리 약국체인으로 공급되고 있는 온누리에이치엔씨의 제품의 다이어트 카테고리 정보입니다."
26800,"2020년도 3분기 온누리회원약국 제품공급 내역 - 눈건강 카테고리","2020년도 3분기 온누리회원약국 제품공급 내역 - 눈건강 카테고리
:해당 자료는 전국 2200여개의 온누리 약국체인으로 공급되고 있는 온누리에이치엔씨의 제품의 눈건강 카테고리 정보입니다."
26797,"2020년도 3분기 온누리회원약국 제품공급 내역 - 남성건강 카테고리","2020년도 3분기 온누리회원약국 제품공급 내역 - 남성건강 카테고리
:해당 자료는 전국 2200여개의 온누리 약국체인으로 공급되고 있는 온누리에이치엔씨의 제품의 남성건강 카테고리 정보입니다."
26792,"2020년도 3분기 온누리회원약국 제품공급 내역 - 국소진통완화약 카테고리","2020년도 3분기 온누리회원약국 제품공급 내역 - 국소진통완화약 카테고리
:해당 자료는 전국 2200여개의 온누리 약국체인으로 공급되고 있는 온누리에이치엔씨의 제품의 국소진통완화약 카테고리 정보입니다."
26785,"2020년도 3분기 온누리회원약국 제품공급 내역 - 가족계획 카테고리","2020년도 3분기 온누리회원약국 제품공급 내역 - 가족계획 카테고리
:해당 자료는 전국 2200여개의 온누리 약국체인으로 공급되고 있는 온누리에이치엔씨의 제품의 가족계획 카테고리 정보입니다."
26784,"2020년도 3분기 온누리회원약국 제품공급 내역 - 간건강 카테고리","2020년도 3분기 온누리회원약국 제품공급 내역 - 간건강 카테고리
:해당 자료는 전국 2200여개의 온누리 약국체인으로 공급되고 있는 온누리에이치엔씨의 제품의 간건강 카테고리 정보입니다."
26783,"2020년도 3분기 온누리회원약국 제품공급 내역 - 감기 카테고리","2020년도 3분기 온누리회원약국 제품공급 내역 - 감기 카테고리
:해당 자료는 전국 2200여개의 온누리 약국체인으로 공급되고 있는 온누리에이치엔씨의 제품의 감기 카테고리 정보입니다."
26777,"2020년도 3분기 온누리스토어(온라인몰) 판매 내역 - 유아용품 카테고리","2020년도 3분기 온누리스토어(온라인몰) 판매 내역 -유아용품 카테고리

: 해당 자료는 국내 최대규모의 온라인 헬스케어 단독몰 온누리 스토어의 해당 카테고리 판매자료입니다. 
유아용품 관련 카테고리의 매출과 판매 내역 및 금액"
26776,"2020년도 3분기 온누리스토어(온라인몰) 판매 내역 - 활력에너지 카테고리","2020년도 3분기 온누리스토어(온라인몰) 판매 내역 -활력에너지 카테고리

: 해당 자료는 국내 최대규모의 온라인 헬스케어 단독몰 온누리 스토어의 해당 카테고리 판매자료입니다. 
활력에너지 관련 카테고리의 매출과 판매 내역 및 금액"
26775,"2020년도 3분기 온누리스토어(온라인몰) 판매 내역 - 환,청,분말 카테고리","2020년도 3분기 온누리스토어(온라인몰) 판매 내역 - 환,청,분말 카테고리

: 해당 자료는 국내 최대규모의 온라인 헬스케어 단독몰 온누리 스토어의 해당 카테고리 판매자료입니다. 
환,청,분말 관련 카테고리의 매출과 판매 내역 및 금액"
26774,"2020년도 3분기 온누리스토어(온라인몰) 판매 내역 - 혈행개선 카테고리","2020년도 3분기 온누리스토어(온라인몰) 판매 내역 - 혈행개선 카테고리

: 해당 자료는 국내 최대규모의 온라인 헬스케어 단독몰 온누리 스토어의 해당 카테고리 판매자료입니다. 
혈행개선 관련 카테고리의 매출과 판매 내역 및 금액"
26773,"2020년도 3분기 온누리스토어(온라인몰) 판매 내역 - 혈당관리 카테고리","2020년도 3분기 온누리스토어(온라인몰) 판매 내역 - 혈당관리 카테고리

: 해당 자료는 국내 최대규모의 온라인 헬스케어 단독몰 온누리 스토어의 해당 카테고리 판매자료입니다. 
혈당관리 관련 카테고리의 매출과 판매 내역 및 금액
"
26772,"2020년도 3분기 온누리스토어(온라인몰) 판매 내역 - 헤어케어 카테고리","2020년도 3분기 온누리스토어(온라인몰) 판매 내역 - 헤어케어  카테고리

: 해당 자료는 국내 최대규모의 온라인 헬스케어 단독몰 온누리 스토어의 해당 카테고리 판매자료입니다. 
헤어케어 관련 카테고리의 매출과 판매 내역 및 금액
"
26771,"2020년도 3분기 온누리스토어(온라인몰) 판매 내역 - 키즈푸드 카테고리","
2020년도 3분기 온누리스토어(온라인몰) 판매 내역 - 키즈푸드 카테고리

: 해당 자료는 국내 최대규모의 온라인 헬스케어 단독몰 온누리 스토어의 해당 카테고리 판매자료입니다. 
키즈푸드 관련 카테고리의 매출과 판매 내역 및 금액"
26770,"2020년도 3분기 온누리스토어(온라인몰) 판매 내역 - 클렌징 카테고리","2020년도 3분기 온누리스토어(온라인몰) 판매 내역 -클렌징 카테고리

: 해당 자료는 국내 최대규모의 온라인 헬스케어 단독몰 온누리 스토어의 해당 카테고리 판매자료입니다. 
클렌징 관련 카테고리의 매출과 판매 내역 및 금액
"
26769,"2020년도 3분기 온누리스토어(온라인몰) 판매 내역 - 종합건강 카테고리","2020년도 3분기 온누리스토어(온라인몰) 판매 내역 - 종합건강 카테고리

: 해당 자료는 국내 최대규모의 온라인 헬스케어 단독몰 온누리 스토어의 해당 카테고리 판매자료입니다. 
종합건강 관련 카테고리의 매출과 판매 내역 및 금액
"
26768,"2020년도 3분기 온누리스토어(온라인몰) 판매 내역 - 장건강 카테고리","2020년도 3분기 온누리스토어(온라인몰) 판매 내역 - 장건강 카테고리

: 해당 자료는 국내 최대규모의 온라인 헬스케어 단독몰 온누리 스토어의 해당 카테고리 판매자료입니다. 
장건강 관련 카테고리의 매출과 판매 내역 및 금액"
26767,"2020년도 3분기 온누리스토어(온라인몰) 판매 내역 - 의료기기,용품 카테고리","2020년도 3분기 온누리스토어(온라인몰) 판매 내역 - 의료기기,용품 카테고리

: 해당 자료는 국내 최대규모의 온라인 헬스케어 단독몰 온누리 스토어의 해당 카테고리 판매자료입니다. 
의료기기,용품 관련 카테고리의 매출과 판매 내역 및 금액"
26766,"2020년도 3분기 온누리스토어(온라인몰) 판매 내역 - 응급,구급처치 카테고리","2020년도 3분기 온누리스토어(온라인몰) 판매 내역 - 응급,구급처치 카테고리

: 해당 자료는 국내 최대규모의 온라인 헬스케어 단독몰 온누리 스토어의 해당 카테고리 판매자료입니다. 
응급,구급처치 관련 카테고리의 매출과 판매 내역 및 금액
"
26765,"2020년도 3분기 온누리스토어(온라인몰) 판매 내역 - 유제품,냉장,냉동식품 카테고리","2020년도 3분기 온누리스토어(온라인몰) 판매 내역 -유제품,냉장,냉동식품 카테고리

: 해당 자료는 국내 최대규모의 온라인 헬스케어 단독몰 온누리 스토어의 해당 카테고리 판매자료입니다. 유제품,냉장냉동식품 관련 카테고리의 매출과 판매 내역 및 금액"
26764,"2020년도 3분기 온누리스토어(온라인몰) 판매 내역 - 위생용품 카테고리","2020년도 3분기 온누리스토어(온라인몰) 판매 내역 - 위생용품 카테고리

: 해당 자료는 국내 최대규모의 온라인 헬스케어 단독몰 온누리 스토어의 해당 카테고리 판매자료입니다. 
위생용품 관련 카테고리의 매출과 판매 내역 및 금액"
26763,"2020년도 3분기 온누리스토어(온라인몰) 판매 내역 - 웰빙식품 카테고리","2020년도 3분기 온누리스토어(온라인몰) 판매 내역 - 웰빙식품 카테고리

: 해당 자료는 국내 최대규모의 온라인 헬스케어 단독몰 온누리 스토어의 해당 카테고리 판매자료입니다. 
웰빙식품 관련 카테고리의 매출과 판매 내역 및 금액"
26762,"2020년도 3분기 온누리스토어(온라인몰) 판매 내역 - 완구 및 캐릭터 카테고리","2020년도 3분기 온누리스토어(온라인몰) 판매 내역 - 완구 및 캐릭터 카테고리

: 해당 자료는 국내 최대규모의 온라인 헬스케어 단독몰 온누리 스토어의 해당 카테고리 판매자료입니다. 
완구 및 캐릭터 관련 카테고리의 매출과 판매 내역 및 금액"
26761,"2020년도 3분기 온누리스토어(온라인몰) 판매 내역 - 오랄케어 카테고리","2020년도 3분기 온누리스토어(온라인몰) 판매 내역 - 오랄케어 카테고리

: 해당 자료는 국내 최대규모의 온라인 헬스케어 단독몰 온누리 스토어의 해당 카테고리 판매자료입니다. 
오랄케어 관련 카테고리의 매출과 판매 내역 및 금액"
26760,"2020년도 3분기 온누리스토어(온라인몰) 판매 내역 - 여성건강 카테고리","2020년도 3분기 온누리스토어(온라인몰) 판매 내역 - 여성건강 카테고리

: 해당 자료는 국내 최대규모의 온라인 헬스케어 단독몰 온누리 스토어의 해당 카테고리 판매자료입니다. 
여성건강 관련 카테고리의 매출과 판매 내역 및 금액
"
26759,"2020년도 3분기 온누리스토어(온라인몰) 판매 내역 - 어린이건강 카테고리","2020년도 3분기 온누리스토어(온라인몰) 판매 내역 -어린이건강 카테고리

: 해당 자료는 국내 최대규모의 온라인 헬스케어 단독몰 온누리 스토어의 해당 카테고리 판매자료입니다. 
어린이건강 관련 카테고리의 매출과 판매 내역 및 금액
"
26758,"2020년도 3분기 온누리스토어(온라인몰) 판매 내역 - 아이케어 카테고리","2020년도 3분기 온누리스토어(온라인몰) 판매 내역 - 아이케어 카테고리

: 해당 자료는 국내 최대규모의 온라인 헬스케어 단독몰 온누리 스토어의 해당 카테고리 판매자료입니다. 
아이케어 관련 카테고리의 매출과 판매 내역 및 금액
"
26757,"2020년도 3분기 온누리스토어(온라인몰) 판매 내역 - 쌀,잡곡 카테고리","2020년도 3분기 온누리스토어(온라인몰) 판매 내역 - 쌀,잡곡 카테고리

: 해당 자료는 국내 최대규모의 온라인 헬스케어 단독몰 온누리 스토어의 해당 카테고리 판매자료입니다. 
쌀,잡곡 관련 카테고리의 매출과 판매 내역 및 금액"
26756,"2020년도 3분기 온누리스토어(온라인몰) 판매 내역 - 식품(과자,초콜릿 등) 카테고리","2020년도 3분기 온누리스토어(온라인몰) 판매 내역 - 식품(과자,초콜릿 등) 카테고리

: 해당 자료는 국내 최대규모의 온라인 헬스케어 단독몰 온누리 스토어의 해당 카테고리 판매자료입니다. 과자,초콜릿,등 관련 카테고리의 매출과 판매 내역 및 금"
26755,"2020년도 3분기 온누리스토어(온라인몰) 판매 내역 - 식품(견과,건해산물) 카테고리","2020년도 3분기 온누리스토어(온라인몰) 판매 내역 - 식품(견과,건해산물) 카테고리

: 해당 자료는 국내 최대규모의 온라인 헬스케어 단독몰 온누리 스토어의 해당 카테고리 판매자료입니다. 식품 견과,건해산물 관련 카테고리의 매출과 판매 내역 및 금"
26754,"2020년도 3분기 온누리스토어(온라인몰) 판매 내역 - 시니어용품 카테고리","2020년도 3분기 온누리스토어(온라인몰) 판매 내역 -시니어용품 카테고리

: 해당 자료는 국내 최대규모의 온라인 헬스케어 단독몰 온누리 스토어의 해당 카테고리 판매자료입니다. 시니어용품 관련 카테고리의 매출과 판매 내역 및 금액"
26753,"2020년도 3분기 온누리스토어(온라인몰) 판매 내역 - 스킨케어 카테고리","2020년도 3분기 온누리스토어(온라인몰) 판매 내역 -스킨케어 카테고리

: 해당 자료는 국내 최대규모의 온라인 헬스케어 단독몰 온누리 스토어의 해당 카테고리 판매자료입니다. 스킨케어 관련 카테고리의 매출과 판매 내역 및 금액"
26752,"2020년도 3분기 온누리스토어(온라인몰) 판매 내역 - 선케어 카테고리","2020년도 3분기 온누리스토어(온라인몰) 판매 내역 - 선케어 카테고리

: 해당 자료는 국내 최대규모의 온라인 헬스케어 단독몰 온누리 스토어의 해당 카테고리 판매자료입니다. 선케어 관련 카테고리의 매출과 판매 내역 및 금액"
26751,"2020년도 3분기 온누리스토어(온라인몰) 판매 내역 - 생활용품 카테고리","2020년도 3분기 온누리스토어(온라인몰) 판매 내역 -생활용품 카테고리

: 해당 자료는 국내 최대규모의 온라인 헬스케어 단독몰 온누리 스토어의 해당 카테고리 판매자료입니다. 생활용품  관련 카테고리의 매출과 판매 내역 및 금액"
26750,"2020년도 3분기 온누리스토어(온라인몰) 판매 내역 - 생수,음료,주류,커피 카테고리","2020년도 3분기 온누리스토어(온라인몰) 판매 내역 - 생수,음료,주류,커피카테고리

: 해당 자료는 국내 최대규모의 온라인 헬스케어 단독몰 온누리 스토어의 해당 카테고리 판매자료입니다. 생수,음료,주류,커피 관련 카테고리 매출과 판매 내역 및 금액"
26749,"2020년 10월 일별 발행 기사 수 분석 데이터","2020년 10월 국내 2200개 미디어의  일별 발행 기사 수 분석데이터입니다.
date: 일자	trfic_ct: 발행 기사 수"
26748,"2020년 9월 일별 발행 기사 수 분석 데이터","2020년 9월 국내 2200개 미디어의  일별 발행 기사 수 분석데이터입니다.
date: 일자	trfic_ct: 발행 기사 수"
26747,"2020년 8월 일별 발행 기사 수 분석 데이터","2020년 8월 국내 2200개 미디어의  일별 발행 기사 수 분석데이터입니다.
date: 일자	trfic_ct: 발행 기사 수"
26746,"2020년 7월 일별 발행 기사 수 분석 데이터","2020년 7월 국내 2200개 미디어의  일별 발행 기사 수 분석데이터입니다.
date: 일자	trfic_ct: 발행 기사 수"
26745,"2020년도 3분기 온누리스토어(온라인몰) 판매 내역 - 뼈,관절건강 카테고리","2020년도 3분기 온누리스토어(온라인몰) 판매 내역 - 뼈, 관절건강 카테고리

: 해당 자료는 국내 최대규모의 온라인 헬스케어 단독몰 온누리 스토어의 해당 카테고리 판매자료입니다. 뼈, 관절건강 관련 카테고리의 매출과 판매 내역 및 금액"
26744,"2020년 7월 카테고리별 방문pv","2020년 7월 국내 2200개 미디어의  카테고리별 방문 pv 데이터입니다.
cgr_nm: 카테고리 명[연예/스포츠, 경제/전문지, 종합일간지, 인터넷신문, 방송/통신사]	
dable_pv_per_user: 인당 트래픽 수 입니다"
26743,"2020년 10월 카테고리별 방문 pv","2020년 10월 국내 2200개 미디어의  카테고리별 방문 pv 데이터입니다.
cgr_nm: 카테고리 명[연예/스포츠, 경제/전문지, 종합일간지, 인터넷신문, 방송/통신사]	
dable_pv_per_user: 인당 트래픽 수 입니다"
26742,"2020년 9월 카테고리별 방문pv","2020년 9월 국내 2200개 미디어의  카테고리별 방문 pv 데이터입니다.
cgr_nm: 카테고리 명[연예/스포츠, 경제/전문지, 종합일간지, 인터넷신문, 방송/통신사]	
dable_pv_per_user: 인당 트래픽 수 입니다"
26741,"2020년 8월 카테고리별 방문pv","2020년 8월 국내 2200개 미디어의  카테고리별 방문 pv 데이터입니다.
cgr_nm: 카테고리 명[연예/스포츠, 경제/전문지, 종합일간지, 인터넷신문, 방송/통신사]	
dable_pv_per_user: 인당 트래픽 수 입니다"
26739,매장 방문 데이터 x 맛집 평점·리뷰 데이터  ,"본 데이터는 로플랫의 매장 방문 데이터와 식신의 맛집 및 평점 리뷰 데이터를 융합한 데이터로, 각 매장별 온라인 선호도와 실제 방문수를 비교할 수 있는 상품입니다. "
26738,"2020 좌표별 건물 유동인구 x 부동산 시세 데이터 ","본 데이터는 로플랫과 지인플러스의 융합 데이터로 좌표별 건물 유동인구와 부동산 시세를 분석할 수 있는 데이터입니다. 주상복합 아파트 브랜드 및 시세 등 부동산 정보와 상권의 유동인구, 업종 특징을 요일대/시간대별로 연계 분석할 수 있습니다. "
26737,개인 자산 데이터 x 대출액 데이터 x  아파트 시세 데이터,"웰컴에프앤디와 kcb, 지인플러스 융합 데이터로, 법정동 단위 봉유재산, 예금 여력, 대출분포 및 아파트 수요, 시세 분석에 활용할 수 있습니다. 본 데이터는 법정동 단위로 제공되며 지역별 정책수립이나 재무건전성 등에 활용할 수 있습니다. 
"
26371,"2020년도 3분기 온누리스토어(온라인몰) 판매 내역 - 베이커리,반찬,밀키트,간편식 카테고리","2020년도 3분기 온누리스토어(온라인몰) 판매 내역 - 베이커리,반찬,밀키트,간편식 카테고리

: 해당 자료는 국내 최대규모의 온라인 헬스케어 단독몰 온누리 스토어의 해당 카테고리 판매자료입니다. 베이커리, 관련 카테고리의 매출과 판매 내역 및 금액"
26370,"2020년도 3분기 온누리스토어(온라인몰) 판매 내역 - 발다리케어 카테고리","2020년도 3분기 온누리스토어(온라인몰) 판매 내역 - 발다리케어 카테고리

: 해당 자료는 국내 최대규모의 온라인 헬스케어 단독몰 온누리 스토어의 해당 카테고리 판매자료입니다. 발다리케어 관련 카테고리의 매출과 판매 내역 및 금액"
26369,"2020년도 3분기 온누리스토어(온라인몰) 판매 내역 - 반려동물 카테고리","2020년도 3분기 온누리스토어(온라인몰) 판매 내역 - 반려동물 카테고리

: 해당 자료는 국내 최대규모의 온라인 헬스케어 단독몰 온누리 스토어의 해당 카테고리 판매자료입니다. 반려동물 관련 카테고리의 매출과 판매 내역 및 금액"
26368,"2020년도 3분기 온누리스토어(온라인몰) 판매 내역 - 바디핸드케어 카테고리","2020년도 3분기 온누리스토어(온라인몰) 판매 내역 - 바디핸드케어 카테고리

: 해당 자료는 국내 최대규모의 온라인 헬스케어 단독몰 온누리 스토어의 해당 카테고리 판매자료입니다. 바디핸드케어 관련 카테고리의 매출과 판매 내역 및 금액"
26367,"2020년도 3분기 온누리스토어(온라인몰) 판매 내역 - 미용소품 카테고리","2020년도 3분기 온누리스토어(온라인몰) 판매 내역 - 미용소품 카테고리

: 해당 자료는 국내 최대규모의 온라인 헬스케어 단독몰 온누리 스토어의 해당 카테고리 판매자료입니다. 미용소품 관련 카테고리의 매출과 판매 내역 및 금액"
26366,"2020년도 3분기 온누리스토어(온라인몰) 판매 내역 - 메이크업 카테고리","2020년도 3분기 온누리스토어(온라인몰) 판매 내역 - 메이크업 카테고리

: 해당 자료는 국내 최대규모의 온라인 헬스케어 단독몰 온누리 스토어의 해당 카테고리 판매자료입니다. 메이크업 관련 카테고리의 매출과 판매 내역 및 금액"
26363,"2020년도 3분기 온누리스토어(온라인몰) 판매 내역 - 맨즈케어 카테고리","2020년도 3분기 온누리스토어(온라인몰) 판매 내역 - 맨즈케어 카테고리

: 해당 자료는 국내 최대규모의 온라인 헬스케어 단독몰 온누리 스토어의 해당 카테고리 판매자료입니다. 맨즈케어 관련 카테고리의 매출과 판매 내역 및 금액"
26362,"2020년도 3분기 온누리스토어(온라인몰) 판매 내역 - 마사지교정운동용품 카테고리","2020년도 3분기 온누리스토어(온라인몰) 판매 내역 - 마사지교정운동용품 카테고리

: 해당 자료는 국내 최대규모의 온라인 헬스케어 단독몰 온누리 스토어의 해당 카테고리 판매자료입니다. 마사지교정운동용품 관련 카테고리의 매출과 판매 내역 및 금액"
26361,"2020년도 3분기 온누리스토어(온라인몰) 판매 내역 - 다이어트 카테고리","2020년도 3분기 온누리스토어(온라인몰) 판매 내역 - 다이어트 카테고리

: 해당 자료는 국내 최대규모의 온라인 헬스케어 단독몰 온누리 스토어의 해당 카테고리 판매자료입니다. 다이어트 관련 카테고리의 매출과 판매 내역 및 금액"
26360,"2020년도 3분기 온누리스토어(온라인몰) 판매 내역 - 눈건강 카테고리","2020년도 3분기 온누리스토어(온라인몰) 판매 내역 - 눈건강 카테고리

: 해당 자료는 국내 최대규모의 온라인 헬스케어 단독몰 온누리 스토어의 해당 카테고리 판매자료입니다. 눈건강 관련 카테고리의 매출과 판매 내역 및 금액"
26359,"2020년도 3분기 온누리스토어(온라인몰) 판매 내역 - 기획전 카테고리","2020년도3분기 온누리스토어(온라인몰) 판매 내역 - 기획전 카테고리

: 해당 자료는 국내 최대규모의 온라인 헬스케어 단독몰 온누리 스토어의 해당 카테고리 판매자료입니다. 기획 상품 카테고리의 매출과 판매 내역 및 금액"
26357,"2020년도 3분기 온누리스토어(온라인몰) 판매 내역 - 남성건강 카테고리","2020년도 3분기 온누리스토어(온라인몰) 판매 내역 - 남성건강 카테고리

: 해당 자료는 국내 최대규모의 온라인 헬스케어 단독몰 온누리 스토어의 해당 카테고리 판매자료입니다. 남성건강 카테고리의 매출과 판매 내역 및 금액"
26355,"2020년도 3분기 온누리스토어(온라인몰) 판매 내역 - 기타 카테고리","2020년도 3분기 온누리스토어(온라인몰) 판매 내역 - 기타 카테고리

: 해당 자료는 국내 최대규모의 온라인 헬스케어 단독몰 온누리 스토어의 해당 카테고리 판매자료입니다. 타카테고리에서 구별되지 않은 기타 카테고리의 매출과 판매 내역 및 금액"
26354,"2020년도 3분기 온누리스토어(온라인몰) 판매 내역 - 구강&#x2F;잇못&#x2F;치아 카테고리","2020년도 3분기 온누리스토어(온라인몰) 판매 내역 - 치아&#x2F;구강&#x2F;잇몸 카테고리

: 해당 자료는 국내 최대규모의 온라인 헬스케어 단독몰 온누리 스토어의 해당 카테고리 판매자료입니다. 치아&#x2F;구강&#x2F;잇몸 관련 카테고리의 매출과 판매 내역"
26353,"2020년도 3분기 온누리스토어(온라인몰) 판매 내역 - 간건강 카테고리","2020년도 3분기 온누리스토어(온라인몰) 판매 내역 - 간건강 카테고리

: 해당 자료는 국내 최대규모의 온라인 헬스케어 단독몰 온누리 스토어의 해당 카테고리 판매자료입니다. 간건강(밀크시슬&#x2F;간기능강화 등) 관련 카테고리의 매출과 판매 내역"
26352,"2020년도 3분기 온누리스토어(온라인몰) 판매 내역 - 가족계획 카테고리","
2020년도 3분기 온누리스토어(온라인몰) 판매 내역 - 가족계획 카테고리

: 해당 자료는 국내 최대규모의 온라인 헬스케어 단독몰 온누리 스토어의 해당 카테고리 판매자료입니다. 가족계획(피임&#x2F;임신등) 관련 카테고리의 매출과 판매 내역 및 금액"
26350,"2020년 10월 미디어 SNS 트렌드 데이터","2020년 10월 국내 2200개 미디어의  SNS 트렌드 데이터입니다.
유입경로의 비율을 통해 어떤 유입경로가 유의미한지 알 수 있습니다."
26349,"2020년 9월  미디어 SNS 트렌드 데이터","2020년 9월 국내 2200개 미디어의  SNS 트렌드 데이터입니다.
유입경로의 비율을 통해 어떤 유입경로가 유의미한지 알 수 있습니다."
26348,"2020년 8월 미디어 SNS 트렌드 데이터","2020년 8월 국내 2200개 미디어의  SNS 트렌드 데이터입니다.
유입경로의 비율을 통해 어떤 유입경로가 유의미한지 알 수 있습니다."
26347,"2020년 7월 미디어 SNS 트렌드 데이터","2020년 7월 국내 2200개 미디어의  SNS 트렌드 데이터입니다.
유입경로의 비율을 통해 어떤 유입경로가 유의미한지 알 수 있습니다."
26346,"2020년 10월 미디어 방문자 유입 경로 추정 데이터","2020년 10월의
국내 1500개 미디어의 방문자 유입 경로 추정 데이터입니다.
INFW_CRS_KIND_NM[유입경로 종류 이름] 
-Direct : 직접경로 
-Others: 기타"
26345,"2020년 9월 미디어 방문자 유입 경로 추정 데이터","2020년 9월의
국내 1500개 미디어의 방문자 유입 경로 추정 데이터입니다.
INFW_CRS_KIND_NM[유입경로 종류 이름] 
-Direct : 직접경로 
-Others: 기타"
26344,"2020년 10월 미디어 방문자 연령대 추정 데이터","2020년 10월의
국내 1500개 미디어의 방문자 연령대 추정 데이터입니다."
26343,"2020년 9월 미디어 방문자 연령대 추정 데이터","2020년 9월의
국내 1500개 미디어의 방문자 연령대 추정 데이터입니다."
26342,"2020년 9월 미디어 방문자 성별 추정 데이터","2020년 9월의
국내외 1500개 미디어의 방문자 성별 추정 데이터입니다.
Gender Code: [남성 : 1 /여성 : 2]"
26341,"2020년 10월 미디어 방문자 성별 추정 데이터","2020년 10월의
국내외 1500개 미디어의 방문자 성별 추정 데이터입니다.
Gender Code: [남성 : 1 /여성 : 2]"
26340,"2020년 10월 미디어 방문자 브라우저 추정 데이터","2020년 100월의
국내 1500개 미디어의 방문자 브라우저 추정 데이터입니다."
26339,"2020년 9월 미디어 방문자 브라우저 추정 데이터","2020년 9월의
국내 1500개 미디어의 방문자 브라우저 추정 데이터입니다."
26338,"2020년 9월 미디어 방문자 OS 추정 데이터","2020년 9월
국내 1500개 미디어의 방문자 OS 추정 데이터입니다."
26337,"2020년 10월 미디어 방문자 OS 추정 데이터","2020년 10월
국내 1500개 미디어의 방문자 OS 추정 데이터입니다."
26336,"2020년 10월 미디어 모바일 트래픽 인덱스","2020년 10월 국내 2200개 미디어의 모바일 트래픽 데이터입니다.
- 2개의 인덱스를 기준으로 책정된 트래픽 수치입니다[2019 일별 전체 트래픽의 평균, 2019년 각 시간대별 평균] "
26334,"2020 3Q 직장인 식권 취급 기업 정보",식신E식권을 이용하는 기업의 정보 데이터로 기업 업종 지역별 사용 인원 비율을 알 수 있습니다. 본 상품은 협의 후 구매가 가능합니다.
26333,직장인 식권 취급음식점 POI,식신e식권에 가입되어 있는 전국 가맹점 POI 주소 데이터입니다. 본 상품은 협의 후 구매가 가능합니다.
26332,"202010 요일별 직장인 방문 음식점 업종 TOP 5",식신E식권을 이용하는 직장인들의 요일별 방문 음식점 업종 TOP 5 데이터입니다. 요일별로 가장 인기 있는 음식 업종을 살펴볼 수 있습니다.
26331,"202010 기업 업종별 점심식대 평균",식신E식권 도입 기업의 종목별 식대 소비 통계 데이터입니다. 종목이 각기 다른 기업의 행정구역별 식대를 비교할 수 있습니다.
26330,"202010 요일별 직장인 점심식대 평균",식신E식권을 이용하는 직장인들의 요일별 점심 식대 소비 통계 데이터입니다. 직장인들이 요일별로 어떤 음식점 업종을 주로 이용하는지 살펴볼 수 있습니다.
26329,"202010 서울 직장인 점심식대 금액 평균",식신E식권을 이용하는 직장인들의 서울특별시 구단위 별 점심 식대 소비 통계 데이터입니다.
26328,"202010 전국 직장인 점심식대 금액 평균",식신E식권을 이용하는 직장인들의 대도시별 점심 식대 소비 통계 데이터 입니다. 대도시별 직장인들의 점심 식대 사용 금액을 대략적으로 비교할 수 있습니다.
26327,직장인 점심 식대 소비 통계,"식신E식권을 이용하는 직장인들의 점심 식대 소비 통계 데이터입니다. 구별, 음식 카테고리별, 삼식별(조식, 점심, 저녁 등) 평균 이용 횟수를 확인할 수 있습니다. "
26326,"202010 맛집별 조회 통계",식신에 등록되어 있는 음식점의 사용자 조회 데이터로 인기 매장과 인기 음식 카테고리 정보를 볼 수 있습니다. 
26325,"202010 음식 메뉴 및 가격 정보",식신이 수집한 전국 음식점 POI의 메뉴판을 기반으로 한 메뉴별 가격 정보 데이터입니다. 
26324,큐레이션 푸드 매거진 컨텐츠,대한민국 NO.1 맛집 서비스 식신이 주제별로 선정한 맛집을 소개하는 기획기사형 매거진 데이터입니다. 
26323,식신 사용자 음식점 평가 후기,"식신 사용자가 음식점을 직접 방문해보고 경험한 맛, 서비스 등 음식점에 대한 평가를 모은 리뷰 데이터입니다."
26322,전국 음식점 이미지,"대한민국 No.1 맛집 서비스 식신이 자체 촬영하거나, 식신 사용자가 업로드한 음식점 이미지 데이터입니다. "
26321,전국 핫플레이스 권역 정보 (폴리곤),전국 인기 지역(핫플레이스)을 권역별로 설정한 좌표 데이터입니다. 
26320,"202010 전국 일반 맛집 정보",대한민국 NO.1 맛집 서비스 식신이 수집한 전국에 위치한 일반 음식점 POI 데이터입니다.
26319,"202010 전국 인기 맛집 정보",대한민국 NO.1 맛집 서비스 식신이 수집하고 관리하는 국내 인기 맛집 (핫플레이스) POI 데이터입니다. 
26318,"202010 전국 BEST 맛집 정보",대한민국 NO.1 맛집 서비스 식신이 엄선한 전국 Best 맛집의 상세한 정보가 담긴 POI 데이터입니다.
26314,"202010 포털 인기검색 맛집 트렌드",대한민국 NO. 맛집 서비스 식신에서 발행한 매거진을 페이지 뷰 순으로 나열한 데이터입니다.
26313,"202010 전국 시도별 맛집 PV 순위",대한민국 NO. 맛집 서비스 식신 사용자가 한 접속 지역과 당시 조회한 맛집의 페이지 뷰 순위 데이터입니다.
26312,"202010 요일별 인기업종 카테고리 데이터",대한민국 NO. 맛집 서비스 식신 사용자가 요일별로 조회하는 맛집의 업종 카테고리 데이터입니다.
26311,"202010 사용자 선호맛집 가격 분포",대한민국 NO.1 맛집 서비스 식신 사용자의 성별별 선호 맛집과 대표메뉴의 가격 분포 데이터입니다. 
26310,"202010 직장인 업종별 식권 사용 주 시간대",식신e식권 가맹점을 대상으로 직장인들의 식권 결제시간 분포 통계 데이터입니다. 
26309,"202010 기업과 가맹점 거리별 이용통계",식신e식권 이용기업과 가맹점 거리별 이용통계입니다. 해당 데이터를 통해 식당까지의 거리와 고객 식당 선택 여부가 관계 있는지 살펴볼 수 있습니다.
26308,"202010 사용자 성별별 관심 맛집 데이터",대한민국 NO.1 맛집 서비스 식신 사용자의 성별별로 관심을 갖는 맛집 데이터입니다.
26307,"202010 사용자 연령대별 관심 맛집 데이터",대한민국 NO.1 맛집 서비스 식신 사용자의 연령대별로 관심을 갖는 맛집 데이터입니다.
26306,"202010 외식 키워드",대한민국 NO.1 맛집 서비스 식신을 방문하는 사용자들이 주로 검색하는 키워드 데이터입니다.
26305,"202010 가맹점 조중석식 운영현황","식신e식권의 가맹점 업종별 조중석식 운영 현황 데이터입니다. 아침, 점심, 저녁 등 식사 시간 때 주로 어떤 식당 업종을 많이 이용하는지 살펴볼 수 있습니다."
26304,"202010 직장인 기업 석식 이용 통계",식신e식권을 이용하는 직장인들의 석식 이용 통계입니다. 해당 데이터를 통해 야간 근무가 많은 기업 분야가 어디인지 살펴볼 수 있습니다.
26303,"202010 계절별 인기 메뉴",대한민국 NO.1 맛집 서비스 식신의 사용자가 각 계절마다 많이 조회하는 맛집의 메뉴 데이터입니다. 해당 데이터를 통해 계절 변화에 따라 선호하는 메뉴가 무엇인지 살펴볼 수 있습니다.
26291,"AI 학습 구축 원천데이터 - 예능, 교양 ","대용량 동영상 콘텐츠 AI 원천 데이터

원천 동영상 데이터를 활용하여 인공지능 학습용 테이터 구축 할 수 있게  동영상 제공"
26290,요식업 상권데이터 ,지역 요식업 상권을 빅데이터 기반으로 분석하여 제공 합니다.
26279,주소기반 P-Code 데이터셋,주소기반의 P코드 데이터입니다. 고유 주소에 대한 유니크한 코드체계로 이루어져 있습니다.
26262,"2020 AI 해커톤 활용 대용량 동영상 콘텐츠 AI 학습데이터의 카테고리 리스트 및 원천동영상 리스트","2020 인공지능 학습용 데이터 해커톤에 사용되는 대용량 동영상 데이터의 객체, 행동, 상황 카테고리 정의서입니다.  
원천동영상 리스트도 제공합니다. "
26226,"202009 포털 인기검색 맛집 트렌드",대한민국 NO. 맛집 서비스 식신에서 발행한 매거진을 페이지 뷰 순으로 나열한 데이터입니다.
26224,"202009 전국 시도별 맛집 PV 순위",대한민국 NO. 맛집 서비스 식신 사용자가 한 접속 지역과 당시 조회한 맛집의 페이지 뷰 순위 데이터입니다.
26223,"202009 요일별 인기업종 카테고리 데이터",대한민국 NO. 맛집 서비스 식신 사용자가 요일별로 조회하는 맛집의 업종 카테고리 데이터입니다.
26221,"202009 사용자 선호맛집 가격 분포",대한민국 NO.1 맛집 서비스 식신 사용자의 성별별 선호 맛집과 대표메뉴의 가격 분포 데이터입니다.
26219,"202009 직장인 업종별 식권 사용 주 시간대",식신e식권 가맹점을 대상으로 직장인들의 식권 결제시간 분포 통계 데이터입니다. 
26217,"202009 기업과 가맹점 거리별 이용통계",식신e식권 이용기업과 가맹점 거리별 이용통계입니다. 해당 데이터를 통해 식당까지의 거리와 고객 식당 선택 여부가 관계 있는지 살펴볼 수 있습니다.
26215,"202009 사용자 성별별 관심 맛집 데이터",대한민국 NO.1 맛집 서비스 식신 사용자의 성별별로 관심을 갖는 맛집 데이터입니다.
26214,"202009 사용자 연령대별 관심 맛집 데이터",대한민국 NO.1 맛집 서비스 식신 사용자의 연령대별로 관심을 갖는 맛집 데이터입니다.
26213,"202009 외식 키워드",대한민국 NO.1 맛집 서비스 식신을 방문하는 사용자들이 주로 검색하는 키워드 데이터입니다.
26212,"202009 가맹점 조중석식 운영현황","식신e식권의 가맹점 업종별 조중석식 운영 현황 데이터입니다. 아침, 점심, 저녁 등 식사 시간 때 주로 어떤 식당 업종을 많이 이용하는지 살펴볼 수 있습니다."
26209,"202009 직장인 기업 석식 이용 통계",식신e식권을 이용하는 직장인들의 석식 이용 통계입니다. 해당 데이터를 통해 야간 근무가 많은 기업 분야가 어디인지 살펴볼 수 있습니다.
26206,"202009 계절별 인기메뉴",대한민국 NO.1 맛집 서비스 식신의 사용자가 각 계절마다 많이 조회하는 맛집의 메뉴 데이터입니다. 해당 데이터를 통해 계절 변화에 따라 선호하는 메뉴가 무엇인지 살펴볼 수 있습니다.
26204,전자신문 - 2013년,"대용량 콘텐츠 AI 원천 데이터

MK 디지털화된 지면 원천 데이터를 활용하여 인공지능 학습용 테이터를 구축 할 수 있게  제공"
26203,옛날신문 1966,"대용량 콘텐츠 AI 원천 데이터

MK 디지털화된 지면 원천 데이터를 활용하여 인공지능 학습용 테이터를 구축 할 수 있게  제공"
26202,가족 연결망,"MK / MBN 보도, 교양, 예능 원천 데이터를 활용하여 인공지능 학습용 테이터 구축 할 수 있게 데이터 제공"
26201,인물사전 DB - 경제인,"MK / MBN 보도, 교양, 예능 원천 데이터를 활용하여 인공지능 학습용 테이터 구축 할 수 있게 데이터 제공"
26104,원천데이터 - 유튜브 코로나19 (질병),"대용량 동영상 콘텐츠 AI 원천 데이터

MBN 보도, 교양, 예능 원천 데이터를 활용하여 인공지능 학습용 테이터 구축 할 수 있게 객체 별 동영상 제공"
26103,원천데이터 - 유튜브 정치라면 (정치),"대용량 동영상 콘텐츠 AI 원천 데이터

MBN 보도, 교양, 예능 원천 데이터를 활용하여 인공지능 학습용 테이터 구축 할 수 있게 객체 별 동영상 제공"
26102,원천데이터 - 유튜브 꿀잼트래블 (여행),"대용량 동영상 콘텐츠 AI 원천 데이터

MBN 보도, 교양, 예능 원천 데이터를 활용하여 인공지능 학습용 테이터 구축 할 수 있게 객체 별 동영상 제공"
26101,원천데이터 - 유튜브 와이드 경제 (경제),"대용량 동영상 콘텐츠 AI 원천 데이터

MBN 보도, 교양, 예능 원천 데이터를 활용하여 인공지능 학습용 테이터 구축 할 수 있게 객체 별 동영상 제공"
26100,원천데이터 - 유튜브 실리콘밸리 리포트 (IT),"대용량 동영상 콘텐츠 AI 원천 데이터

MBN 보도, 교양, 예능 원천 데이터를 활용하여 인공지능 학습용 테이터 구축 할 수 있게 객체 별 동영상 제공"
26099,원천데이터 - 유튜브 이렇게 만들죠 (DIY),"대용량 동영상 콘텐츠 AI 원천 데이터

MBN 보도, 교양, 예능 원천 데이터를 활용하여 인공지능 학습용 테이터 구축 할 수 있게 객체 별 동영상 제공"
26098,원천데이터 - 예능 역사드라마쑈 왕과여자 (한복),"대용량 동영상 콘텐츠 AI 원천 데이터

MBN 보도, 교양, 예능 원천 데이터를 활용하여 인공지능 학습용 테이터 구축 할 수 있게 객체 별 동영상 제공"
26097,원천데이터 - 예능 보이스퀸 (음악),"대용량 동영상 콘텐츠 AI 원천 데이터

MBN 보도, 교양, 예능 원천 데이터를 활용하여 인공지능 학습용 테이터 구축 할 수 있게 객체 별 동영상 제공"
26096,원천데이터 - 예능 알토란 (음식),"대용량 동영상 콘텐츠 AI 원천 데이터

MBN 보도, 교양, 예능 원천 데이터를 활용하여 인공지능 학습용 테이터 구축 할 수 있게 객체 별 동영상 제공"
26095,원천데이터 -  예능 123요리 (요리),"대용량 동영상 콘텐츠 AI 원천 데이터

MBN 보도, 교양, 예능 원천 데이터를 활용하여 인공지능 학습용 테이터 구축 할 수 있게 객체 별 동영상 제공"
26094,원천데이터 - 예능 카트쇼 (상품),"대용량 동영상 콘텐츠 AI 원천 데이터

MBN 보도, 교양, 예능 원천 데이터를 활용하여 인공지능 학습용 테이터 구축 할 수 있게 객체 별 동영상 제공"
26093,원천데이터 -  예능 엄지의 제왕 (건강),"대용량 동영상 콘텐츠 AI 원천 데이터

MBN 보도, 교양, 예능 원천 데이터를 활용하여 인공지능 학습용 테이터 구축 할 수 있게 객체 별 동영상 제공"
26092,원천데이터 - 예능 우리집에 해피가 왔다  (강아지),"대용량 동영상 콘텐츠 AI 원천 데이터

MBN 보도, 교양, 예능 원천 데이터를 활용하여 인공지능 학습용 테이터 구축 할 수 있게 객체 별 동영상 제공"
26091,원천데이터 - 예능 기막힌 동물원 (동물),"대용량 동영상 콘텐츠 AI 원천 데이터

MBN 보도, 교양, 예능 원천 데이터를 활용하여 인공지능 학습용 테이터 구축 할 수 있게 객체 별 동영상 제공"
26090,원천데이터 - 보도 경제노트 (대담),"대용량 동영상 콘텐츠 AI 원천 데이터

MBN 보도, 교양, 예능 원천 데이터를 활용하여 인공지능 학습용 테이터 구축 할 수 있게 객체 별 동영상 제공"
26089,원천데이터 - 보도 MBN종합뉴스 2019년,"대용량 동영상 콘텐츠 AI 원천 데이터

MBN 보도, 교양, 예능 원천 데이터를 활용하여 인공지능 학습용 테이터 구축 할 수 있게 객체 별 동영상 제공"
26088,원천데이터 - 보도 MBN종합뉴스 2018년,"대용량 동영상 콘텐츠 AI 원천 데이터

MBN 보도, 교양, 예능 원천 데이터를 활용하여 인공지능 학습용 테이터 구축 할 수 있게 객체 별 동영상 제공"
26087,원천데이터 - 보도 MBN종합뉴스 2017년,"대용량 동영상 콘텐츠 AI 원천 데이터

MBN 보도, 교양, 예능 원천 데이터를 활용하여 인공지능 학습용 테이터 구축 할 수 있게 객체 별 동영상 제공"
26086,원천데이터 - 교양 행복한 家 (주거),"대용량 동영상 콘텐츠 AI 원천 데이터

MBN 보도, 교양, 예능 원천 데이터를 활용하여 인공지능 학습용 테이터 구축 할 수 있게 객체 별 동영상 제공"
26085,원천데이터 - 교양 안전대한민국 (안전),"대용량 동영상 콘텐츠 AI 원천 데이터

MBN 보도, 교양, 예능 원천 데이터를 활용하여 인공지능 학습용 테이터 구축 할 수 있게 객체 별 동영상 제공"
26084,원천데이터 - 교양 나는 자연인이다 (다큐),"대용량 동영상 콘텐츠 AI 원천 데이터

MBN 보도, 교양, 예능 원천 데이터를 활용하여 인공지능 학습용 테이터 구축 할 수 있게 객체 별 동영상 제공"
26083,원천데이터 - 교양 천기누설 (건강),"대용량 동영상 콘텐츠 AI 원천 데이터

MBN 보도, 교양, 예능 원천 데이터를 활용하여 인공지능 학습용 테이터 구축 할 수 있게 객체 별 동영상 제공"
26082,AI 학습용 데이터 구축용 원천데이터 - 보도 MBN종합뉴스 2019년,"대용량 동영상 콘텐츠 AI 원천 데이터

MBN 보도, 교양, 예능 원천 데이터를 활용하여 인공지능 학습용 테이터 구축 할 수 있게 객체 별 동영상 제공"
26081,AI 학습용 데이터 구축용 원천데이터 - 보도 MBN종합뉴스 2017년,"대용량 동영상 콘텐츠 AI 원천 데이터

MBN 보도, 교양, 예능 원천 데이터를 활용하여 인공지능 학습용 테이터 구축 할 수 있게 객체 별 동영상 제공"
26080,AI 학습용 데이터 구축용 원천데이터 - 교양 나는 자연인이다 (다큐),"대용량 동영상 콘텐츠 AI 원천 데이터

MBN 보도, 교양, 예능 원천 데이터를 활용하여 인공지능 학습용 테이터 구축 할 수 있게 객체 별 동영상 제공"
26079,AI 학습용 데이터 구축용 원천데이터 - 보도 MBN종합뉴스 2016년,"대용량 동영상 콘텐츠 AI 원천 데이터

MBN 보도, 교양, 예능 원천 데이터를 활용하여 인공지능 학습용 테이터 구축 할 수 있게 객체 별 동영상 제공"
26078,AI 학습용 데이터 구축용 원천데이터 - 교양 천기누설 (건강),"대용량 동영상 콘텐츠 AI 원천 데이터

MBN 보도, 교양, 예능 원천 데이터를 활용하여 인공지능 학습용 테이터 구축 할 수 있게 객체 별 동영상 제공"
26077,AI 학습용 데이터 구축용 원천데이터 - 예능 알토란 (음식),"대용량 동영상 콘텐츠 AI 원천 데이터

MBN 보도, 교양, 예능 원천 데이터를 활용하여 인공지능 학습용 테이터 구축 할 수 있게 객체 별 동영상 제공"
26076,AI 학습용 데이터 구축용 원천데이터 - 예능 보이스퀸 (음악),"대용량 동영상 콘텐츠 AI 원천 데이터

MBN 보도, 교양, 예능 원천 데이터를 활용하여 인공지능 학습용 테이터 구축 할 수 있게 객체 별 동영상 제공"
26075,AI 학습용 데이터 구축용 원천데이터 - 보도 MBN종합뉴스 2018년,"대용량 동영상 콘텐츠 AI 원천 데이터

MBN 보도, 교양, 예능 원천 데이터를 활용하여 인공지능 학습용 테이터 구축 할 수 있게 객체 별 동영상 제공"
26074,AI 학습용 데이터 구축용 원천데이터 -  예능 엄지의 제왕 (건강),"대용량 동영상 콘텐츠 AI 원천 데이터

MBN 보도, 교양, 예능 원천 데이터를 활용하여 인공지능 학습용 테이터 구축 할 수 있게 객체 별 동영상 제공"
26072,"2020년 8월 미디어 모바일 트래픽 인덱스 ","2020년 8월의 국내 2200개 미디어의 모바일 트래픽 인덱스 데이터입니다.
	.	- 기준_트래픽 undefined#x3D; STD_TRFIC(100기준)
	.	- 트래픽 수 undefined#x3D; TRFIC_CT"
26069,AI 학습용 데이터 구축용 원천데이터 - 보도 경제노트 (대담),"대용량 동영상 콘텐츠 AI 원천 데이터

MBN 보도, 교양, 예능 원천 데이터를 활용하여 인공지능 학습용 테이터 구축 할 수 있게 객체 별 동영상 제공"
26066,AI 학습용 데이터 구축용 원천데이터 - 교양 행복한 家 (주거),"대용량 동영상 콘텐츠 AI 원천 데이터

MBN 보도, 교양, 예능 원천 데이터를 활용하여 인공지능 학습용 테이터 구축 할 수 있게 객체 별 동영상 제공"
26065,AI 학습용 데이터 구축용 원천데이터 - 예능 우리집에 해피가 왔다  (강아지),"대용량 동영상 콘텐츠 AI 원천 데이터

MBN 보도, 교양, 예능 원천 데이터를 활용하여 인공지능 학습용 테이터 구축 할 수 있게 객체 별 동영상 제공"
26064,AI 학습용 데이터 구축용 원천데이터 - 예능 카트쇼 (상품),"대용량 동영상 콘텐츠 AI 원천 데이터

MBN 보도, 교양, 예능 원천 데이터를 활용하여 인공지능 학습용 테이터 구축 할 수 있게 객체 별 동영상 제공"
26063,AI 학습용 데이터 구축용 원천데이터 - 예능 역사드라마쑈 왕과여자 (한복),"대용량 동영상 콘텐츠 AI 원천 데이터

MBN 보도, 교양, 예능 원천 데이터를 활용하여 인공지능 학습용 테이터 구축 할 수 있게 객체 별 동영상 제공"
26061,"202008 포털 인기검색 맛집 트렌드",대한민국 NO. 맛집 서비스 식신에서 발행한 매거진을 페이지 뷰 순으로 나열한 데이터입니다.
26060,"202008 전국 시도별 맛집 PV 순위",대한민국 NO. 맛집 서비스 식신 사용자가 한 접속 지역과 당시 조회한 맛집의 페이지 뷰 순위 데이터입니다.
26059,"202008 사용자 선호 맛집 가격 분포",대한민국 NO.1 맛집 서비스 식신 사용자의 성별별 선호 맛집과 대표메뉴의 가격 분포 데이터입니다. 
26057,"202008 요일별 인기업종 카테고리 데이터",대한민국 NO. 맛집 서비스 식신 사용자가 요일별로 조회하는 맛집의 업종 카테고리 데이터입니다.
26056,"202008 직장인 업종별 식권 사용 주 시간대",식신e식권 가맹점을 대상으로 직장인들의 식권 결제시간 분포 통계 데이터입니다. 
26055,"202008 기업과 가맹점 거리별 이용통계",식신e식권 이용기업과 가맹점 거리별 이용통계입니다. 해당 데이터를 통해 식당까지의 거리와 고객 식당 선택 여부가 관계 있는지 살펴볼 수 있습니다.
26053,"202008 사용자 성별별 관심 맛집 데이터",대한민국 NO.1 맛집 서비스 식신 사용자의 성별별로 관심을 갖는 맛집 데이터입니다.
26051,"202008 사용자 연령대별 관심 맛집 데이터",대한민국 NO.1 맛집 서비스 식신 사용자의 연령대별로 관심을 갖는 맛집 데이터입니다.
26050,"202008 외식 키워드",대한민국 NO.1 맛집 서비스 식신을 방문하는 사용자들이 주로 검색하는 키워드 데이터입니다.
26049,"202008 가맹점 조중석식 운영현황","식신e식권의 가맹점 업종별 조중석식 운영 현황 데이터입니다. 아침, 점심, 저녁 등 식사 시간 때 주로 어떤 식당 업종을 많이 이용하는지 살펴볼 수 있습니다. "
26048,"202008 직장인 기업 석식 이용 통계",식신e식권을 이용하는 직장인들의 석식 이용 통계입니다. 해당 데이터를 통해 야간 근무가 많은 기업 분야가 어디인지 살펴볼 수 있습니다.
26047,"202008 계절별 인기 메뉴",대한민국 NO.1 맛집 서비스 식신의 사용자가 각 계절마다 많이 조회하는 맛집의 메뉴 데이터입니다. 해당 데이터를 통해 날씨 변화 및 계절 변화에 따라 선호하는 메뉴가 무엇인지 살펴볼 수 있습니다.
26046,직장인 식권 취급음식점 POI,식신e식권에 가입되어 있는 전국 가맹점 POI 주소 데이터입니다. 본 상품은 협의 후 구매가 가능합니다.
26045,"202009 요일별 직장인 방문 음식점 업종 TOP 5",식신E식권을 이용하는 직장인들의 요일별 방문 음식점 업종 TOP 5 데이터입니다. 요일별로 가장 인기 있는 음식 업종을 살펴볼 수 있습니다.
26042,"202009 기업 업종별 점심식대 평균",식신E식권 도입 기업의 종목별 식대 소비 통계 데이터입니다. 종목이 각기 다른 기업의 행정구역별 식대를 비교할 수 있습니다.
26041,"202009 요일별 직장인 점심식대 평균",식신E식권을 이용하는 직장인들의 요일별 점심 식대 소비 통계 데이터입니다. 직장인들이 요일별로 어떤 음식점 업종을 주로 이용하는지 살펴볼 수 있습니다.
26040,"202009 서울 직장인 점심식대 금액 평균",식신E식권을 이용하는 직장인들의 서울특별시 구단위 별 점심 식대 소비 통계 데이터입니다.
26039,"202009 전국 직장인 점심식대 금액 평균",식신E식권을 이용하는 직장인들의 대도시별 점심 식대 소비 통계 데이터 입니다. 대도시별 직장인들의 점심 식대 사용 금액을 대략적으로 비교할 수 있습니다.
26038,직장인 점심 식대 소비 통계,"식신E식권을 이용하는 직장인들의 점심 식대 소비 통계 데이터입니다. 구별, 음식 카테고리별, 삼식별(조식, 점심, 저녁 등) 평균 이용 횟수를 확인할 수 있습니다. "
26037,"202009 맛집별 조회 통계",식신에 등록되어 있는 음식점의 사용자 조회 데이터로 인기 매장과 인기 음식 카테고리 정보를 볼 수 있습니다. 
26036,"202009 음식 메뉴 및 가격 정보",식신이 수집한 전국 음식점 POI의 메뉴판을 기반으로 한 메뉴별 가격 정보 데이터입니다. 
26035,큐레이션 푸드 매거진 컨텐츠,대한민국 NO.1 맛집 서비스 식신이 주제별로 선정한 맛집을 소개하는 기획기사형 매거진 데이터입니다. 
26034,전국 음식점 이미지,"대한민국 No.1 맛집 서비스 식신이 자체 촬영하거나, 식신 사용자가 업로드한 음식점 이미지 데이터입니다. "
26033,식신 사용자 음식점 평가 후기,"식신 사용자가 음식점을 직접 방문해보고 경험한 맛, 서비스 등 음식점에 대한 평가를 모은 리뷰 데이터입니다."
26032,"202009 전국 일반 맛집 정보",대한민국 NO.1 맛집 서비스 식신이 수집한 전국에 위치한 일반 음식점 POI 데이터입니다.
26031,"202009 전국 인기 맛집 정보",대한민국 NO.1 맛집 서비스 식신이 수집하고 관리하는 국내 인기 맛집 (핫플레이스) POI 데이터입니다. 
26030,"202009 전국 BEST 맛집 정보",대한민국 NO.1 맛집 서비스 식신이 엄선한 전국 Best 맛집의 상세한 정보가 담긴 POI 데이터입니다.
25932,"202007 사용자 연령대별 관심 맛집 데이터",대한민국 NO.1 맛집 서비스 식신 사용자의 연령대별로 관심을 갖는 맛집 데이터입니다.
25918,코로나 바이러스 감염증-19(COVID-19) 현황 누적 데이터,코로나바이러스감염증-19(COVID-19) 현황 데이터&lt;br&gt;&lt;br&gt;- 보건복지부 제공 데이터 실시간 제공&lt;br&gt;- 앱 개발 / 통계 활용
25860,직장인 식권 취급음식점 POI,식신e식권에 가입되어 있는 전국 가맹점 POI 주소 데이터입니다. 본 상품은 협의 후 구매가 가능합니다.
25859,"2020년 여름 직장인 방문 음식점 업종 TOP 5",식신E식권을 이용하는 직장인들의 계절별 방문 음식점 업종 TOP 5를 나타낸 데이터입니다.
25858,"202008 요일별 직장인 방문 음식점 업종 TOP 5",식신E식권을 이용하는 직장인들의 요일별 방문 음식점 업종 TOP 5 데이터입니다. 요일별로 가장 인기 있는 음식 업종을 살펴볼 수 있습니다.
25857,"202008 기업 업종별 점심식대 평균",식신E식권 도입 기업의 종목별 식대 소비 통계 데이터입니다. 종목이 각기 다른 기업의 행정구역별 식대를 비교할 수 있습니다.
25856,"202008 요일별 직장인 점심식대 평균",식신E식권을 이용하는 직장인들의 요일별 점심 식대 소비 통계 데이터입니다. 직장인들이 요일별로 어떤 음식점 업종을 주로 이용하는지 살펴볼 수 있습니다.
25855,"202008 서울 직장인 점심식대 금액 평균",식신E식권을 이용하는 직장인들의 서울특별시 구단위 별 점심 식대 소비 통계 데이터입니다.
25853,"202008 전국 직장인 점심식대 금액 평균",식신E식권을 이용하는 직장인들의 대도시별 점심 식대 소비 통계 데이터 입니다. 대도시별 직장인들의 점심 식대 사용 금액을 대략적으로 비교할 수 있습니다.
25850,직장인 점심 식대 소비 통계,"식신E식권을 이용하는 직장인들의 점심 식대 소비 통계 데이터입니다. 구별, 음식 카테고리별, 삼식별(조식, 점심, 저녁 등) 평균 이용 횟수를 확인할 수 있습니다. "
25849,"202008 맛집별 조회 통계",식신에 등록되어 있는 음식점의 사용자 조회 데이터로 인기 매장과 인기 음식 카테고리 정보를 볼 수 있습니다. 
25848,"202008 음식 메뉴 및 가격정보",식신이 수집한 전국 음식점 POI의 메뉴판을 기반으로 한 메뉴별 가격 정보 데이터입니다. 
25847,큐레이션 푸드 매거진 컨텐츠,대한민국 NO.1 맛집 서비스 식신이 주제별로 선정한 맛집을 소개하는 기획기사형 매거진 데이터입니다. 
25846,식신 사용자 음식점 평가 후기,"식신 사용자가 음식점을 직접 방문해보고 경험한 맛, 서비스 등 음식점에 대한 평가를 모은 리뷰 데이터입니다."
23995,전국 음식점 이미지,"대한민국 No.1 맛집 서비스 식신이 자체 촬영하거나, 식신 사용자가 업로드한 음식점 이미지 데이터입니다. "
21881,"202008 전국 일반 맛집 정보",대한민국 NO.1 맛집 서비스 식신이 수집한 전국에 위치한 일반 음식점 POI 데이터입니다.
20993,"202008 전국 인기 맛집 정보",대한민국 NO.1 맛집 서비스 식신이 수집하고 관리하는 국내 인기 맛집 (핫플레이스) POI 데이터입니다. 
19249,"202008 전국 BEST 맛집 정보","대한민국 NO.1 맛집 서비스 식신이 엄선한 전국 Best 맛집의 상세한 정보가 담긴 POI 데이터입니다.
"
6988,"202007 요일별 인기업종 카테고리 데이터",대한민국 NO. 맛집 서비스 식신 사용자가 요일별로 조회하는 맛집의 업종 카테고리 데이터입니다.
6987,"202007 사용자 선호 맛집 가격 분포",대한민국 NO.1 맛집 서비스 식신 사용자의 성별별 선호 맛집과 대표메뉴의 가격 분포 데이터입니다. 
6986,"202007 전국 시도별 맛집 PV 순위",대한민국 NO. 맛집 서비스 식신 사용자가 한 접속 지역과 당시 조회한 맛집의 순위 데이터입니다.
6984,"202007 포털 인기검색 맛집 트렌드",대한민국 NO. 맛집 서비스 식신에서 발행한 매거진을 페이지 뷰 순으로 나열한 데이터입니다.
6982,"202007 직장인 업종별 식권 사용 주 시간대",식신e식권 가맹점을 대상으로 직장인들의 식권 결제시간 분포 통계 데이터입니다. 
6981,"202007 기업과 가맹점 거리별 이용통계",식신e식권 이용기업과 가맹점 거리별 이용통계입니다. 해당 데이터를 통해 식당까지의 거리와 고객 식당 선택 여부가 관계 있는지 살펴볼 수 있습니다.
6979,"202007 사용자 성별별 관심 맛집 데이터",대한민국 NO.1 맛집 서비스 식신 사용자 성별별로 어떤 맛집에 관심을 갖는지 살펴볼 수 있는 데이터입니다.
6974,SKT 마켓 인사이트 - 재무건전성지수 ,"여신 및 통신 요금 미납 등 개인의 재무상태를 파악할 수 있는 데이터를 기반으로 개인의 신용평점을 예측한 지수로, 성별, 연령별, 지역별로 제공합니다. "
6973,SKT 마켓 인사이트 - 여행지수,"코로나 전후, 우리의 여행은 어떻게 바뀌었을까?
상시적이지 않고 이례적인 이동으로써 여행 또는 단기 출장 등으로 추정되는 방문자 수를 볼 수 있습니다. 연령대, 성별, 거주지역별로 제공됩니다."
6972,SKT 마켓 인사이트 - 재택지수,"코로나 이후, 사람들은 얼마나 집에 머물러 있었을까요? 
거주지(홈) 인근 체류 시간과 기타 활동의 체류 시간을 집계해 지수화한 데이터로 지역, 성별, 연령별로 제공합니다. "
6971,"202007 가맹점 조중석식 운영현황","식신e식권의 가맹점 업종별 조중석식 운영 현황 데이터입니다. 아침, 점심, 저녁 등 식사 시간 때 주로 어떤 식당 업종을 많이 이용하는지 살펴볼 수 있습니다. "
6970,"202007 직장인 기업 석식 이용통계",식신e식권을 이용하는 직장인들의 석식 이용 통계입니다. 해당 데이터를 통해 야간 근무가 많은 기업 분야가 어디인지 살펴볼 수 있습니다.
6969,"202007 계절별 인기 메뉴",대한민국 NO.1 맛집 서비스 식신의 사용자가 각 계절마다 많이 조회하는 맛집의 메뉴 데이터입니다. 해당 데이터를 통해 날씨 변화 및 계절 변화에 따라 선호하는 메뉴가 무엇인지 살펴볼 수 있습니다.
6963,AI 학습용 데이터 구축용 원천데이터 - 유튜브 와이드 경제  (경제),"대용량 동영상 콘텐츠 AI 원천 데이터

MBN 보도, 교양, 예능 원천 데이터를 활용하여 인공지능 학습용 테이터 구축 할 수 있게 객체 별 동영상 제공"
6392,전국 도난 문화재 지도,문화재의 행방을 알 수 없는국내 문화재 도난 사건을 국내 최초로  전수조사한 전국 도난 문화재 지도
6391,코로나 세이프,"PC와 스마트폰만 있다면, 어디에서나 손쉽게 코로나19 감염 여부를 알아볼 수 있는 자가진단 서비스
"
6377,미세먼지 영향 소비지수,"미세먼지에 따라 소비가 가장 많이 달라지는 업종은 무엇일까?
KDX한국데이터거래소가 분석해드립니다. "
4774,Syrup App 연령대 정보(2020년2월~2020년8월) ,"Syrup App 연령대 정보를 제공하는 것으로, 전국 최대의 멤버쉽 관리서비스 사용자의 일별 연령대 데이터를 6개월 기간으로 제공함 "
4773,Syrup App 성별 정보(2020년2월~2020년8월),"Syrup App 성별 정보를 제공하는 것으로서, 멤버쉽카드 관리 및 할인쿠폰, 기프티콘 서비스 사용자의 일별 방문자의 성별 데이터를 6개월 기간분으로 제공함"
4772,Syrup App 검색어 정보(2020년2월~2020년8월),"Syrup App 검색어 정보를 제공하는 것으로, 전국 최대 멤버쉽카드 관리 및 쿠폰서비스 사용자의 일별 주요 검색어를 제공함"
4771,Syrup App 카테고리(2020년2월~2020년8월),"Syrup App 카테고리 정보를 제공하는 것으로, 시럽서비스 사용자의 주요 방문 상품 카테고리, 할인 쿠폰 카테고리, 멤버쉽 카테고리 등에 대한 일별 데이터를 6개월분 제공함"
4770,Syrup App 관심사 정보(2020년2월~2020년8월),"정보 Syrup App 관심사 정보를 제공하는 것으로서, Syrup App 사용자의 주요 관심사, 주요 관심 상품, 주요 상품 아이템, 인기 아이템 상품, 인기 상품 정보 등을 일별 데이터로 6개월분 제공"
4769,Syrup App 사용자 서비스 행태(2020년2월~2020년8월),"Syrup App 서비스 사용자 행태정보를 제공하는 것으로서, Syrup 서비스(멤버쉽, 할인쿠폰 서비스, 기프티콘 서비스) 사용자의 주요 사용서비스, 주요 사용행태 등의 정보를 일별 6개월분 데이터로 제공"
4768,OCB App 사용기기 정보(2020년2월~2020년8월),"OCB App 사용기기 정보를 제공하는 것으로서, OCB App을 사용하는 사용자의 주요 단말기, 스마트폰, 사용기기 모델을 일별 사용량 및 주요사용기기명을 제공하며 6개월기간 동안의 데이터를 제공함"
4767,OCB App 사용자 성별정보(2020년2월~2020년8월),"OCB 사용자의 성별정보를 제공하는 것으로서, 전국 최대 마일리지서비스(Royalty서비스) 사용자의 일별 성별 데이터를 6개월기간으로 제공"
4766,OCB App 검색어 정보(2020년2월~2020년8월),"OCB App 검색어 정보를 제공하는 것으로서, OCB App 사용자의 주요 검색어, 인기 검색어 정보를 일별 데이터를 6개월분 제공함"
4765,OCB App 사용자 서비스 행태(2020년2월~2020년8월),"OCB App 사용자의 서비스 행태 종류를 제공하고 각 사용 서비스 행태별 비율 데이터를 제공하는 것으로서, 마일리지 사용자의 일별 주요 방문 서비스의 종류와 인기 서비스의 리스트관련 데이터를 일별 6개월분 제공함"
4749,전국 시도별 연령대별 지역별(법정동별) 방문데이터(2020년2월~2020년8월),"전국 법정동별 방문데이터이며, 전국의 지역별 사용자의 방문 UV 데이터 자료를 제공함. 일별 남여 UV 데이터이며, 정해진 기간 6개월분 데이터를 제공함 (OCB, Syrup 사용자의 방문정보를 기초로 함)"
4748,전국 시도별 연령대별 상권별 방문데이터(2020년2월~2020년8월),"전국 상권별 방문 데이터이며, 전국의 주요상권을 구분 및 지정하고(행안부 상권데이터를 참조하고 update함) 사용자의 방문 UV 데이터를 바탕으로 시도별 연령대별 상권별 방문 자료를 제공함."
4747,전국 시도별 연령대별 상권 Top 100 (시도별 연령대별 지역 top)(2020년2월~2020년8월),"전국 상권별 방문 데이터이며, 전국의 주요상권을 구분 및 지정하고(행안부 상권데이터를 참조하고 update함) 사용자의 방문 UV 데이터를 바탕으로 전국상권 상위 Top 100 시도별 연령대별 자료를 제공함. "
4746,전국 시도별 연령대별 지역(법정동) Top 100 (시도별 연령대별 지역 top)(2020년2월~2020년8월),"전국 지역별 방문 데이터이며, 법정동별 사용자의 방문 UV 데이터를 바탕으로 전국지역 Top 100 시도별 연령대별 자료를 제공함. 일별 남여 각 UV 데이터이며, 정해진 기간 6개월분 데이터를 제공함"
4745,전국 시도별 상권 Top 100(시도별 상권 top)(2020년2월~2020년8월),"전국 상권별 방문 데이터이며, 전국의 주요상권을 구분 및 지정하고(행안부 상권데이터를 참조하고 update함) 사용자의 방문 UV 데이터를 바탕으로 전국상권 상위 Top 100 연령대별 자료를 제공함. "
4743,전국 연령대별 상권 Top 100(연령대별 상권 top)(2020년2월~2020년8월),"전국 상권별 방문 데이터이며, 전국의 주요상권을 구분 및 지정하고(행안부 상권데이터를 참조하고 update함) 사용자의 방문 UV 데이터를 바탕으로 전국상권 상위 Top 100 연령대별 자료를 제공함."
4742,전국 상권 Top 100(2020년2월~2020년8월),"전국 상권별 방문 데이터이며, 전국의 주요상권을 구분 및 지정하고(행안부 상권데이터를 참조하고 update함) 사용자의 방문 UV 데이터를 바탕으로 전국상권 상위 Top 100 자료를 제공함."
4642,"2020 2Q 직장인 식권 취급 기업 정보",식신E식권을 이용하는 기업의 정보 데이터로 기업 업종 지역별 사용 인원 비율을 알 수 있습니다. 본 상품은 협의 후 구매가 가능합니다.
4641,직장인 식권 취급음식점 POI,식신e식권에 가입되어 있는 전국 가맹점 POI 주소 데이터입니다. 본 상품은 협의 후 구매가 가능합니다.
4640,"202007 요일별 직장인 방문 음식점 업종 TOP 5",식신E식권을 이용하는 직장인들의 요일별 방문 음식점 업종 TOP 5 데이터입니다. 요일별로 가장 인기 있는 음식 업종을 살펴볼 수 있습니다.
4639,"202007 기업 업종별 점심식대 평균",식신E식권 도입 기업의 종목별 식대 소비 통계 데이터입니다. 종목이 각기 다른 기업의 행정구역별 식대를 비교할 수 있습니다.
4637,"202007 서울 직장인 점심식대 금액 평균",식신E식권을 이용하는 직장인들의 대도시별 점심 식대 소비 통계 데이터 입니다. 대도시별 직장인들의 점심 식대 사용 금액을 대략적으로 비교할 수 있습니다.
4636,"202007 전국 직장인 점심식대 금액 평균",식신E식권을 이용하는 직장인들의 대도시별 점심 식대 소비 통계 데이터 입니다. 대도시별 직장인들의 점심 식대 사용 금액을 대략적으로 비교할 수 있습니다.
4635,직장인 점심 식대 소비 통계,식신에 등록되어 있는 음식점의 사용자 조회 데이터로 인기 매장과 인기 음식 카테고리 정보를 볼 수 있습니다. 
4634,"202007 맛집별 조회 통계",식신에 등록되어 있는 음식점의 사용자 조회 데이터로 인기 매장과 인기 음식 카테고리 정보를 볼 수 있습니다. 
4615,"202007 음식 메뉴 및 가격정보",식신이 수집한 전국 음식점 POI의 메뉴판을 기반으로 한 메뉴별 가격 정보 데이터입니다.
4614,큐레이션 푸드 매거진 컨텐츠,대한민국 NO.1 맛집 서비스 식신이 주제별로 선정한 맛집을 소개하는 기획기사형 매거진 데이터입니다. 
4613,식신 사용자 음식점 평가 후기,"식신 사용자가 음식점을 직접 방문해보고 경험한 맛, 서비스 등 음식점에 대한 평가를 모은 리뷰 데이터입니다."
4610,전국 음식점 이미지,"대한민국 No.1 맛집 서비스 식신이 자체 촬영하거나, 식신 사용자가 업로드한 음식점 이미지 데이터입니다."
4609,전국 핫플레이스 권역 정보 (폴리곤),전국에서 인기 있는 지역(핫플레이스)을 권역별로 설정한 좌표 데이터입니다.
4608,"202007 전국 일반 맛집 정보",대한민국 NO.1 맛집 서비스 식신이 수집한 전국에 위치한 일반 음식점 POI 데이터입니다.
4607,"202007 전국 인기 맛집 정보",대한민국 NO.1 맛집 서비스 식신이 수집하고 관리하는 국내 인기 맛집 (핫플레이스) POI 데이터입니다. 
4606,"202007 전국 BEST 맛집 정보",대한민국 NO.1 맛집 서비스 식신이 엄선한 전국 Best 맛집의 상세한 정보가 담긴 POI 데이터입니다.
4518,"시군구별 업종별 가맹점 데이터(2019년 2월, 부산시 중구)","특정 시군구 지역에서 발생한 매출을 상세 업종별로 집계, 가공한 통계자료 / 개업가맹점, 폐업, 매출이 발생하는 가맹점 수 및 점당 평균매출액, 결제건당 평균매출액 추가 제공
※ 2019년 2월 부산 중구 데이터 무료제공"
4517,시군구별 요식세부업종 가맹점 데이터(2019년 2월 경기도 과천시),"특정 시군구 지역에서 발생한 매출을 요식업 세부업종별로 집계, 가공한 통계자료 / 개업가맹점, 폐업, 매출이 발생하는 가맹점 수 및 점당 평균매출액, 결제건당 평균매출액 추가 제공
※ 2019년 2월 경기도 과천시 데이터 무료 제공"
4516,코로나 19에 따른 카드소비동향(결제건수),"코로나 19에 따른 전국 일별 카드소비동향(결제건수) 
- 일별/업종별 카드이용건수(단위 : 천건)
- 기준기간 : 2019.1.1~.9.1 , 2020.1.1~6.30
※지역소비와 무관한 일부업종은 제외-보험, 통신요금, 자동이체, 온라인, 세금 등"
4507,상권별 방문 데이터(2020년2월~2020년8월),"전국 상권별 방문 데이터이며, 전국의 주요상권을 구분 및 지정하고(행안부 상권데이터를 참조하고 update함) 사용자의 방문 UV 데이터 자료를 제공함. 일별 남여 각 UV 데이터이며, 정해진 기간 6개월분 데이터를 제공함"
4506,지역 방문 데이터(2020년2월~2020년8월),"법정동을 기준으로 전국의 각 법정동별 사용자의 방문 UV 데이터 자료를 제공함. 일별 남여 각 UV 데이터이며, 정해진 기간 6개월분 데이터를 제공함 (OCB, Syrup 사용자의 방문정보를 기초로 함)"
4323,직장인 식권 취급음식점 POI,식신e식권에 가입되어 있는 전국 가맹점 POI 주소 데이터입니다. 본 상품은 협의 후 구매가 가능합니다.
4322,"202006 요일별 직장인 방문 음식점 업종 TOP5",식신E식권을 이용하는 직장인들의 요일별 방문 음식점 업종 TOP 5 데이터입니다. 요일별로 가장 인기 있는 음식 업종을 살펴볼 수 있습니다.
4321,"202006 기업 업종별 점심식대 평균",식신E식권 도입 기업의 종목별 식대 소비 통계 데이터입니다. 종목이 각기 다른 기업의 행정구역별 식대를 비교할 수 있습니다.
4320,"202006 요일별 직장인 점심식대 평균",식신E식권을 이용하는 직장인들의 요일별 점심 식대 소비 통계 데이터입니다. 직장인들이 요일별로 어떤 음식점 업종을 주로 이용하는지 살펴볼 수 있습니다.
4319,"202006 서울 직장인 점심식대 금액 평균",식신E식권을 이용하는 직장인들의 서울특별시 구단위 별 점심 식대 소비 통계 데이터입니다. 
4317,직장인 점심 식대 소비 통계,"식신E식권을 이용하는 직장인들의 점심 식대 소비 통계 데이터입니다. 구별, 음식 카테고리별, 삼식별(조식, 점심, 저녁 등) 평균 이용 횟수를 확인할 수 있습니다. "
4316,"202006 맛집별 조회 통계",식신에 등록되어 있는 음식점의 사용자 조회 데이터로 인기 매장과 인기 음식 카테고리 정보를 볼 수 있습니다. 
4315,"202006 음식 메뉴 및 가격정보",식신이 수집한 전국 음식점 POI의 메뉴판을 기반으로 한 메뉴별 가격 정보 데이터입니다. 
4314,큐레이션 푸드 매거진 컨텐츠,대한민국 NO.1 맛집 서비스 식신이 주제별로 선정한 맛집을 소개하는 기획기사형 매거진 데이터입니다. 
4313,식신 사용자 음식점 평가 후기,"식신 사용자가 음식점을 직접 방문해보고 경험한 맛, 서비스 등 음식점에 대한 평가를 모은 리뷰 데이터입니다.
"
4312,전국 음식점 이미지,"대한민국 No.1 맛집 서비스 식신이 자체 촬영하거나, 식신 사용자가 업로드한 음식점 이미지 데이터입니다. "
4311,"202006 전국 일반 맛집 정보",대한민국 NO.1 맛집 서비스 식신이 수집한 전국에 위치한 일반 음식점 POI 데이터입니다.
4310,"202006 전국 인기 맛집 정보",대한민국 NO.1 맛집 서비스 식신이 수집하고 관리하는 국내 인기 맛집 (핫플레이스) POI 데이터입니다. 
4309,"202006 전국 BEST 맛집 정보",대한민국 NO.1 맛집 서비스 식신이 엄선한 전국 Best 맛집의 상세한 정보가 담긴 POI 데이터입니다.
4206,K-Atlas 2.0 신용융합정보 시각화 웹서비스,K-Atlas 2.0은 지도 기반 데이터 융복합 시각화 웹서비스입니다. (※ 5영업일 시범서비스 이용 가능함)
4047,직장인 식권 취급음식점 POI,식신e식권에 가입되어 있는 전국 가맹점 POI 주소 데이터입니다. 본 상품은 협의 후 구매가 가능합니다.
4045,"202005 봄 계절별 직장인 방문 음식점 업종 TOP 5","식신E식권을 이용하는 직장인들의 계절별 방문 음식점 업종 TOP 5입니다. 봄, 여름, 가을, 겨울별 인기가 많은 음식점 업종을 살펴볼 수 있습니다."
4044,"202005 요일별 직장인 방문 음식점 업종 TOP 5","식신E식권을 이용하는 직장인들의 요일별 방문 음식점 업종 TOP 5 데이터입니다. 요일별로 가장 인기 있는 음식 업종을 살펴볼 수 있습니다.
"
4043,"202005 기업 업종별 점심식대 평균",식신E식권 도입 기업의 종목별 식대 소비 통계 데이터입니다. 종목이 각기 다른 기업의 행정구역별 식대를 비교할 수 있습니다.
4042,"202005 요일별 직장인 점심식대 평균",식신E식권을 이용하는 직장인들의 요일별 점심 식대 소비 통계 데이터입니다. 직장인들이 요일별로 어떤 음식점 업종을 주로 이용하는지 살펴볼 수 있습니다.
4041,"202005 서울 직장인 점심식대 금액 평균",식신E식권을 이용하는 직장인들의 서울특별시 구단위 별 점심 식대 소비 통계 데이터입니다. 포함되지 않은 구가 있을 수 있습니다.
4040,"202005 전국 직장인 점심식대 금액 평균",식신E식권을 이용하는 직장인들의 대도시별 점심 식대 소비 통계 데이터 입니다. 대도시별 직장인들의 점심 식대 사용 금액을 대략적으로 비교할 수 있습니다.
4038,"202005 맛집별 조회 통계",식신에 등록되어 있는 음식점의 사용자 조회 데이터로 인기 매장과 인기 음식 카테고리 정보를 볼 수 있습니다. 
4037,"202005 음식 메뉴 및 가격정보",식신이 수집한 전국 음식점 POI의 메뉴판을 기반으로 한 메뉴별 가격 정보 데이터입니다. 
4036,큐레이션 푸드 매거진 컨텐츠,대한민국 NO.1 맛집 서비스 식신이 주제별로 선정한 맛집을 소개하는 기획기사형 매거진 데이터입니다. 
4034,전국 음식점 이미지,"대한민국 No.1 맛집 서비스 식신이 자체 촬영하거나, 식신 사용자가 업로드한 음식점 이미지 데이터입니다. "
4033,"202005 전국 일반 맛집",대한민국 NO.1 맛집 서비스 식신이 수집한 전국에 위치한 일반 음식점 POI 데이터입니다.
4032,"202005 전국 인기 맛집 정보",대한민국 NO.1 맛집 서비스 식신이 수집하고 관리하는 국내 인기 맛집 (핫플레이스) POI 데이터입니다. 
4031,"202005 전국 BEST 맛집 정보",대한민국 NO.1 맛집 서비스 식신이 엄선한 전국 Best 맛집의 상세한 정보가 담긴 POI 데이터입니다.
3808,"202004 요일별 직장인 방문 음식점 업종 TOP 5",식신E식권을 이용하는 직장인들의 요일별 방문 음식점 업종 TOP 5 데이터입니다. 해당 업종 이용 비율 또한 살펴볼 수 있습니다.
3807,"202004 기업 업종별 점심 식대 평균",식신E식권 도입 기업의 종목별 식대 소비 통계 데이터입니다. 종목이 각기 다른 기업의 행정구역별 식대를 비교할 수 있습니다.
3806,"202004 요일별 직장인 점심식대 평균",식신E식권을 이용하는 직장인들의 요일별 점심 식대 소비 통계 데이터입니다. 직장인들이 요일별로 어떤 음식점 업종을 주로 이용하는지 살펴볼 수 있습니다.
3805,"202004 서울 직장인 점심식대 금액 평균",식신E식권을 이용하는 직장인들의 서울특별시 구 단위 별 점심 식대 소비 통계 데이터입니다. 포함되지 않은 구 단위가 있을 수 있습니다.
3804,"202004 전국 직장인 점심식대 금액 평균",식신E식권을 이용하는 직장인들의 대도시별 점심 식대 소비 통계 데이터입니다. 음식점 업종별 가격대를 비교할 수 있습니다.
3803,직장인 점심 식대 소비 통계,"식신E식권을 이용하는 직장인들의 점심 식대 소비 통계 데이터입니다. 구별, 음식 카테고리별, 삼식별(조식, 점심, 저녁 등) 평균 이용 횟수를 확인할 수 있습니다."
3802,"202004 맛집별 조회 통계",식신에 등록되어 있는 음식점의 사용자 조회 데이터로 인기 매장과 인기 음식 카테고리 정보를 볼 수 있습니다. 
3801,"202004 음식 메뉴 및 가격 정보",식신이 수집한 전국 음식점 POI의 메뉴판을 기반으로 한 메뉴별 가격 정보 데이터입니다. 
3795,큐레이션 푸드 매거진 컨텐츠,대한민국 NO.1 맛집 서비스 식신이 주제별로 선정한 맛집을 소개하는 기획기사형 매거진 데이터입니다. 
3794,식신 사용자 음식점 평가 후기,"식신 사용자가 음식점을 직접 방문해보고 경험한 맛, 서비스 등 음식점에 대한 평가를 모은 리뷰 데이터입니다."
3793,전국 음식점 이미지,"대한민국 No.1 맛집 서비스 식신이 자체 촬영하거나, 식신 사용자가 업로드한 음식점 이미지 데이터입니다. "
3792,전국 핫플레이스 권역 정보 (폴리곤),대한민국 전국 인기 지역(핫플레이스)을 식신에서 권역별로 설정한 좌표 폴리곤 데이터입니다.
3791,"202004 전국 일반 맛집 정보",대한민국 NO.1 맛집 서비스 식신이 수집한 전국에 위치한 일반 음식점 POI 데이터입니다.
3790,"202004 전국 인기 맛집 정보",대한민국 NO.1 맛집 서비스 식신이 수집하고 관리하는 국내 인기 맛집 (핫플레이스) POI 데이터입니다. 
3789,"202004 전국 BEST 맛집 정보",대한민국 NO.1 맛집 서비스 식신이 엄선한 전국 Best 맛집의 상세한 정보가 담긴 POI 데이터입니다.
3683,직장인 식권 취급음식점 POI,식신e식권에 가입되어 있는 전국 가맹점 POI 주소 데이터입니다.
3682,"202003 요일별 직장인 방문 음식점 업종 Top 5",식신E식권을 이용하는 직장인들의 요일별 방문 음식점 업종 TOP 5 데이터입니다.
3681,"202003 기업 업종별 점심식대 평균",식신E식권 도입 기업의 업종별 식대 소비 통계 데이터입니다.
3680,"202003 요일별 직장인 점심식대 평균",식신E식권을 이용하는 직장인들의 요일 별 점심 식대 소비 통계 데이터입니다. 구단위 데이터이며 식권 가입 기업이 위치한 지역에 따라 일부 없는 지역이 있을 수 있습니다.
3679,"202003 서울 직장인 점심식대 금액 평균",식신E식권을 이용하는 직장인들의 서울 구단위 별 점심 식대 소비 통계 데이터입니다.
3678,"202003 전국 직장인 점심식대 금액 평균",식신E식권을 이용하는 직장인들의 대도시별 점심 식대 소비 통계 데이터 입니다.
3676,"202003 맛집별 조회 통계",식신에 등록되어 있는 음식점의 사용자 조회 데이터로 인기 매장과 인기 음식 카테고리 정보를 볼 수 있습니다.
3675,"202003 음식 메뉴 및 가격 정보",식신이 수집한 음식점 POI의 메뉴판을 기반으로 한 메뉴별 가격 정보 데이터입니다.
3674,큐레이션 푸드 매거진 컨텐츠,대한민국 NO.1 맛집 서비스 식신이 주제별로 선정한 맛집을 소개하는 기획기사형 매거진 데이터입니다. 
3673,식신 사용자 음식점 평가 후기,식신 사용자가 특정 음식점에 대해 평가한 리뷰 데이터입니다. 
3672,전국 음식점 이미지,"대한민국 No.1 맛집 서비스 식신이 자체 촬영하거나, 식신 사용자가 업로드한 음식점 이미지 데이터입니다."
3671,"202003 전국 일반 맛집 정보",대한민국 NO.1 맛집 서비스 식신이 수집한 전국 일반 음식점 POI 데이터입니다.
3670,"202003 전국 인기 맛집 정보",대한민국 NO.1 맛집 서비스 식신이 수집하고 관리하는 국내 인기 맛집 (핫플레이스) POI 데이터입니다. 
3669,"202003 전국 BEST 맛집 정보",대한민국 NO.1 맛집 서비스 식신이 엄선한 전국 Best 맛집의 상세한 정보가 담긴 POI 데이터입니다.
3595,데이블 2019년 미디어 리포트,"데이블이 수집중인 국내 1,800개 미디어 중
로그수집 범위의 변동이 없었던 고정 미디어 765개를 대상으로,
2018년 대비 2019년에 어떠한 미디어 트래픽 변화가 있었는지를 분석한 리포트입니다.

주요 시사점
- 2018년 대비 2019년에 전체 미디어 트래픽은 1.7% 감소 했으나, 경제지&#x2F;인터넷신문 카테고리만 소폭 상승함
- 전체 콘텐츠의 67% Mobile에서 소비됨
- 종합일간지&#x2F;방송사 콘텐츠 주 소비계층 고연령대 
- 매거진에서 가장 오래 체류하고, 스포츠 미디어에서 가장 적게 체류함
- 경제지와 종합일간지의 정보성 미디어들은 주말에 트래픽 감소가 크지만, 연예&#x2F;스포츠지 등 가십성 미디어들은 주말에 트래픽 차이가 크지 않음
"
3415,"코로나바이러스감염증-19(COVID-19)  - 질병관리본부, CSV 데이터 2020.06.28","코로나바이러스감염증-19(COVID-19)  - 질병관리본부, CSV 데이터

질병관리본부 발생동향을 발표 일정에 따라 실시간으로 CSV 데이터 파일로 제공합니다.
(APP 개발 &#x2F; 통계 활용)"
3363,코로나19 여파 유동인구 지도(3월1주) Update,KDX한국데이터거래소가 로플렛이 전국 상권에서 수집한 와이파이 기반 위치 데이터 20억건을 분석
3359,직장인 식권 취급음식점 POI,식신e식권에 가입되어 있는 전국 가맹점 POI 주소 데이터입니다. 
3358,"202002 요일별 직장인 방문 음식점 업종 top 5",식신E식권을 이용하는 직장인들의 요일별 방문 음식점 업종 TOP 5 데이터입니다.
3357,"202002 기업 업종별 점심식대 평균",식신E식권 도입 기업의 업종별 식대 소비 통계 데이터입니다.
3356,"202002 요일별 직장인 점심식대 평균",식신E식권을 이용하는 직장인들의 요일 별 점심 식대 소비 통계 데이터입니다.
3355,"202002 서울 직장인 점심식대 금액 평균",식신E식권을 이용하는 직장인들의 서울 구단위 별 점심 식대 소비 통계 데이터입니다.
3354,"202002 전국 직장인 점심식대 금액 평균",식신E식권을 이용하는 직장인들의 대도시별 점심 식대 소비 통계 데이터 입니다. 
3353,직장인 점심 식대 소비 통계,"식신E식권을 이용하는 직장인들의 점심 식대 소비 통계 데이터입니다. 구별, 음식 카테고리별, 삼식별(조식, 점심, 저녁 등) 평균 식대 사용 금액을 확인할 수 있습니다. "
3352,"202002 맛집별 조회 통계",식신에 등록되어 있는 음식점의 사용자 조회 데이터로 인기 매장과 인기 음식 카테고리 정보를 볼 수 있습니다. 
3351,"202002 음식 메뉴 및 가격 정보",식신이 수집한 음식점 POI의 메뉴판을 기반으로 한 메뉴별 가격 정보 데이터입니다.
3349,식신 사용자 음식점 평가 후기,식신 사용자가 특정 음식점에 대해 평가한 리뷰 데이터입니다.
3346,"202002 전국 일반 맛집 정보",대한민국 NO.1 맛집 서비스 식신이 수집한 전국 일반 음식점 POI 데이터입니다.
3345,"202002 전국 인기 맛집 정보",대한민국 NO.1 맛집 서비스 식신이 수집하고 관리하는 국내 인기 맛집 (핫플레이스) POI 데이터입니다.
3344,"202002 전국 BEST 맛집 정보",대한민국 NO.1 맛집 서비스 식신이 엄선한 전국 Best 맛집의 상세한 정보가 담긴 POI 데이터입니다.
3341,"2019 4Q 직장인 식권 취급기업 정보",식신E식권을 이용하는 기업의 정보 데이터입니다.
3340,"2019년 겨울 계절별 직장인 방문 음식점 업종 TOP 5",식신E식권을 이용하는 직장인들의 계절별 방문 음식점 업종 TOP 5입니다.
3331,"202001 요일별 직장인 방문 음식점 업종 top 5",식신E식권을 이용하는 직장인들의 요일별 방문 음식점 업종 TOP 5 데이터입니다.
3330,"202001 기업 업종별 점심식대 평균",식신E식권 도입 기업의 업종별 식대 소비 통계 데이터입니다.
3329,"202001 요일별 직장인 점심식대 평균",식신E식권을 이용하는 직장인들의 요일 별 점심 식대 소비 통계 데이터입니다.
3328,"202001 서울 직장인 점심식대 금액 평균",식신E식권을 이용하는 직장인들의 서울 구단위 별 점심 식대 소비 통계 데이터입니다.
3327,"202001 전국 직장인 점심식대 금액 평균",식신E식권을 이용하는 직장인들의 대도시별 점심 식대 소비 통계 데이터 입니다.
3325,직장인 점심 식대 소비 통계,"식신E식권을 이용하는 직장인들의 점심 식대 소비 통계 데이터입니다. 구별, 음식 카테고리별, 삼식별(조식, 점심, 저녁 등) 평균 식대 사용 금액을 확인할 수 있습니다."
3324,"202001 맛집별 조회 통계",식신에 등록되어 있는 음식점의 사용자 조회 데이터로 인기 매장과 인기 음식 카테고리 정보를 볼 수 있습니다.
3323,큐레이션 푸드 매거진 컨텐츠,대한민국 NO.1 맛집 서비스 식신이 주제별로 선정한 맛집을 소개하는 기획기사형 매거진 데이터입니다.
3322,식신 사용자 음식점 평가 후기,식신 사용자가 특정 음식점에 대해 평가한 리뷰 데이터입니다.
3319,전국 음식점 이미지,"대한민국 No.1 맛집 서비스 식신이 자체 촬영하거나, 식신 사용자가 업로드한 음식점 이미지 데이터입니다."
3318,전국 핫플레이스 권역 정보 (폴리곤),전국 인기 지역(핫플레이스)을 권역별로 설정한 좌표 데이터입니다.
3316,"202001 전국 일반 맛집 정보",대한민국 NO.1 맛집 서비스 식신이 수집한 전국 일반 음식점 POI 데이터입니다.
3314,"202001 전국 BEST 맛집 정보",대한민국 NO.1 맛집 서비스 식신이 엄선한 전국 Best 맛집의 상세한 정보가 담긴 POI 데이터입니다.
3312,코로나 미디어 유입량 데이터(2002.02.02-2002.03.02),"국내 1,800개 미디어로 코로나와 관련된 유입 키워드를 가지고 방문한 방문자들 통계입니다.
- 일별: 기사수, 유입량, 기사당유입량
- 연관키워드: 전체연관키워드유입량, 지역별연관키워드유입량

본 데이터를 활용해 기사를 작성하는 경우 출처(KDX한국데이터거래소, 데이블)를 꼭 밝혀주세요. 관련기사: https:&#x2F;&#x2F;www.mk.co.kr&#x2F;news&#x2F;it&#x2F;view&#x2F;2020&#x2F;03&#x2F;227616&#x2F;"
3303,신중년의 소비행태,제2의 인생을 사는 신중년 (Active 50~60대) 소비자의 업종(대/중/소)별 이용건수 및 매출금액의 소비 트렌드를 분석할 수 있습니다. 
3302,반려동물 보유자의 소비행태,반려동물을 보유하고 있는 소비자의 업종(대/중/소)별 이용건수 및 매출금액의 소비 트렌드를 분석할 수 있습니다. 
3301,영유아자녀 보유자의 소비행태,영유아 자녀가 있는 소비자의 업종(대/중/소)별 이용건수 및 매출금액의 소비 트렌드를 분석할 수 있습니다. 
3300,지역/일별 소비행태,지역(시군구) 단위의 일별로 업종(대/중/소)별 이용건수 및 매출금액의 소비 트렌드를 분석할 수 있습니다. 
3299,고객유형별 소비행태,연령대 및 성별로 구분된 12개의 소비자 유형별로 업종(대/중/소)별 이용건수 및 매출금액의 소비 트렌드를 분석할 수 있습니다. 
3298,일별/시간대별 소비행태,일별/시간대별로 업종(대/중/소)별 이용건수 및 매출금액의 소비 트렌드를 분석할 수 있습니다. 
3297,지역별/일별 소비회원수,지역(시군구) 단위의 일별로 업종(대/중/소)별 소비인구 규모를 분석할 수 있습니다.
3296,지역/시간/고객유형별 소비행태,지역(시군구)&times;요일&times;시간대별&times;연령(구간)&times;성별의 조합으로 구성된 50~60만개의 세분 단위별로 업종(대/중/소)별 이용건수 및 매출금액의 소비 트렌드를 분석할 수 있습니다. 
3181,직장인 식권 취급음식점 POI,"식신e식권에 가입되어 있는 전국 가맹점 POI 주소 데이터입니다. 
"
3180,"201912 요일별 직장인 방문 음식점 업종 top 5",식신E식권을 이용하는 직장인들의 요일별 방문 음식점 업종 TOP 5 데이터입니다.
3179,"201912 기업 업종별 점심식대 평균",식신E식권 도입 기업의 업종별 식대 소비 통계 데이터입니다.
3178,"201912 요일별 직장인 점심식대 평균",식신E식권을 이용하는 직장인들의 요일 별 점심 식대 소비 통계 데이터입니다.
3177,"201912 서울 직장인 점심식대 금액 평균",식신E식권을 이용하는 직장인들의 서울 구단위 별 점심 식대 소비 통계 데이터입니다.
3176,"201912 전국 직장인 점심식대 금액 평균",식신E식권을 이용하는 직장인들의 대도시별 점심 식대 소비 통계 데이터 입니다.
3175,직장인 점심 식대 소비 통계,"식신E식권을 이용하는 직장인들의 점심 식대 소비 통계 데이터입니다. 구별, 음식 카테고리별, 삼식별(조식, 점심, 저녁 등) 평균 식대 사용 금액을 확인할 수 있습니다."
3174,"201912 맛집별 조회 통계",식신에 등록되어 있는 음식점의 사용자 조회 데이터로 인기 매장과 인기 음식 카테고리 정보를 볼 수 있습니다. 
3173,"201912 음식 메뉴 및 가격정보",식신이 수집한 음식점 POI의 메뉴판을 기반으로 한 메뉴별 가격 정보 데이터입니다. 
3172,큐레이션 푸드 매거진 컨텐츠,대한민국 NO.1 맛집 서비스 식신이 주제별로 선정한 맛집을 소개하는 기획기사형 매거진 데이터입니다.
3171,"201912 식신 사용자 음식점 평가 후기",식신 사용자가 특정 음식점에 대해 평가한 리뷰 데이터입니다. 
3170,전국 음식점 이미지,"대한민국 No.1 맛집 서비스 식신이 자체 촬영하거나, 식신 사용자가 업로드한 음식점 이미지 데이터입니다."
3169,"201912 전국 일반 맛집 정보",대한민국 NO.1 맛집 서비스 식신이 수집한 전국 일반 음식점 POI 데이터입니다.
3168,"201912 전국 인기 맛집 정보",대한민국 NO.1 맛집 서비스 식신이 수집하고 관리하는 국내 인기 맛집 (핫플레이스) POI 데이터입니다.
3167,"201912 전국 BEST 맛집 정보",대한민국 NO.1 맛집 서비스 식신이 엄선한 전국 Best 맛집의 상세한 정보가 담긴 POI 데이터입니다.
2111,"201911 요일별 직장인 방문 음식점 업종 top 5",식신E식권을 이용하는 직장인들의 요일별 방문 음식점 업종 TOP 5 데이터입니다.
2110,"201911 기업 업종별 점심식대 평균",식신E식권 도입 기업의 업종별 식대 소비 통계 데이터입니다.
2107,"201911 전국 직장인 점심식대 금액 평균",식신E식권을 이용하는 직장인들의 대도시별 점심 식대 소비 통계 데이터 입니다.
2105,"201911 맛집별 조회 통계",식신에 등록되어 있는 음식점의 사용자 조회 데이터로 인기 매장과 인기 음식 카테고리 정보를 볼 수 있습니다. 
2104,"201911 음식 메뉴 및 가격정보",식신이 수집한 음식점 POI의 메뉴판을 기반으로 한 메뉴별 가격 정보 데이터입니다. 
2103,큐레이션 푸드 매거진 컨텐츠,대한민국 NO.1 맛집 서비스 식신이 주제별로 선정한 맛집을 소개하는 기획기사형 매거진 데이터입니다.
2102,"201911 식신 사용자 음식점 평가 후기",식신 사용자가 특정 음식점에 대해 평가한 리뷰 데이터입니다. 
2101,전국 음식점 이미지,"대한민국 No.1 맛집 서비스 식신이 자체 촬영하거나, 식신 사용자가 업로드한 음식점 이미지 데이터입니다. "
2100,"201911 전국 일반 맛집 정보",대한민국 NO.1 맛집 서비스 식신이 수집한 전국 일반 음식점 POI 데이터입니다.
2099,"201911 전국 인기 맛집 정보",대한민국 NO.1 맛집 서비스 식신이 수집하고 관리하는 국내 인기 맛집 (핫플레이스) POI 데이터입니다. 
2098,"201911 전국 BEST 맛집 정보","대한민국 NO.1 맛집 서비스 식신이 엄선한 전국 Best 맛집의 상세한 정보가 담긴 POI 데이터입니다.
"
418,전국 법정동 행정동 맵핑데이터,법정동과 행정동 관련 데이터셋으로 법정동코드와 행정동코드간의 맵핑을 위한 데이터셋입니다.
417,전국 주소 표준화 데이터셋,"새주소(도로명주소)와 구주소간의 맵핑을 위한 데이터셋으로서, 표준화된 주소체계로 변환을 위한 기반 데이터로 활용할 수 있습니다."
364,Syrup App 연령대 정보,"Syrup App 연령대 정보를 제공하는 것으로, 전국 최대의 멤버쉽 관리서비스 사용자의 일별 연령대 데이터를 6개월 기간으로 제공함  "
